expiration,T,strike,mid_price,bid,ask,volume,open_interest,type,spot,implied_vol,bs_price,delta,gamma,vega,theta,rho
2026-09-28,0.008213552361396304,250.0,87.6,86.4,88.8,0,1,call,337.1700134277344,1.6282819910777642,87.6000000000709,0.9822478899021874,0.0008775044452306316,1.3341598328011275,-143.4982032564371,2.0006943263048322
2026-09-28,0.008213552361396304,265.0,72.65,71.55,73.75,4,5,call,337.1700134277344,1.3776100873798802,72.64999999999995,0.9769244431859255,0.0012960516414124285,1.667160980514695,-151.77172972971857,2.1087443747587717
2026-09-28,0.008213552361396304,270.0,67.6,66.4,68.8,1,3,call,337.1700134277344,1.2549316631979426,67.60000000000007,0.9779409292165459,0.0013696243473081732,1.6049091807250568,-134.84972887525714,2.1530378335562523
2026-09-28,0.008213552361396304,280.0,57.599999999999994,56.4,58.8,2,3,call,337.1700134277344,1.0754849417278511,57.599999999995575,0.9749028949325905,0.001781727924530403,1.7892648785065701,-129.86861758458437,2.2267599357302914
2026-09-28,0.008213552361396304,290.0,47.599999999999994,46.4,48.8,2,12,call,337.1700134277344,0.8996140856969315,47.599999999999966,0.9708516138113562,0.0024138688262716427,2.027677254357586,-124.23335077782617,2.2976759890358323
2026-09-28,0.008213552361396304,300.0,37.425,36.45,38.4,2,11,call,337.1700134277344,0.6332572981837921,37.42500000000017,0.980771088305987,0.002415582440108965,1.4283379790983801,-68.95120108922909,2.4087195155126335
2026-09-28,0.008213552361396304,302.5,35.175,34.05,36.3,3,11,call,337.1700134277344,0.7116622878201229,35.17499999998437,0.9573083592402751,0.00417416728868513,2.773784515322962,-133.79607542281715,2.3622231814336065
2026-09-28,0.008213552361396304,305.0,32.625,31.45,33.8,2,14,call,337.1700134277344,0.6493454464370917,32.62499999999979,0.9590364797006745,0.004424057058806656,2.6824117051717935,-119.82487037275796,2.387953533785328
2026-09-28,0.008213552361396304,307.5,30.125,28.95,31.3,1,14,call,337.1700134277344,0.6057291176083235,30.12499999999992,0.9565637297697117,0.004973227373965871,2.812844232968444,-117.60469932996816,2.4016394711370634
2026-09-28,0.008213552361396304,310.0,27.325,26.45,28.2,1,9,call,337.1700134277344,0.3924882753175643,27.32499999996891,0.9915530993280116,0.0019088357286898704,0.6995586961339362,-31.313592327712676,2.521535702790705
2026-09-28,0.008213552361396304,312.5,24.925,24.1,25.75,7,27,call,337.1700134277344,0.4375161495619695,24.924999999999944,0.9741347143587589,0.004491960255078073,1.835096512374027,-63.32011313185315,2.4930103878502257
2026-09-28,0.008213552361396304,315.0,22.6,21.45,23.75,1,15,call,337.1700134277344,0.4665054386147764,22.600000000036612,0.9493735082443032,0.007302357503898159,3.1808904980845245,-104.499591266126,2.443534115175609
2026-09-28,0.008213552361396304,317.5,20.0,19.0,21.0,5,1,call,337.1700134277344,0.3900870655165663,19.999999999989246,0.9580641986389848,0.007505842453388631,2.7339458673611805,-79.36724744494704,2.48895703260574
2026-09-28,0.008213552361396304,320.0,17.5,16.65,18.35,22,259,call,337.1700134277344,0.3482491297775058,17.50000000000121,0.953898446658667,0.009075571441356324,2.951161226044724,-77.07417734018694,2.49795443177492
2026-09-28,0.008213552361396304,322.5,15.475000000000001,14.65,16.3,4,27,call,337.1700134277344,0.41038160068574503,15.474999999997847,0.889723647255059,0.015017522713739424,5.754599387593486,-157.34054191005117,2.336863524369307
2026-09-28,0.008213552361396304,325.0,13.1,12.45,13.75,5,57,call,337.1700134277344,0.37807925534760173,13.099999999843092,0.864629442461754,0.018824340968846543,6.645559430252798,-166.25037108095685,2.2868757349076057
2026-09-28,0.008213552361396304,327.5,10.925,10.2,11.65,11,47,call,337.1700134277344,0.36569095097522863,10.924999999999253,0.8176259585467455,0.02367182188578394,8.08304161652744,-192.59368367005575,2.174570475745964
2026-09-28,0.008213552361396304,330.0,8.2,7.9,8.5,97,358,call,337.1700134277344,0.27885178961402224,8.199999999999973,0.8102035619709568,0.031821122726372414,8.285483392900861,-153.32479605530605,2.176397091326043
2026-09-28,0.008213552361396304,332.5,6.074999999999999,5.85,6.3,75,396,call,337.1700134277344,0.2562416966751268,6.0749999999889965,0.73535402837754,0.04179906584122913,10.001042982575092,-167.58251476299952,1.9865653192788888
2026-09-28,0.008213552361396304,335.0,4.15,4.05,4.25,1412,834,call,337.1700134277344,0.23480429112147333,4.14999999999994,0.6302507640036421,0.052608063651696825,11.534194300117322,-174.84657211551595,1.7113072571823236
2026-09-28,0.008213552361396304,337.5,2.645,2.6,2.69,5296,1167,call,337.1700134277344,0.22490361863190445,2.6449999999127116,0.4926162321264585,0.05803731892638718,12.188007181058277,-174.6984964268067,1.3425085963111718
2026-09-28,0.008213552361396304,340.0,1.595,1.56,1.63,6832,2033,call,337.1700134277344,0.22339947278861141,1.5949999999804452,0.350758569823775,0.05430046020832855,11.326991400373858,-159.63297088768843,0.9582773856048843
2026-09-28,0.008213552361396304,342.5,0.865,0.83,0.9,3222,2106,call,337.1700134277344,0.22023183952607095,0.8650000000000085,0.2247900696019753,0.04454125939597284,9.159494693241696,-126.3899963427921,0.6154207046087832
2026-09-28,0.008213552361396304,345.0,0.435,0.41,0.46,3866,1554,call,337.1700134277344,0.21952905009261622,0.43500000000954797,0.13047689185922148,0.031614864035884656,6.480555483300109,-88.69365175318657,0.3577650544572748
2026-09-28,0.008213552361396304,347.5,0.21500000000000002,0.2,0.23,2000,2949,call,337.1700134277344,0.22296036838586886,0.21499999999903718,0.07161764098867396,0.020056222421274007,4.175473455334886,-57.8201768562696,0.196569371448171
2026-09-28,0.008213552361396304,350.0,0.11,0.1,0.12,1535,6481,call,337.1700134277344,0.23022275665764827,0.10999999999987065,0.039153840525948946,0.012038075455963838,2.5878209687777622,-36.89566204255369,0.10752772842613309
2026-09-28,0.008213552361396304,352.5,0.07,0.05,0.09,288,660,call,337.1700134277344,0.24631896227504074,0.07000000000067946,0.024825273406129215,0.0077193106562940235,1.7754370636092847,-27.020153456628513,0.06817525887220605
2026-09-28,0.008213552361396304,355.0,0.04,0.03,0.05,166,1826,call,337.1700134277344,0.25710881480086456,0.03999999995275881,0.014520855138945042,0.004687478838933007,1.125343749645255,-17.846204538158794,0.03988498498749508
2026-09-28,0.008213552361396304,357.5,0.025,0.01,0.04,26,2313,call,337.1700134277344,0.2702812398915798,0.025000000000349857,0.009091861445936112,0.0029692829583610287,0.7493701762374013,-12.475484281296636,0.024973330971737415
2026-09-28,0.008213552361396304,360.0,0.02,0.01,0.03,233,2225,call,337.1700134277344,0.2905992930352681,0.019999999996936402,0.006955692499883346,0.002182219427878797,0.592136575742567,-10.586545423783827,0.019098570296410045
2026-09-28,0.008213552361396304,362.5,0.015,0.0,0.03,4,70,call,337.1700134277344,0.30761552425864264,0.015000000000057934,0.005081636745033086,0.0015606280603015633,0.4482668020479027,-8.475733763506156,0.013949696341335657
2026-09-28,0.008213552361396304,365.0,0.015,0.0,0.03,3,185,call,337.1700134277344,0.33354090744892045,0.015000000000004688,0.004721922815960215,0.0013481703471342093,0.4198776841864317,-8.600948971296152,0.012953517694143955
2026-09-28,0.008213552361396304,375.0,0.015,0.0,0.03,3,156,call,337.1700134277344,0.43359752184272293,0.014999999988628063,0.003720847053971247,0.0008380145423945731,0.33928703395087434,-9.014989578298977,0.010181174958204545
2026-09-28,0.008213552361396304,250.0,0.04,0.0,0.08,7,1,put,337.1700134277344,1.2443748150768759,0.0399999999674566,-0.00334099365477686,0.0002650903116445833,0.3080165024485954,-23.276464499476983,-0.009580968175856639
2026-09-28,0.008213552361396304,255.0,0.04,0.0,0.08,7,2,put,337.1700134277344,1.1692323527158683,0.040000000000000875,-0.0035438681559636456,0.0002974715128222081,0.3247694145959027,-23.05664441492656,-0.01014280142696003
2026-09-28,0.008213552361396304,265.0,0.26,0.0,0.52,0,1,put,337.1700134277344,1.2981149234661056,0.2599999999999984,-0.017451117792756803,0.001086888871913915,1.3174289466028102,-103.81064128186313,-0.0504640133101666
2026-09-28,0.008213552361396304,270.0,0.26,0.0,0.52,0,1,put,337.1700134277344,1.2106487899488967,0.25999999999999707,-0.018611095360346067,0.0012311437143806645,1.3917327304420906,-102.25327490822364,-0.05367641291624415
2026-09-28,0.008213552361396304,275.0,0.255,0.0,0.51,0,2,put,337.1700134277344,1.1207547810704224,0.2549999999999765,-0.019637556971177354,0.0013920002558074325,1.456729220691476,-99.05539866117313,-0.05647799053519296
2026-09-28,0.008213552361396304,280.0,0.03,0.0,0.06,2,1,put,337.1700134277344,0.7842405661943492,0.030000000007028932,-0.0039628582789937505,0.0004902489973062422,0.35900040113027576,-17.073184978900844,-0.011221001882115481
2026-09-28,0.008213552361396304,285.0,0.25,0.0,0.5,2,32,put,337.1700134277344,0.9476581172382526,0.2500000000099288,-0.022492364951593728,0.0018466319768115594,1.634033497117238,-93.88797836424857,-0.0643429239651769
2026-09-28,0.008213552361396304,290.0,0.04,0.01,0.07,3,18,put,337.1700134277344,0.6711389621833576,0.04000000000000258,-0.00595775724368106,0.0008238969797295609,0.5163144495807527,-20.995787231671425,-0.016827737904321374
2026-09-28,0.008213552361396304,295.0,0.05,0.0,0.1,1,35,put,337.1700134277344,0.6193610094821999,0.05000000000002964,-0.007858375690792913,0.0011401175481590856,0.6593597136593741,-24.730404642883943,-0.022173376896795546
2026-09-28,0.008213552361396304,297.5,0.025,0.0,0.05,2,7,put,337.1700134277344,0.5393447114348582,0.024999999994920086,-0.0047524475122409605,0.000838539097480768,0.4222976433913924,-13.786894163418262,-0.013366593770117514
2026-09-28,0.008213552361396304,300.0,0.02,0.01,0.03,8,64,put,337.1700134277344,0.4948360336085751,0.0199999999986318,-0.004197137286268308,0.000817958143119578,0.37793865575676394,-11.315713234825754,-0.011787670104047325
2026-09-28,0.008213552361396304,302.5,0.015,0.0,0.03,36,8,put,337.1700134277344,0.4493642111377295,0.015000000000379852,-0.0035257936515344698,0.0007704665716796171,0.3232817572027504,-8.785530442507605,-0.009887407743997352
2026-09-28,0.008213552361396304,305.0,0.015,0.0,0.03,8,30,put,337.1700134277344,0.418626598558154,0.01499999999988587,-0.003765450489643398,0.0008773086741888576,0.3429321157362063,-8.677510095200166,-0.010551104658352519
2026-09-28,0.008213552361396304,307.5,0.025,0.01,0.04,9,12,put,337.1700134277344,0.4104627677030797,0.02499999999903265,-0.0061162020206489455,0.0013788436924145264,0.5284668168350298,-13.104447998846707,-0.017143325810496705
2026-09-28,0.008213552361396304,310.0,0.030000000000000002,0.01,0.05,12,157,put,337.1700134277344,0.38665251651369514,0.029999999952949184,-0.007625733975504453,0.0017786349630576894,0.6421501417869124,-14.989584841666462,-0.02136483636032949
2026-09-28,0.008213552361396304,312.5,0.03,0.02,0.04,13,31,put,337.1700134277344,0.3539749086076016,0.030000000002332182,-0.00826796708565712,0.0020860104811351757,0.6894739800914542,-14.721538665847332,-0.023143413333005416
2026-09-28,0.008213552361396304,315.0,0.04,0.03,0.05,41,282,put,337.1700134277344,0.3333698590457499,0.039999999999993804,-0.011323032261082043,0.0029153376702672493,0.9074947313977652,-18.231224635207937,-0.03168613502679011
2026-09-28,0.008213552361396304,317.5,0.05,0.03,0.07,201,250,put,337.1700134277344,0.3089543151155971,0.050000000000007636,-0.014820493595059527,0.003970029001553962,1.1452936722261868,-21.29771107170369,-0.04145401252116533
2026-09-28,0.008213552361396304,320.0,0.08,0.07,0.09,415,590,put,337.1700134277344,0.2945195642939251,0.079999999999968,-0.02350188287300243,0.006165633015604995,1.6955895738230635,-30.015421167046547,-0.06574234220835513
2026-09-28,0.008213552361396304,322.5,0.125,0.11,0.14,154,253,put,337.1700134277344,0.2782962751533773,0.12499999999536748,-0.03656708526287329,0.009418325698456777,2.447428511103879,-40.8641531770181,-0.10229424746687032
2026-09-28,0.008213552361396304,325.0,0.19,0.17,0.21,773,702,put,337.1700134277344,0.25960518656044834,0.18999999991059496,-0.055799539306223785,0.01418357025268505,3.4381739504031303,-53.42192549737664,-0.15608978576633642
2026-09-28,0.008213552361396304,327.5,0.32,0.3,0.34,535,444,put,337.1700134277344,0.2457773384330378,0.3200000000000006,-0.09089661117572476,0.021781943954069894,4.9988187447181875,-73.30275844643725,-0.25435409947149623
2026-09-28,0.008213552361396304,330.0,0.56,0.52,0.6,3811,902,put,337.1700134277344,0.23484437194141583,0.5599999999999942,-0.14937769995124991,0.03240012175959514,7.104863124044079,-99.12496437136369,-0.4182807482412074
2026-09-28,0.008213552361396304,332.5,0.97,0.94,1.0,5472,436,put,337.1700134277344,0.22502185208620976,0.9699999999462198,-0.23777481670395964,0.0449804375908662,9.450989651417133,-125.5620001897944,-0.6664520586513132
2026-09-28,0.008213552361396304,335.0,1.6400000000000001,1.58,1.7,3503,687,put,337.1700134277344,0.21668990508543698,1.6399999999997137,-0.359902960177989,0.056494089644665256,11.43064167129098,-144.86992378156356,-1.010172368919044
2026-09-28,0.008213552361396304,337.5,2.635,2.58,2.69,2460,747,put,337.1700134277344,0.20792370521340997,2.6350000000000255,-0.5085827588582622,0.06277298138116008,12.187248823857654,-145.8877015287918,-1.4300932700891535
2026-09-28,0.008213552361396304,340.0,4.025,3.9,4.15,420,439,put,337.1700134277344,0.19971249441950487,4.024999999999984,-0.6667246641715521,0.05957199386984335,11.109033816413923,-124.05435342068414,-1.8794625377521468
2026-09-28,0.008213552361396304,342.5,5.85,5.7,6.0,76,219,put,337.1700134277344,0.196509950673456,5.85000000000003,-0.8022031674643664,0.04630617130248753,8.496740160318213,-88.34958669662879,-2.2696415009916344
2026-09-28,0.008213552361396304,345.0,8.025,7.7,8.35,57,82,put,337.1700134277344,0.20265932516464577,8.025000000000006,-0.8885945759717802,0.030633067839702172,5.7967690968803955,-56.70759958230225,-2.5267551959935695
2026-09-28,0.008213552361396304,352.5,15.375,14.45,16.3,5,27,put,337.1700134277344,0.2930054588158251,15.37499999999954,-0.9501081031182483,0.011491589500394323,3.1440158872338864,-39.88731397362374,-2.757478126375183
2026-09-28,0.008213552361396304,355.0,17.725,16.85,18.6,1,3,put,337.1700134277344,0.25311419651803985,17.725,-0.986672476523691,0.004410328678130077,1.0423567357605115,0.8469177274655458,-2.8780400177270535
2026-09-28,0.008213552361396304,357.5,20.375,19.45,21.3,0,0,put,337.1700134277344,0.36675117156100717,20.37500000008115,-0.9584119809321608,0.007929710287434416,2.715549646102708,-44.03633202273369,-2.8215423448072228
2026-09-28,0.008213552361396304,360.0,22.9,21.95,23.85,0,0,put,337.1700134277344,0.4117902084915538,22.899999999999974,-0.9578153707628768,0.007144416450033301,2.747082448405192,-52.14798036950878,-2.840629334056752
2026-09-28,0.008213552361396304,365.0,27.9,26.95,28.85,0,3,put,337.1700134277344,0.4819730462553036,27.89999999992065,-0.9628149460745408,0.0055082926423233505,2.478955172129225,-55.67176367112721,-2.8955427375465868
2026-09-30,0.013689253935660506,270.0,67.675,66.5,68.85,0,9,call,337.1700134277344,0.9758963522138129,67.67500000000587,0.9776420139224059,0.0013784277214467751,2.0934633369214986,-86.85623352783205,3.585990020009979
2026-09-30,0.013689253935660506,290.0,47.925,46.5,49.35,1,1,call,337.1700134277344,0.7776833435495746,47.92499999999813,0.9562105669534435,0.00301862332952174,3.653334075801434,-116.70797151186142,3.7574336714501837
2026-09-30,0.013689253935660506,295.0,42.65,41.5,43.8,0,2,call,337.1700134277344,0.620895035625547,42.64999999999999,0.9701918380476547,0.002757881408069472,2.664841853875933,-73.87508357957549,3.894176523778316
2026-09-30,0.013689253935660506,300.0,37.75,36.55,38.95,1,3,call,337.1700134277344,0.585907181550072,37.749999999996334,0.9596809130934666,0.0037471913496929334,3.4167433535429534,-86.65007552163584,3.9127395804800575
2026-09-30,0.013689253935660506,305.0,32.95,31.55,34.35,3,12,call,337.1700134277344,0.5645887030630122,32.94999999999961,0.9406713335662282,0.005296584329869245,4.653778850051902,-109.44600298346371,3.8907072713156787
2026-09-30,0.013689253935660506,307.5,30.275,29.05,31.5,0,7,call,337.1700134277344,0.48859126994983376,30.274999999995515,0.9506061104282691,0.005293114901231586,4.024710906662775,-85.60435734312793,3.9731810406240977
2026-09-30,0.013689253935660506,310.0,27.8,26.6,29.0,1,6,call,337.1700134277344,0.45951390404783077,27.79999999999998,0.9453328397628931,0.006101131232154179,4.36301483441282,-87.05374846002972,3.9827226047437776
2026-09-30,0.013689253935660506,312.5,25.3,24.1,26.5,0,0,call,337.1700134277344,0.42421773533857116,25.299999999999965,0.9416022555199464,0.006962137611028776,4.596307654018986,-85.11587371980099,3.999726832816499
2026-09-30,0.013689253935660506,315.0,22.85,21.7,24.0,1,3,call,337.1700134277344,0.39874892083440117,22.850000000000023,0.9325131375549727,0.008291675948334932,5.145404331062225,-88.82012701770388,3.9913137181512504
2026-09-30,0.013689253935660506,317.5,20.4,19.55,21.25,1,128,call,337.1700134277344,0.371385504922796,20.399999999952325,0.9221600359617732,0.009932223012343321,5.740491496002526,-91.71212419059215,3.977066553152618
2026-09-30,0.013689253935660506,320.0,18.325,17.4,19.25,1,109,call,337.1700134277344,0.3943085373654393,18.325000000001545,0.8789837589345463,0.012931243759495368,7.93513180486143,-127.53710448978141,3.8061870746436663
2026-09-30,0.013689253935660506,322.5,15.725,15.0,16.45,102,103,call,337.1700134277344,0.34057310169248917,15.725000000000277,0.8754388993870296,0.015277976704692565,8.09755402656938,-114.06379582914528,3.82541746011616
2026-09-30,0.013689253935660506,325.0,13.600000000000001,12.9,14.3,25,51,call,337.1700134277344,0.33910411088964537,13.600000000000007,0.8321611627681175,0.01875626493018494,9.898219476459799,-135.3441755091277,3.6547541468112965
2026-09-30,0.013689253935660506,327.5,11.35,10.7,12.0,18,163,call,337.1700134277344,0.3161725040375349,11.350000000000215,0.7946585395055921,0.02279706046116083,11.217100630625493,-141.7966609273121,3.512457637721615
2026-09-30,0.013689253935660506,330.0,9.05,8.7,9.4,6,95,call,337.1700134277344,0.28315636741986033,9.04999999999939,0.7533405780453029,0.0282399423274718,12.444223537921651,-140.41425779452774,3.3532354937055793
2026-09-30,0.013689253935660506,332.5,6.975,6.8,7.15,17,86,call,337.1700134277344,0.2607122689061214,6.975000000000002,0.6893109104453767,0.034330608338632836,13.929022328791513,-143.42557623093975,3.086104981940472
2026-09-30,0.013689253935660506,335.0,5.25,5.2,5.3,411,822,call,337.1700134277344,0.25128401843680537,5.250000000019244,0.6012396390717839,0.0389378344147544,15.226999330159899,-149.20797412933214,2.703216662273789
2026-09-30,0.013689253935660506,337.5,3.875,3.8,3.95,1608,536,call,337.1700134277344,0.24963077019898142,3.8750000000000138,0.5014052689178282,0.04050797773829904,15.736797105917894,-151.39384868329248,2.261243275205488
2026-09-30,0.013689253935660506,340.0,2.63,2.58,2.68,2596,1316,call,337.1700134277344,0.24001418327905363,2.6300000002535935,0.39732718859089,0.0407289062379872,15.2130859891457,-139.65680988141935,1.797902991268183
2026-09-30,0.013689253935660506,342.5,1.75,1.71,1.79,1169,853,call,337.1700134277344,0.237433353478102,1.7500000000000853,0.2990591074553292,0.03706639462367151,13.69618891677664,-123.52408928874267,1.3563827963915058
2026-09-30,0.013689253935660506,345.0,1.125,1.11,1.14,2511,1393,call,337.1700134277344,0.23674512201287068,1.125000000000226,0.21439248832060898,0.031233396523631437,11.507418835752533,-102.91611818967513,0.9741508304704297
2026-09-30,0.013689253935660506,347.5,0.6950000000000001,0.66,0.73,459,593,call,337.1700134277344,0.23667972442840315,0.6949999999752277,0.14634741432867712,0.024562828976634275,9.047260714037453,-80.54277344373017,0.6659679624139498
2026-09-30,0.013689253935660506,350.0,0.42500000000000004,0.4,0.45,2589,2902,call,337.1700134277344,0.23884131559685803,0.424999999933138,0.09697658261323337,0.018211871811565458,6.76926795662448,-60.599880663539835,0.441787757179282
2026-09-30,0.013689253935660506,352.5,0.245,0.23,0.26,478,1275,call,337.1700134277344,0.23958811884759157,0.2449999999999931,0.06072243208116412,0.01272192485437321,4.743465757231691,-42.47961691861644,0.2769169505841314
2026-09-30,0.013689253935660506,355.0,0.15000000000000002,0.13,0.17,53,481,call,337.1700134277344,0.24477273877667782,0.1499999999986744,0.03902614558994832,0.008747032700007725,3.331972923170179,-30.412573847607582,0.17807592104855466
2026-09-30,0.013689253935660506,357.5,0.08499999999999999,0.08,0.09,38,187,call,337.1700134277344,0.24726436228882495,0.08500000000268007,0.02348219849216266,0.005684573529805838,2.1874446946175468,-20.131071387789067,0.10722098810284088
2026-09-30,0.013689253935660506,360.0,0.060000000000000005,0.05,0.07,101,381,call,337.1700134277344,0.258378254020339,0.05999999992738683,0.016568745662183672,0.004046253978416582,1.6269970473893225,-15.61937471651457,0.0756534455506064
2026-09-30,0.013689253935660506,362.5,0.035,0.02,0.05,165,39,call,337.1700134277344,0.2622872092612985,0.034999999999945484,0.010070294606757898,0.0025915969138749686,1.0578454746537125,-10.295326563334426,0.04600138764930672
2026-09-30,0.013689253935660506,365.0,0.025,0.02,0.03,108,159,call,337.1700134277344,0.27274329753537807,0.024999999999968013,0.007166463568657202,0.001849072089151258,0.7848480729837303,-7.933274628315821,0.032735340419898014
2026-09-30,0.013689253935660506,370.0,0.02,0.01,0.03,14,15,call,337.1700134277344,0.3061508664125628,0.020000000001253754,0.005267851620700168,0.0012541685822093206,0.5975428803832326,-6.766016088646051,0.024040542117529554
2026-09-30,0.013689253935660506,380.0,0.07,0.0,0.14,1,5,call,337.1700134277344,0.44383669787066543,0.06999999994570506,0.011780070625340757,0.0017554557814181994,1.2125251874725527,-19.843350532977833,0.05341391609829016
2026-09-30,0.013689253935660506,385.0,0.165,0.0,0.33,19,109,call,337.1700134277344,0.5469010524615677,0.16499999999902668,0.021132344419559756,0.0023513554103619465,2.0012654768773097,-40.309664749681616,0.09527984738813747
2026-09-30,0.013689253935660506,390.0,0.26,0.0,0.52,0,4,call,337.1700134277344,0.6346849589375106,0.25999999999933326,0.027796325899148912,0.002550543642563812,2.519234711827144,-58.83664706966397,0.12473768072085398
2026-09-30,0.013689253935660506,395.0,0.175,0.0,0.35,0,8,call,337.1700134277344,0.6405085356508364,0.17499999999999893,0.01940854583420545,0.0018679785337590595,1.8619776728888113,-43.865010971169056,0.08718657987038808
2026-09-30,0.013689253935660506,245.0,0.255,0.0,0.51,0,0,put,337.1700134277344,1.2830473797770814,0.2549999999999963,-0.013669227933327541,0.0006906652286932085,1.3790752121947578,-64.3932830597316,-0.06658252930632176
2026-09-30,0.013689253935660506,250.0,0.25,0.0,0.5,2,5,put,337.1700134277344,1.2081469381037069,0.2500000000000398,-0.014207963557096095,0.0007583404895850883,1.4258100395069138,-62.674333960693815,-0.06900067437819152
2026-09-30,0.013689253935660506,255.0,0.25,0.0,0.5,4,4,put,337.1700134277344,1.1379657161164631,0.24999999997801134,-0.01502414408781851,0.0008447504178299758,1.496012628330526,-61.92416160557106,-0.07276784207813818
2026-09-30,0.013689253935660506,260.0,0.25,0.0,0.5,8,4,put,337.1700134277344,1.068779056908018,0.24999999999870823,-0.015926591931022457,0.0009456187652299703,1.5728296339783294,-61.127785772123,-0.07693318569800953
2026-09-30,0.013689253935660506,265.0,0.245,0.0,0.49,6,54,put,337.1700134277344,0.9974747380822505,0.24500000000000127,-0.01667625429360731,0.00105392774615963,1.6360267858842221,-59.322102932014324,-0.080324885477069
2026-09-30,0.013689253935660506,270.0,0.08,0.0,0.16,1,6,put,337.1700134277344,0.7983632809803883,0.07999999999999594,-0.007504347855040445,0.0006578762006006567,0.8173769681003158,-23.709199691571357,-0.03573225280014199
2026-09-30,0.013689253935660506,275.0,0.235,0.0,0.47,14,18,put,337.1700134277344,0.8581775873772672,0.23500000007709348,-0.018459354419060037,0.0013359687371153708,1.784231200991586,-55.615409323110676,-0.08841808045747944
2026-09-30,0.013689253935660506,280.0,0.03,0.0,0.06,6,276,put,337.1700134277344,0.6082466176208454,0.02999999992890174,-0.003958118357104403,0.0004890972024730224,0.462969677453701,-10.21978169375793,-0.01867979219086044
2026-09-30,0.013689253935660506,285.0,0.015,0.01,0.02,52,11,put,337.1700134277344,0.5178252237372001,0.01500000000000053,-0.002433610834223075,0.0003707787170176198,0.2987966094197523,-5.611128532892329,-0.011437927414823744
2026-09-30,0.013689253935660506,290.0,0.025,0.01,0.04,3,7,put,337.1700134277344,0.49421818015285524,0.024999999997641395,-0.004065389764202592,0.0006165304579053716,0.47418839367103566,-8.49260605349211,-0.019106468465199217
2026-09-30,0.013689253935660506,295.0,0.025,0.01,0.04,1,104,put,337.1700134277344,0.4436832589431287,0.02499999998912192,-0.004494377170785463,0.0007511939688930873,0.5186839396658427,-8.331485958391962,-0.021086505284218467
2026-09-30,0.013689253935660506,297.5,0.045000000000000005,0.02,0.07,2,15,put,337.1700134277344,0.4479368562445852,0.04499999999999232,-0.00760895382426018,0.0011869234360284146,0.8274031481832117,-13.411525402205664,-0.03573594884458327
2026-09-30,0.013689253935660506,300.0,0.04,0.02,0.06,10,111,put,337.1700134277344,0.41546833684849593,0.03999999999996901,-0.0073287640332883024,0.0012380727703559756,0.8005007988979133,-12.026854522034805,-0.03437425691324412
2026-09-30,0.013689253935660506,302.5,0.045,0.01,0.08,4,5,put,337.1700134277344,0.39504138993986165,0.04499999996349193,-0.008541030162333629,0.0014897321408615211,0.9158586563742281,-13.07420644369232,-0.04003804592038611
2026-09-30,0.013689253935660506,305.0,0.05,0.03,0.07,2,39,put,337.1700134277344,0.37364671716181613,0.04999999999999189,-0.009885838055679205,0.0017900905252121247,1.04091155836088,-14.043140650729653,-0.04631359548224171
2026-09-30,0.013689253935660506,307.5,0.065,0.04,0.09,12,31,put,337.1700134277344,0.3594134546793577,0.06499999999999655,-0.012969421942516515,0.002356149400326991,1.3178768286895954,-17.087184588615564,-0.06075154237519839
2026-09-30,0.013689253935660506,310.0,0.07,0.06,0.08,12,42,put,337.1700134277344,0.3355064579315498,0.06999999999717177,-0.014753310415262124,0.002820745888969301,1.4727957222054193,-17.80570874060784,-0.06905371486399227
2026-09-30,0.013689253935660506,312.5,0.065,0.02,0.11,28,36,put,337.1700134277344,0.30460862819897744,0.0649999999999974,-0.015069268132979647,0.0031639873062130615,1.4998733875205443,-16.440008092251162,-0.07044360491092229
2026-09-30,0.013689253935660506,315.0,0.125,0.11,0.14,47,102,put,337.1700134277344,0.3068311198477818,0.12499999999998133,-0.026749942098994336,0.005109646858163471,2.4398771354981337,-26.904168928502365,-0.12517834820956905
2026-09-30,0.013689253935660506,317.5,0.18,0.14,0.22,17,32,put,337.1700134277344,0.2956664719877255,0.17999999999598215,-0.03803758576161004,0.007091543862465047,3.263026033704285,-34.61298271810373,-0.17803057223814697
2026-09-30,0.013689253935660506,320.0,0.255,0.23,0.28,165,2724,put,337.1700134277344,0.28331707953918944,0.2549999999993557,-0.053354144086367766,0.009716470624136489,4.284093735628458,-43.45546467043532,-0.24975246376489046
2026-09-30,0.013689253935660506,322.5,0.38,0.35,0.41,66,228,put,337.1700134277344,0.27389777806183024,0.38000000000042966,-0.07712432001463344,0.01338217388862934,5.704175042929789,-55.79689838963009,-0.36117738555700574
2026-09-30,0.013689253935660506,325.0,0.55,0.53,0.57,537,815,put,337.1700134277344,0.2626394631130693,0.5499999999999964,-0.10876616136937128,0.018001719097402814,7.357861839746025,-68.79384083245318,-0.5095508294236007
2026-09-30,0.013689253935660506,327.5,0.815,0.79,0.84,298,1499,put,337.1700134277344,0.2534259694355372,0.8150000000128129,-0.1542396140235692,0.02375692334481948,9.36955530554355,-84.18876375658836,-0.723066019595184
2026-09-30,0.013689253935660506,330.0,1.22,1.18,1.26,502,648,put,337.1700134277344,0.24629460939118786,1.2200000000000064,-0.21676386194243086,0.030214515936241085,11.58105738698352,-100.60935583596864,-1.0171974571085145
2026-09-30,0.013689253935660506,332.5,1.8199999999999998,1.75,1.89,384,617,put,337.1700134277344,0.24137362619452518,1.820000000000019,-0.29759901988679704,0.03638016954585933,13.665709985558424,-115.56639524523982,-1.3985142440973575
2026-09-30,0.013689253935660506,335.0,2.625,2.58,2.67,896,384,put,337.1700134277344,0.23581482079461136,2.62500000006894,-0.3929258851335743,0.041328392910853426,15.166915969432557,-124.1364142967448,-1.8495253383526435
2026-09-30,0.013689253935660506,337.5,3.675,3.6,3.75,196,204,put,337.1700134277344,0.23004068700070857,3.6749999999999923,-0.49935696767670745,0.0439578401293074,15.736881237083937,-123.94854313292811,-2.3551429910580173
2026-09-30,0.013689253935660506,340.0,5.050000000000001,4.95,5.15,92,281,put,337.1700134277344,0.22773196574080884,5.049999999967665,-0.6085729738152195,0.0427475112121974,15.149995226404064,-115.89940475906258,-2.878063761163607
2026-09-30,0.013689253935660506,342.5,6.675,6.55,6.8,20,217,put,337.1700134277344,0.22420234853514398,6.675000000003707,-0.7121250550421471,0.03856253965358831,13.45499224222205,-98.30388613004166,-3.3782643993263584
2026-09-30,0.013689253935660506,345.0,8.5,8.3,8.7,8,119,put,337.1700134277344,0.21633403515474467,8.499999999999849,-0.8073501203743796,0.03206058401631251,10.79378955419522,-71.7714303404629,-3.84276866430544
2026-09-30,0.013689253935660506,347.5,10.475000000000001,10.15,10.8,2,31,put,337.1700134277344,0.19699690520260332,10.474999999999342,-0.8977618735949963,0.022938292469541963,7.0323124020224625,-35.514984167689,-4.2871099654337055
2026-09-30,0.013689253935660506,350.0,12.625,12.15,13.1,81,109,put,337.1700134277344,0.14094467167420477,12.624999999949695,-0.9866063467487161,0.006150427940721472,1.3490612349414113,9.691547795678645,-4.726612938824124
2026-09-30,0.013689253935660506,352.5,15.325,14.6,16.05,0,25,put,337.1700134277344,0.23584689301335307,15.324999999999996,-0.9421583716233823,0.012428874614774864,4.5618356235623345,-23.236788606314093,-4.558419586739332
2026-09-30,0.013689253935660506,355.0,17.875,17.0,18.75,2,2,put,337.1700134277344,0.27694748358729204,17.87499999998873,-0.9398210964773048,0.010918884505974374,4.706015593294572,-31.446142311319882,-4.582539243243116
2026-10-02,0.019164955509924708,185.0,152.9,151.5,154.3,0,1,call,337.1700134277344,2.139418496496302,152.89999999999944,0.9851950834819956,0.0003728912303124396,1.738135452030607,-104.85645079997579,3.435859484424203
2026-10-02,0.019164955509924708,195.0,142.775,141.5,144.05,1,1,call,337.1700134277344,1.8926912093500596,142.77499999999995,0.9868444691070934,0.0003804139618349321,1.568707290094631,-85.86531166180315,3.6405627386706887
2026-10-02,0.019164955509924708,200.0,137.925,136.5,139.35,1,2,call,337.1700134277344,1.8956429846951928,137.92500000009954,0.9831067990016016,0.00047160592283191526,1.9477871688175852,-104.93043995799725,3.7093605156500256
2026-10-02,0.019164955509924708,205.0,132.95,131.55,134.35,0,2,call,337.1700134277344,1.82612344681448,132.95000000008605,0.9819654244237953,0.0005178329011319416,2.0602763390419803,-107.00214967993232,3.7973307799293394
2026-10-02,0.019164955509924708,210.0,127.94999999999999,126.55,129.35,0,2,call,337.1700134277344,1.7458352524998795,127.95000000004556,0.9813120052213979,0.0005584131937123884,2.124049489495528,-105.84570643183078,3.888933261713213
2026-10-02,0.019164955509924708,215.0,122.725,121.55,123.9,16,16,call,337.1700134277344,1.54904941206074,122.72500000008289,0.986342515324516,0.00048019601851633355,1.6206510985939457,-74.9550341207341,4.0215765474431375
2026-10-02,0.019164955509924708,220.0,117.975,116.55,119.4,0,1,call,337.1700134277344,1.6014507398970397,117.97500000000002,0.979272613572599,0.0006650140897850104,2.3203320198673105,-106.54114002970674,4.066925453453251
2026-10-02,0.019164955509924708,225.0,112.94999999999999,111.55,114.35,0,1,call,337.1700134277344,1.5153371283709622,112.94999999999048,0.979102538078471,0.0007077086672227272,2.3365198803529577,-102.23172760488112,4.162130352847077
2026-10-02,0.019164955509924708,230.0,107.775,106.55,109.0,1,6,call,337.1700134277344,1.3610307869110425,107.775,0.9832867859027209,0.0006508262944337576,1.9299174895958844,-78.72972615350018,4.288346972328376
2026-10-02,0.019164955509924708,235.0,102.975,101.55,104.4,16,27,call,337.1700134277344,1.3792519983864469,102.97499999999836,0.9766627146052878,0.0008538544090556682,2.5658611380765866,-102.67796731195831,4.337535014879776
2026-10-02,0.019164955509924708,240.0,97.975,96.55,99.4,2,3,call,337.1700134277344,1.307988410937217,97.975,0.9756593219332517,0.0009329477391894172,2.6586851788117967,-101.32381035475434,4.426876021190694
2026-10-02,0.019164955509924708,245.0,92.75,91.55,93.95,2,4,call,337.1700134277344,1.1442438019207821,92.74999999999997,0.9820808668065869,0.0008218826015274065,2.048962723699663,-72.1450713439371,4.568507962595717
2026-10-02,0.019164955509924708,250.0,88.025,86.6,89.45,59,73,call,337.1700134277344,1.1862087257092788,88.02499999999998,0.9717921999165626,0.0011642558145256842,3.0089518062768628,-104.18136573977597,4.592578572659397
2026-10-02,0.019164955509924708,255.0,82.975,81.55,84.4,1,16,call,337.1700134277344,1.1014933469374106,82.97500000000004,0.9721000580391079,0.0012423516923841338,2.98148161834988,-97.01430645622649,4.691350930472367
2026-10-02,0.019164955509924708,260.0,77.75,76.55,78.95,3,22,call,337.1700134277344,0.9514565228166177,77.7500000000244,0.9795304445149339,0.0011074598600638562,2.295739696522602,-68.71886377683278,4.839501853277627
2026-10-02,0.019164955509924708,265.0,72.85,71.6,74.1,1,23,call,337.1700134277344,0.9277923726022006,72.85000000000034,0.9741162906961289,0.0013850813198555284,2.7998307038784884,-79.67533946651083,4.898424694590877
2026-10-02,0.019164955509924708,270.0,67.9,66.6,69.2,3,55,call,337.1700134277344,0.88135478443739,67.89999999999999,0.9704868788922456,0.0016272256221087666,3.124670608061083,-83.95623149944241,4.96983851584605
2026-10-02,0.019164955509924708,275.0,63.05,61.65,64.45,3,79,call,337.1700134277344,0.8606328188720866,63.05,0.9622030357838922,0.002044137952540329,3.832955760462874,-98.2932868573522,5.0092596125071385
2026-10-02,0.019164955509924708,280.0,57.875,56.65,59.1,1,108,call,337.1700134277344,0.7489326452795352,57.874999999999815,0.9679471452186866,0.002050862195569324,3.3464546423834602,-77.98480844122105,5.145555821095286
2026-10-02,0.019164955509924708,285.0,52.875,51.65,54.1,1,238,call,337.1700134277344,0.6878167126381715,52.875,0.9657286953769278,0.0023600650763503624,3.536734056095965,-76.29257657757545,5.227045312291608
2026-10-02,0.019164955509924708,290.0,47.599999999999994,46.65,48.55,9,173,call,337.1700134277344,0.5326022672649512,47.59999999998757,0.9817453258578702,0.0017940389128238774,2.0818075125880386,-42.29308230093544,5.431637489157787
2026-10-02,0.019164955509924708,295.0,43.225,42.25,44.2,6,95,call,337.1700134277344,0.6406653318407572,43.22499999999996,0.9406700227296814,0.003943487261335629,5.5044935591860895,-104.93789225333705,5.2500617915505465
2026-10-02,0.019164955509924708,297.5,40.45,39.2,41.7,2,3,call,337.1700134277344,0.5545321053997876,40.45000000000004,0.9535177229958274,0.003752352998316035,4.533525726194767,-78.87612171492432,5.386264433299385
2026-10-02,0.019164955509924708,300.0,37.974999999999994,37.55,38.4,7,645,call,337.1700134277344,0.5293071881109853,37.974999999999966,0.9497414734084234,0.004185184855859737,4.826453638800102,-80.00778140841611,5.409296146184698
2026-10-02,0.019164955509924708,305.0,32.925,31.8,34.05,10,118,call,337.1700134277344,0.4582183960433318,32.92500000000003,0.9480393697106703,0.004964602853451857,4.956358765523852,-72.84943663252477,5.495080435612793
2026-10-02,0.019164955509924708,310.0,27.775,26.95,28.6,68,1941,call,337.1700134277344,0.36725329831379455,27.775000000000517,0.9549653922392773,0.005523257532307477,4.419434485852725,-56.32750284732321,5.638534863437009
2026-10-02,0.019164955509924708,312.5,25.450000000000003,24.35,26.55,1,25,call,337.1700134277344,0.37165638313583194,25.45000000000002,0.9357049775684861,0.007238749489906456,5.861528019314612,-70.62958819308275,5.558635507072281
2026-10-02,0.019164955509924708,315.0,23.049999999999997,22.45,23.65,21,882,call,337.1700134277344,0.35634848547040243,23.0500000001624,0.9224022363488804,0.00872538789429847,6.7743146110434935,-76.68662872729338,5.51867110446963
2026-10-02,0.019164955509924708,317.5,20.85,20.4,21.3,3,31,call,337.1700134277344,0.36244461561276886,20.849999999954075,0.8926846658580604,0.010911545380334934,8.61655406652113,-94.81975772260556,5.368803574042396
2026-10-02,0.019164955509924708,320.0,18.4,18.0,18.8,52,1259,call,337.1700134277344,0.33350701713360353,18.400000000015705,0.8799288013120926,0.012847983537209494,9.335673389394405,-94.49502848206855,5.333331253324653
2026-10-02,0.019164955509924708,322.5,16.299999999999997,15.7,16.9,21,167,call,337.1700134277344,0.33588782980352844,16.299999999999986,0.8411896498404292,0.015436816320084984,11.296858964239727,-111.74525452267416,5.123251139558605
2026-10-02,0.019164955509924708,325.0,13.85,13.5,14.2,66,1933,call,337.1700134277344,0.3017282256007395,13.849999999997863,0.8219190729005873,0.018499219843807913,12.161161451436783,-108.29914956272995,5.045681735591593
2026-10-02,0.019164955509924708,327.5,11.875,11.35,12.4,96,389,call,337.1700134277344,0.30065746072455435,11.874999999829619,0.770894324084005,0.021583781557383414,14.138561460592594,-122.7489076713914,4.753818335990609
2026-10-02,0.019164955509924708,330.0,9.675,9.55,9.8,308,2139,call,337.1700134277344,0.27644169226474224,9.675000000009442,0.7272848490867432,0.02574690224528288,15.507230019869569,-123.09844147650324,4.5141834259452125
2026-10-02,0.019164955509924708,332.5,7.775,7.55,8.0,164,361,call,337.1700134277344,0.2645968283441545,7.774999999968316,0.6642236916431775,0.02951940621292514,17.017585971972498,-127.81264470965114,4.14310520797445
2026-10-02,0.019164955509924708,335.0,6.1,6.0,6.2,1373,3597,call,337.1700134277344,0.2565367727519981,6.100000000000448,0.5891356102934003,0.03247709649419732,18.152336115813593,-130.70243072113777,3.6899987171353126
2026-10-02,0.019164955509924708,337.5,4.675,4.6,4.75,1881,1177,call,337.1700134277344,0.25161179671364653,4.674999999999986,0.5062316104787385,0.03396102460041993,18.61733378741904,-130.15626433301938,3.1815957079222983
2026-10-02,0.019164955509924708,340.0,3.4749999999999996,3.4,3.55,5314,7382,call,337.1700134277344,0.24748140181463196,3.475000000001185,0.42070723988154024,0.03384844761142131,18.251015110966268,-124.46435999990064,2.6519481452156595
2026-10-02,0.019164955509924708,342.5,2.5,2.45,2.55,1330,1942,call,337.1700134277344,0.24401246399796414,2.4999999996197486,0.3371446767081775,0.03206387278978867,17.0464397997003,-113.84342967149159,2.1306653695062536
2026-10-02,0.019164955509924708,345.0,1.725,1.69,1.76,1923,8537,call,337.1700134277344,0.24025778536274012,1.7249999999998367,0.25913766268978916,0.02887279846713179,15.113743621306002,-98.83777320887735,1.6414487185797029
2026-10-02,0.019164955509924708,347.5,1.185,1.15,1.22,1001,873,call,337.1700134277344,0.24018406409154955,1.1849999999999483,0.19397178100351375,0.02451263546893485,12.827437220029834,-83.45614601689006,1.2307057523309906
2026-10-02,0.019164955509924708,350.0,0.775,0.76,0.79,3878,6032,call,337.1700134277344,0.23870956710667965,0.7749999999999722,0.13878272912023534,0.019857002378468373,10.327357588771514,-66.5213331567292,0.8819401026339543
2026-10-02,0.019164955509924708,352.5,0.52,0.49,0.55,433,940,call,337.1700134277344,0.24128933111592746,0.519999999995718,0.09906267737305581,0.015475039783803109,8.135337891880425,-52.78817768101545,0.6301622171675667
2026-10-02,0.019164955509924708,355.0,0.345,0.32,0.37,1096,6909,call,337.1700134277344,0.24422527978252156,0.34499999999990977,0.06942880253858771,0.011703884911506977,6.227681022927282,-40.78604728404312,0.4420264804639305
2026-10-02,0.019164955509924708,357.5,0.22499999999999998,0.21,0.24,818,749,call,337.1700134277344,0.24703395403558828,0.224999999994792,0.04765383535087646,0.008607174631081784,4.632580407589671,-30.616012356084376,0.30361974027653077
2026-10-02,0.019164955509924708,360.0,0.14,0.13,0.15,715,7764,call,337.1700134277344,0.24841985394498856,0.13999999999999002,0.03135987038976352,0.0060872792742997905,3.29469510680568,-21.853350259234823,0.1999596316026286
2026-10-02,0.019164955509924708,362.5,0.1,0.08,0.12,42,289,call,337.1700134277344,0.2559322629298191,0.10000000000324222,0.022704825990843256,0.00451187480591557,2.515867581624682,-17.160832648437875,0.14479864583005134
2026-10-02,0.019164955509924708,365.0,0.060000000000000005,0.05,0.07,504,3053,call,337.1700134277344,0.25677500065459147,0.0599999999226855,0.014353069163545906,0.003042050771607918,1.7018641855818895,-11.630030504462516,0.0915974583401917
2026-10-02,0.019164955509924708,367.5,0.04,0.03,0.05,3,51,call,337.1700134277344,0.2616927746149479,0.03999999999994224,0.0097944167051069,0.0021426690086444444,1.2216660971235813,-8.497170118377872,0.06252343677986158
2026-10-02,0.019164955509924708,370.0,0.025,0.02,0.03,154,3179,call,337.1700134277344,0.264591341419958,0.025000000020769242,0.006328989565242794,0.001443363418743958,0.8320645590957131,-5.844845289607932,0.04041784661665418
2026-10-02,0.019164955509924708,375.0,0.025,0.01,0.04,9,404,call,337.1700134277344,0.2983764551631614,0.024999999991141216,0.005678920511500676,0.00116268049283664,0.7558413337640191,-5.97437644927323,0.03621719900311032
2026-10-02,0.019164955509924708,385.0,0.015,0.0,0.03,190,629,call,337.1700134277344,0.3448997112871309,0.014999999991875077,0.003117129662543312,0.0005882524633536866,0.44204072973440245,-4.0272183238406996,0.019854944698937435
2026-10-02,0.019164955509924708,190.0,0.26,0.0,0.52,8,9,put,337.1700134277344,1.8335652894933996,0.25999999996698653,-0.008420207002383903,0.0002678914635037921,1.0701901652022656,-51.04400016088123,-0.05939298879171934
2026-10-02,0.019164955509924708,195.0,0.025,0.0,0.05,8,28,put,337.1700134277344,1.3606632428842462,0.024999999999999526,-0.0013230061849111498,6.850796451447999e-05,0.2030941522581172,-7.186848158377958,-0.009028189163368302
2026-10-02,0.019164955509924708,200.0,0.02,0.0,0.04,2,52,put,337.1700134277344,1.2761598743464075,0.01999999997415422,-0.0011450257927331715,6.399868686026871e-05,0.177943385956707,-5.9048735300842905,-0.007782282089515946
2026-10-02,0.019164955509924708,205.0,0.02,0.0,0.04,57,90,put,337.1700134277344,1.2197673474140955,0.019999999997370496,-0.0011964526869873483,6.970618432186977e-05,0.1852482080073598,-5.874703989743357,-0.008114594879512127
2026-10-02,0.019164955509924708,215.0,0.26,0.0,0.52,1,34,put,337.1700134277344,1.4739478030239728,0.26000000008320595,-0.010398062763877737,0.00040080113256347495,1.287113205339018,-49.31290308736938,-0.07217359269710064
2026-10-02,0.019164955509924708,220.0,0.26,0.0,0.52,3,7,put,337.1700134277344,1.4065929877676668,0.2600000000000007,-0.010873749008425011,0.00043668002202260374,1.3382506821100189,-48.92003126725641,-0.07524740504931779
2026-10-02,0.019164955509924708,225.0,0.26,0.0,0.52,19,18,put,337.1700134277344,1.3405624126521358,0.2599999999901913,-0.011383597171579444,0.0004768149133277413,1.3926518823321492,-48.509032768920214,-0.07854196653884425
2026-10-02,0.019164955509924708,235.0,0.255,0.0,0.51,1,166,put,337.1700134277344,1.208846553577541,0.2549999999999912,-0.012339895216267206,0.0005670988394419295,1.4936045812666148,-46.89199048275577,-0.08462559466217517
2026-10-02,0.019164955509924708,240.0,0.095,0.0,0.19,2,129,put,337.1700134277344,1.008463740419803,0.0949999999994438,-0.006012214835477362,0.0003618573054317416,0.7950662794110374,-20.81593459888256,-0.040670691027116734
2026-10-02,0.019164955509924708,245.0,0.02,0.01,0.03,63,479,put,337.1700134277344,0.8090150810086627,0.0199999999942424,-0.0017759120364321667,0.0001507076370664032,0.2656425129377479,-5.5770154171637705,-0.011858973295419187
2026-10-02,0.019164955509924708,250.0,0.02,0.01,0.03,4,1510,put,337.1700134277344,0.7618767542327709,0.019999999999865015,-0.0018804341816078564,0.00016857441772075304,0.2798221525078404,-5.530481398147726,-0.0125343795423351
2026-10-02,0.019164955509924708,255.0,0.235,0.0,0.47,10,305,put,337.1700134277344,0.9538989601838591,0.2349999999999654,-0.014326343892611169,0.0008175603117612812,1.6991349685206778,-42.04127978146088,-0.09707842556740343
2026-10-02,0.019164955509924708,260.0,0.145,0.0,0.29,10,567,put,337.1700134277344,0.8373143363688459,0.14499999997888116,-0.01049609899915001,0.00071133544705431,1.297683193140626,-28.1702467975998,-0.07060311809234178
2026-10-02,0.019164955509924708,265.0,0.025,0.0,0.05,30,109,put,337.1700134277344,0.6387295307995894,0.025000000006550224,-0.0027302359866340146,0.00028187357232681943,0.3922627395105559,-6.4911536241562136,-0.01812149467478651
2026-10-02,0.019164955509924708,270.0,0.030000000000000002,0.01,0.05,10,594,put,337.1700134277344,0.6047402889533611,0.030000000000000283,-0.0033989124134597287,0.00036265562553433454,0.4778251706936169,-7.482164893906861,-0.022538205088573227
2026-10-02,0.019164955509924708,275.0,0.025,0.01,0.04,5,393,put,337.1700134277344,0.5489879894902715,0.025000000000001705,-0.00314843134581811,0.0003729065342842159,0.44603458891190906,-6.336141900224899,-0.020823809648242455
2026-10-02,0.019164955509924708,280.0,0.025,0.01,0.04,4,562,put,337.1700134277344,0.5049618122787741,0.02499999999996066,-0.0034051761021546877,0.00043503413599252106,0.47861639795642935,-6.248902018714598,-0.022482855317209574
2026-10-02,0.019164955509924708,285.0,0.03,0.02,0.04,54,845,put,337.1700134277344,0.4704804359714868,0.030000000000009675,-0.004299479669914636,0.0005754606516700016,0.5898789572865442,-7.1692949167820705,-0.02835753408969689
2026-10-02,0.019164955509924708,290.0,0.035,0.03,0.04,299,1345,put,337.1700134277344,0.4340698572407099,0.035000000000326055,-0.005334869270813702,0.0007560479306232493,0.7150141877493318,-8.00903464464099,-0.035143889406517526
2026-10-02,0.019164955509924708,295.0,0.05,0.04,0.06,65,1018,put,337.1700134277344,0.4068784226184656,0.049999999999995305,-0.007833202028231283,0.0011329526147252774,1.0043431158419989,-10.531846520466576,-0.05157521103706023
2026-10-02,0.019164955509924708,300.0,0.065,0.06,0.07,78,3174,put,337.1700134277344,0.3739690799307865,0.06500000007060674,-0.01072815069968061,0.00162330337063343,1.322638280570688,-12.727363247896786,-0.07056940454142845
2026-10-02,0.019164955509924708,302.5,0.085,0.07,0.1,51,65,put,337.1700134277344,0.3638883897184866,0.08499999999999791,-0.013995330747209978,0.0021004235340459014,1.6652551163795908,-15.578238587605535,-0.09206472550783462
2026-10-02,0.019164955509924708,305.0,0.095,0.08,0.11,82,1089,put,337.1700134277344,0.34554644918256533,0.09499999999999093,-0.016201803921223674,0.0025084679276229957,1.8885160888766204,-16.757838330866836,-0.10651427000604374
2026-10-02,0.019164955509924708,307.5,0.12,0.11,0.13,122,99,put,337.1700134277344,0.3330122048680979,0.12000000000000086,-0.02062144464529398,0.0031967138941236027,2.319367787511111,-19.810683830294153,-0.13555244182250892
2026-10-02,0.019164955509924708,310.0,0.155,0.15,0.16,457,2351,put,337.1700134277344,0.32131198033512093,0.1549999999999957,-0.026697058266292952,0.004116988336225962,2.88212131495976,-23.7199622476019,-0.17548290885390547
2026-10-02,0.019164955509924708,312.5,0.2,0.18,0.22,34,104,put,337.1700134277344,0.3092235804387908,0.2000000000586147,-0.034539851660733485,0.005295525307720066,3.567691997567339,-28.212479614289485,-0.22702427306803705
2026-10-02,0.019164955509924708,315.0,0.26,0.25,0.27,379,1469,put,337.1700134277344,0.2971828616837206,0.25999999999999635,-0.04492647166165557,0.006824037636302936,4.418459470319001,-33.51671415256277,-0.29529093326200667
2026-10-02,0.019164955509924708,317.5,0.345,0.32,0.37,188,259,put,337.1700134277344,0.28600396094103203,0.3449999999880193,-0.0592339245918354,0.008833611221706058,5.504476617134798,-40.095481338279995,-0.389372544969095
2026-10-02,0.019164955509924708,320.0,0.47,0.45,0.49,2242,2532,put,337.1700134277344,0.2762811987493823,0.4699999999990255,-0.07930697906778995,0.011452210818821766,6.893604567994085,-48.38053097853804,-0.5214771974822496
2026-10-02,0.019164955509924708,322.5,0.65,0.62,0.68,216,1117,put,337.1700134277344,0.26763821285047334,0.6499999999999831,-0.10674549116630228,0.014729626704253991,8.58905855812114,-58.21097762333924,-0.7022303924140877
2026-10-02,0.019164955509924708,325.0,0.915,0.87,0.96,1073,2657,put,337.1700134277344,0.26079792170748406,0.9149999999999002,-0.14415999231491744,0.01864948945152142,10.596849713172235,-69.71969570212828,-0.9490759365145487
2026-10-02,0.019164955509924708,327.5,1.295,1.25,1.34,467,4404,put,337.1700134277344,0.25551880757620327,1.2950000000737263,-0.19313796405011666,0.022981071336371003,12.793779011075754,-82.09279882075958,-1.272846843328673
2026-10-02,0.019164955509924708,330.0,1.7850000000000001,1.74,1.83,1252,3944,put,337.1700134277344,0.24902293031666795,1.7849999999999417,-0.25222712974752,0.027466135102222004,14.901932541933995,-92.63863864916065,-1.6640628968286686
2026-10-02,0.019164955509924708,332.5,2.44,2.38,2.5,610,1186,put,337.1700134277344,0.2433055933807093,2.4400000003163638,-0.3233602728387631,0.03162399792934905,16.763880944696666,-101.04893516429367,-2.136267522922672
2026-10-02,0.019164955509924708,335.0,3.275,3.15,3.4,1164,3084,put,337.1700134277344,0.23737702956164777,3.2750000000024033,-0.4047751430378038,0.03497233267761686,18.087102253479774,-105.28885169975541,-2.678360801897064
2026-10-02,0.019164955509924708,337.5,4.375,4.3,4.45,1387,749,put,337.1700134277344,0.23444220767966342,4.375000000000021,-0.49419548546753467,0.03644891216860686,18.61770203477956,-105.64385228272243,-3.277262941265163
2026-10-02,0.019164955509924708,340.0,5.699999999999999,5.55,5.85,372,763,put,337.1700134277344,0.23144988166442343,5.700000000004881,-0.5855004833828151,0.036071588140998374,18.189800193688026,-100.0586660570188,-3.8926555534810006
2026-10-02,0.019164955509924708,342.5,7.25,7.1,7.4,206,556,put,337.1700134277344,0.22838990981695484,7.2499999999999885,-0.6739976730522708,0.033797899683319914,16.81792174988142,-88.91774813541099,-4.494216649727777
2026-10-02,0.019164955509924708,345.0,9.0,8.85,9.15,61,2287,put,337.1700134277344,0.22432845366289722,8.999999999951461,-0.7561114707811748,0.02994134072594077,14.633941278630358,-72.93212334420834,-5.058362226674138
2026-10-02,0.019164955509924708,347.5,10.825,10.5,11.15,707,54,put,337.1700134277344,0.20973173712399415,10.825000000019616,-0.8396018227743588,0.0248838555807551,11.370708549389274,-48.05571252262977,-5.632840260127592
2026-10-02,0.019164955509924708,350.0,13.075,12.45,13.7,46,3118,put,337.1700134277344,0.21745720057481166,13.074999999999942,-0.8838603661690302,0.019245555522923008,9.118217476598748,-36.732897743357356,-5.961953403713014
2026-10-02,0.019164955509924708,355.0,17.95,16.75,19.15,1,27,put,337.1700134277344,0.25970216817639796,17.95000000000292,-0.9176065108303059,0.012528620956970426,7.088993000265052,-32.22903437904588,-6.2734450295584825
2026-10-02,0.019164955509924708,357.5,20.1,19.5,20.7,2,27,put,337.1700134277344,0.21389511490561874,20.099999999972802,-0.9731875002291787,0.006188311578642582,2.883890324182652,0.7223455845110924,-6.673805606131794
2026-10-02,0.019164955509924708,360.0,22.875,21.9,23.85,1,5,put,337.1700134277344,0.3008926740867398,22.87499999999898,-0.9368939612851728,0.008812038347376412,5.776884628852235,-28.973759900600424,-6.492465014505647
2026-10-02,0.019164955509924708,365.0,27.675,26.55,28.8,1,1,put,337.1700134277344,0.30506733150396587,27.67500000000001,-0.9666566214953448,0.0052019201695985865,3.45752308246309,-10.407086347757666,-6.776778596433009
2026-10-02,0.019164955509924708,375.0,37.525000000000006,36.2,38.85,10,0,put,337.1700134277344,0.31815034090098115,37.52500000000003,-0.9910462663139926,0.0016140843032571369,1.118830530604915,8.741430983592196,-7.123155593276289
2026-10-02,0.019164955509924708,380.0,42.875,41.9,43.85,0,0,put,337.1700134277344,0.491282131741285,42.87500000000002,-0.9563445576526274,0.00402641526336035,4.309781319826399,-37.48931975462391,-7.001450927904008
2026-10-02,0.019164955509924708,385.0,47.775,46.9,48.65,0,0,put,337.1700134277344,0.5090679905786534,47.774999999999984,-0.9665838240489788,0.003122956223949263,3.463756777221663,-27.827493780458024,-7.161523796126968
2026-10-05,0.02737850787132101,295.0,43.125,41.7,44.55,37,42,call,337.1700134277344,0.5019091869740068,43.12499999999897,0.9520325780426322,0.003554878248640837,5.553381869717664,-64.0251685192569,7.607716279870663
2026-10-05,0.02737850787132101,315.0,23.15,22.0,24.3,1,1,call,337.1700134277344,0.29655636615939096,23.150000000000038,0.9245716819698547,0.008580954522812389,7.920461980236296,-56.632584893889565,7.901104624905649
2026-10-05,0.02737850787132101,320.0,18.275,17.3,19.25,5,1,call,337.1700134277344,0.2565717727285069,18.275000000006713,0.9001874243397322,0.012231051911433683,9.767430869988512,-59.36688719688588,7.809478602384623
2026-10-05,0.02737850787132101,325.0,13.875,12.95,14.8,4,5,call,337.1700134277344,0.24695452381970415,13.87499999987638,0.8294019616979034,0.018398143785655713,14.141603508587819,-76.46653027833527,7.276508434299655
2026-10-05,0.02737850787132101,330.0,10.425,9.75,11.1,17,13,call,337.1700134277344,0.26615502939569335,10.424999999999997,0.7052842445434707,0.023219669696290822,19.23527398010267,-104.35796271199754,6.225207343000452
2026-10-05,0.02737850787132101,335.0,6.65,6.4,6.9,315,74,call,337.1700134277344,0.23649353199508633,6.650000000000071,0.5862643032133726,0.02952184104440008,21.730532406019375,-102.98911387807577,5.229862915445697
2026-10-05,0.02737850787132101,337.5,5.15,4.95,5.35,171,90,call,337.1700134277344,0.22891988957077433,5.149999999999994,0.5110225375405993,0.031220893984160746,22.245210727789168,-100.99694957525895,4.576357997109891
2026-10-05,0.02737850787132101,340.0,3.9,3.75,4.05,249,145,call,337.1700134277344,0.22396911221062055,3.9000000000000172,0.43183642217564144,0.03145705913771219,21.928751654813965,-96.47597754693983,3.879597324121719
2026-10-05,0.02737850787132101,342.5,2.9749999999999996,2.8,3.15,404,70,call,337.1700134277344,0.2250323352502603,2.9749999999974186,0.356642685434103,0.02969983657841097,20.802074554491767,-91.10359608106401,3.2107931289999274
2026-10-05,0.02737850787132101,345.0,2.1,1.99,2.21,119,176,call,337.1700134277344,0.2194217039330488,2.100000000012435,0.2816054810389216,0.027572788185482384,18.83076353091345,-79.90467434198618,2.5420649917372855
2026-10-05,0.02737850787132101,347.5,1.495,1.41,1.58,507,79,call,337.1700134277344,0.2187657145589059,1.4949999999999994,0.21787995457974893,0.024124130654797238,16.42625623625969,-69.07329367289788,1.970365152944233
2026-10-05,0.02737850787132101,350.0,1.065,0.99,1.14,332,167,call,337.1700134277344,0.22026915047751142,1.0650000000001054,0.16590357110386114,0.02027053958635008,13.897178895211374,-58.53226519801265,1.5023329034030892
2026-10-05,0.02737850787132101,352.5,0.7350000000000001,0.68,0.79,7,4,call,337.1700134277344,0.2208999543943808,0.7349999999989549,0.12255215317464828,0.016473205209338652,11.326126205499863,-47.63614190508356,1.1111816873783702
2026-10-05,0.02737850787132101,355.0,0.495,0.45,0.54,13,50,call,337.1700134277344,0.22139605143056917,0.4950000000004308,0.0881002738575766,0.012939752268388893,8.91668644018462,-37.451945321609514,0.7997199320888638
2026-10-05,0.02737850787132101,357.5,0.315,0.21,0.42,33,60,call,337.1700134277344,0.2202688751186651,0.31500000000000067,0.0603081979492097,0.009732348033318298,6.67234397162143,-27.79991597892304,0.5480935225828198
2026-10-05,0.02737850787132101,360.0,0.2,0.12,0.28,11,377,call,337.1700134277344,0.22039420302649132,0.20000000000000218,0.04072134119253529,0.007110714018898267,4.877766890332902,-20.28120434262672,0.3704316264663237
2026-10-05,0.02737850787132101,362.5,0.155,0.08,0.23,1,40,call,337.1700134277344,0.22893286368440677,0.154999999994099,0.03153519454611577,0.005551994392485092,3.956077778797704,-17.042067528342823,0.2868643933898966
2026-10-05,0.02737850787132101,365.0,0.09,0.07,0.11,36,69,call,337.1700134277344,0.22668969390911894,0.09000000006055124,0.019666427167771196,0.003774106919657951,2.6628925178142566,-11.337678033621769,0.17908089013476858
2026-10-05,0.02737850787132101,370.0,0.07,0.0,0.14,26,33,call,337.1700134277344,0.25076068597806356,0.06999999999999966,0.014371271284700934,0.0026090370480990168,2.0363262379704663,-9.554267643823612,0.13074775447053327
2026-10-05,0.02737850787132101,375.0,0.035,0.02,0.05,16,10,call,337.1700134277344,0.25855872251404755,0.03499999999999876,0.007476428733327947,0.0014316635978221764,1.1521468524252845,-5.559499978084304,0.06805824986742462
2026-10-05,0.02737850787132101,300.0,0.09000000000000001,0.04,0.14,5,3,put,337.1700134277344,0.3279540122278487,0.08999999999999804,-0.013765600472843205,0.001922252869379789,1.9621451362388602,-11.524242980256904,-0.12953724014426743
2026-10-05,0.02737850787132101,302.5,0.095,0.06,0.13,4,4,put,337.1700134277344,0.310256901636239,0.095,-0.015195969585322917,0.002212384736496791,2.136435405239943,-11.854216421055577,-0.14287817300837155
2026-10-05,0.02737850787132101,305.0,0.12000000000000001,0.07,0.17,4,2,put,337.1700134277344,0.30035303668264624,0.11999999999999555,-0.019270470496888036,0.002799693999437577,2.6172804158846548,-14.038063165179976,-0.18117521687048577
2026-10-05,0.02737850787132101,307.5,0.19,0.08,0.3,0,3,put,337.1700134277344,0.30140534793181434,0.1899999999999996,-0.02882676142549425,0.0039145040839438155,3.672276438598571,-19.737127186815506,-0.2713078586423543
2026-10-05,0.02737850787132101,310.0,0.21000000000000002,0.17,0.25,16,73,put,337.1700134277344,0.28444232961829224,0.2099999999999991,-0.033134751723075714,0.004654737201043853,4.1209472482321505,-20.859400001403795,-0.3116233999560324
2026-10-05,0.02737850787132101,312.5,0.315,0.2,0.43,4,5,put,337.1700134277344,0.2833946378346392,0.314999999999991,-0.04726958525546924,0.006236689519690436,5.501149082993015,-27.689453665422963,-0.4449797863192331
2026-10-05,0.02737850787132101,315.0,0.29000000000000004,0.2,0.38,31,14,put,337.1700134277344,0.2553204348284202,0.2899999999705835,-0.048231830627260615,0.007035067300137941,5.590639564617841,-25.27201343558908,-0.4531780145163108
2026-10-05,0.02737850787132101,317.5,0.45999999999999996,0.41,0.51,41,14,put,337.1700134277344,0.25675944802745654,0.4600000000829134,-0.07117432640824277,0.009493615184870817,7.586923748168095,-34.39933540402114,-0.6696194001604403
2026-10-05,0.02737850787132101,320.0,0.565,0.44,0.69,23,163,put,337.1700134277344,0.24352656534579714,0.5649999999999914,-0.0885195518105058,0.011805547695799617,8.948291960277576,-38.33410891246184,-0.8326115940469612
2026-10-05,0.02737850787132101,322.5,0.8600000000000001,0.79,0.93,2,150,put,337.1700134277344,0.24466654198197532,0.8600000000001785,-0.12474172198873992,0.015058592605269188,11.467444047809886,-49.17467400079274,-1.1750627810524934
2026-10-05,0.02737850787132101,325.0,1.15,1.08,1.22,299,141,put,337.1700134277344,0.23761222381862887,1.1499999999999237,-0.1615257289998949,0.01846762785700384,13.658014052291048,-56.59238546966456,-1.5225635103578117
2026-10-05,0.02737850787132101,327.5,1.575,1.47,1.68,16,28,put,337.1700134277344,0.23337168700159225,1.5749999999999926,-0.20982790046090952,0.022123821337825634,16.07000345562211,-65.01019475116199,-1.9800869545768147
2026-10-05,0.02737850787132101,330.0,2.125,1.93,2.32,27,74,put,337.1700134277344,0.22909549890606498,2.125000000022245,-0.26737666552921924,0.025741409563659525,18.355091044361913,-72.35517596173491,-2.5263899769136735
2026-10-05,0.02737850787132101,332.5,2.785,2.68,2.89,36,14,put,337.1700134277344,0.22289991176643223,2.7849999999705495,-0.33273935304044994,0.029215793656307547,20.269136480354867,-76.9770570950156,-3.1478366086941745
2026-10-05,0.02737850787132101,335.0,3.7249999999999996,3.55,3.9,54,109,put,337.1700134277344,0.22196143204667673,3.7250000000002363,-0.4090088622543545,0.0313716277369308,21.673159788813155,-81.03679434058569,-3.877632404609536
2026-10-05,0.02737850787132101,337.5,4.775,4.6,4.95,100,10,put,337.1700134277344,0.21715287388427743,4.775000000000017,-0.48903711845559267,0.032913129685997675,22.24551294004068,-80.05250963086532,-4.645137626182963
2026-10-05,0.02737850787132101,340.0,6.15,5.9,6.4,2,27,put,337.1700134277344,0.2178947590708639,6.15,-0.570305886351404,0.03230129425317554,21.906569331110724,-77.61700579995372,-5.432992289090181
2026-10-05,0.02737850787132101,342.5,7.7,7.4,8.0,4,7,put,337.1700134277344,0.21758573310184587,7.699999999991727,-0.6483617706174806,0.030557779361671592,20.69473494176861,-71.3325380311443,-6.195979381385826
2026-10-05,0.02737850787132101,345.0,9.525,9.15,9.9,3,20,put,337.1700134277344,0.2220244331230919,9.525000000005864,-0.7158211988541507,0.027362535933678725,18.90883519495896,-64.58026484468475,-6.868677432704088
2026-10-05,0.02737850787132101,350.0,13.3,12.5,14.1,10,3,put,337.1700134277344,0.21043182638511704,13.299999999999944,-0.8454071681024901,0.020249173101067865,13.262530002748592,-36.580946311653946,-8.168266836988895
2026-10-05,0.02737850787132101,355.0,17.4,16.5,18.3,0,1,put,337.1700134277344,0.1379750551135143,17.399999999999945,-0.9855362339068875,0.0047291404875731005,2.0309089513134526,11.75485441146823,-9.574079814371087
2026-10-05,0.02737850787132101,362.5,25.35,24.35,26.35,0,2,put,337.1700134277344,0.2884376168652959,25.349999999956893,-0.9285987182093407,0.008459171863298785,7.594294051654818,-23.63150159528528,-9.266136681384728
2026-10-07,0.03285420944558522,320.0,18.825000000000003,17.6,20.05,5,6,call,337.1700134277344,0.27400068155181656,18.824999999947487,0.8661361860604478,0.012879283957417158,13.180511653942625,-67.98200870330933,8.976103473816849
2026-10-07,0.03285420944558522,325.0,14.625,13.9,15.35,1,6,call,337.1700134277344,0.26670021892103574,14.624999999999995,0.7929803616358321,0.017524051945039053,17.456083550853066,-82.9101157887818,8.303710856038872
2026-10-07,0.03285420944558522,335.0,7.35,7.0,7.7,11,44,call,337.1700134277344,0.2431656450652202,7.349999999999996,0.5808490883849383,0.02628619562873053,23.873652085804373,-97.35968397633997,6.192850757461583
2026-10-07,0.03285420944558522,340.0,4.7,4.4,5.0,19,69,call,337.1700134277344,0.23609999481102778,4.699999999999994,0.4454170305009317,0.027385385720813473,24.14925557573135,-93.7314210738938,4.779671988663349
2026-10-07,0.03285420944558522,345.0,2.675,2.51,2.84,6,171,call,337.1700134277344,0.22635688338019183,2.6750000000000096,0.30828081599196194,0.02543821048680944,21.50647185815728,-78.93446555926705,3.327081621930931
2026-10-07,0.03285420944558522,350.0,1.495,1.37,1.62,37,37,call,337.1700134277344,0.22673516532862872,1.495000000341136,0.197687116139898,0.02006144678495637,16.98908698525602,-61.7431468696079,2.1407529397302127
2026-10-07,0.03285420944558522,355.0,0.8400000000000001,0.68,1.0,4,47,call,337.1700134277344,0.23234438047725264,0.839999999998601,0.12197144005014916,0.014249492107152099,12.365750113160148,-45.654666987630016,1.3235355097991062
2026-10-07,0.03285420944558522,360.0,0.385,0.24,0.53,10,271,call,337.1700134277344,0.22889164150489555,0.3849999999695958,0.06419374166272497,0.008976318882601395,7.673917290592053,-27.750183104875763,0.6984543651228877
2026-10-07,0.03285420944558522,320.0,0.915,0.79,1.04,5,34,put,337.1700134277344,0.2550954580702329,0.9149999997380118,-0.11747568465521996,0.012639416652986518,12.042555720552835,-44.80227894313517,-1.331393122706228
2026-10-07,0.03285420944558522,325.0,1.505,1.24,1.77,4,10,put,337.1700134277344,0.24062983543342845,1.5049999999999948,-0.18381060267846458,0.018077280048541537,16.246935936469807,-56.44308007108736,-2.085599125199437
2026-10-07,0.03285420944558522,330.0,2.62,2.47,2.77,17,17,put,337.1700134277344,0.23455319257781393,2.620000000000028,-0.2863523057978438,0.023735330920942373,20.793401891907152,-69.45102874366964,-3.2581325927202207
2026-10-07,0.03285420944558522,335.0,4.475,4.05,4.9,27,25,put,337.1700134277344,0.235724714495962,4.474999999999991,-0.41700352877484514,0.027087476172948675,23.848582381698773,-78.56922393159381,-4.766360095159825
2026-10-07,0.03285420944558522,340.0,6.775,6.45,7.1,28,28,put,337.1700134277344,0.22703307195477565,6.775000000000026,-0.557242655865435,0.02845044047570625,24.12498367261233,-73.97808840271716,-6.395417289877786
2026-10-07,0.03285420944558522,345.0,9.975,9.6,10.35,1,4,put,337.1700134277344,0.22704695875865935,9.975,-0.6909753315318065,0.025381769901064673,21.524174267338438,-62.66247472063775,-7.981968355180695
2026-10-07,0.03285420944558522,350.0,13.8,12.65,14.95,10,2,put,337.1700134277344,0.22841075845250738,13.800000000140612,-0.8003264917789022,0.020024777510933033,17.083354900135877,-45.69988555713127,-9.318968180034648
2026-10-07,0.03285420944558522,355.0,18.2,17.15,19.25,0,10,put,337.1700134277344,0.23964541528302888,18.200000000013976,-0.870258346753349,0.014410805965823571,12.898710733460883,-31.99393428869828,-10.238193624983609
2026-10-09,0.038329911019849415,120.0,217.95,216.5,219.4,0,1,call,337.1700134277344,2.502682656411344,217.95,0.9906035936589175,0.0001500523927414838,1.6363809183217843,-57.90301333545542,4.4482562016633755
2026-10-09,0.038329911019849415,195.0,143.125,141.7,144.55,1,1,call,337.1700134277344,1.4144949336323351,143.1249999999868,0.9829119655171334,0.00044915525827563815,2.768430225206295,-59.403895336186096,7.216887525157789
2026-10-09,0.038329911019849415,210.0,128.175,126.75,129.6,0,1,call,337.1700134277344,1.2510655181366095,128.17500000000106,0.9802591387987077,0.0005750347101699408,3.134799812171421,-60.23039788276394,7.755635367227542
2026-10-09,0.038329911019849415,215.0,123.15,121.7,124.6,16,16,call,337.1700134277344,1.1856850254715066,123.14999999999999,0.9802230954835854,0.0006076928934172699,3.1397074978817603,-57.89848433477856,7.9477773572327495
2026-10-09,0.038329911019849415,220.0,118.175,116.75,119.6,1,1,call,337.1700134277344,1.1373263116010606,118.1749999999998,0.9789915985458089,0.0006671517527372298,3.306324044014293,-58.63355722048941,8.122553171752543
2026-10-09,0.038329911019849415,225.0,113.175,111.75,114.6,0,1,call,337.1700134277344,1.0823297908065446,113.17499999999184,0.9783016884353732,0.00072065680171014,3.3987858375830404,-57.820833358225535,8.305286537894412
2026-10-09,0.038329911019849415,235.0,103.2,101.75,104.65,65,65,call,337.1700134277344,0.9826197193831472,103.20000000000059,0.9760889633849877,0.0008621001044011613,3.6912959874834166,-57.64232944573888,8.659030813077363
2026-10-09,0.038329911019849415,240.0,98.19999999999999,96.8,99.6,1,1,call,337.1700134277344,0.930724933750116,98.20000000000014,0.975211310462315,0.0009383746792693071,3.805689277377707,-56.78315244588117,8.839337848072274
2026-10-09,0.038329911019849415,245.0,93.225,91.8,94.65,1,4,call,337.1700134277344,0.8861032723566118,93.22499999999998,0.9735051861233912,0.0010425736528677182,4.025564443823064,-57.345539078430754,9.007979722055307
2026-10-09,0.038329911019849415,250.0,88.125,86.8,89.45,1,3,call,337.1700134277344,0.8106051131904467,88.1249999999965,0.9757238120876167,0.0010585473155105911,3.7389986774312343,-50.65702058744676,9.232135117116592
2026-10-09,0.038329911019849415,255.0,83.07499999999999,81.8,84.35,0,20,call,337.1700134277344,0.7488001964299018,83.07499999999172,0.9765829537463114,0.001111443434239018,3.626511106132858,-46.825348495648576,9.436804453911789
2026-10-09,0.038329911019849415,260.0,78.25,76.85,79.65,2,10,call,337.1700134277344,0.7436702520876193,78.2499999999981,0.9691105471168667,0.001412665190096861,4.577784566699605,-55.94567986769165,9.525175158332562
2026-10-09,0.038329911019849415,265.0,73.3,71.85,74.75,4,16,call,337.1700134277344,0.7060260922937114,73.3,0.9658078813105737,0.0016189012819162838,4.980544397897669,-57.615997674880795,9.672225566985269
2026-10-09,0.038329911019849415,270.0,68.25,66.85,69.65,4,18,call,337.1700134277344,0.6485609268385886,68.24999999998836,0.9660137440440087,0.0017535609341671893,4.955726610136703,-53.94353617244866,9.868452125146844
2026-10-09,0.038329911019849415,275.0,63.35,61.95,64.75,4,23,call,337.1700134277344,0.6204883816690262,63.34999999999993,0.9600723876335321,0.0020925232042748403,5.657696338152483,-57.97408904026789,9.979484401423495
2026-10-09,0.038329911019849415,280.0,58.15,56.9,59.4,1,260,call,337.1700134277344,0.53663894207112,58.15,0.9668187527085685,0.0020776298050950706,4.8583192438273475,-46.57471411696391,10.26598791419868
2026-10-09,0.038329911019849415,285.0,53.325,51.95,54.7,1,78,call,337.1700134277344,0.5234157720059233,53.32500000004417,0.9561450828191244,0.0026773970068461337,6.106540982493537,-54.34224900654983,10.312986463466641
2026-10-09,0.038329911019849415,290.0,48.25,47.0,49.5,56,35,call,337.1700134277344,0.4657979062927532,48.249999999922494,0.9569512961246471,0.0029636430939972208,6.015325473051641,-49.480327631332436,10.51793001806318
2026-10-09,0.038329911019849415,295.0,43.175,42.1,44.25,2,164,call,337.1700134277344,0.4090556463334074,43.17500000000001,0.9581254362649735,0.0032997438069449028,5.881638277106519,-44.602513512775445,10.727628547440954
2026-10-09,0.038329911019849415,300.0,38.2,37.2,39.2,1,111,call,337.1700134277344,0.36955182854037133,38.20000000000001,0.9529506721462307,0.004013786479984108,6.463463770217573,-44.556343131631984,10.851442773248966
2026-10-09,0.038329911019849415,305.0,33.400000000000006,32.2,34.6,22,88,call,337.1700134277344,0.35219054839029695,33.40000000000006,0.934990256607767,0.005441769201005113,8.351288995105772,-51.72932375902139,10.803311384677295
2026-10-09,0.038329911019849415,310.0,28.65,27.45,29.85,1,241,call,337.1700134277344,0.3321669085289874,28.649999999999984,0.9117519123531798,0.007286321378588192,10.546306405282353,-58.93462126352265,10.685053151081117
2026-10-09,0.038329911019849415,312.5,26.225,25.25,27.2,0,10,call,337.1700134277344,0.31491902060946014,26.225000000000087,0.9018314439597753,0.008316503738455936,11.41235773564811,-60.08749575900781,10.649794061526586
2026-10-09,0.038329911019849415,315.0,23.424999999999997,22.65,24.2,13,552,call,337.1700134277344,0.26347167601559707,23.425000000000058,0.9160339284690467,0.00884970606206377,10.160111586471151,-48.502940957666546,10.940666413334323
2026-10-09,0.038329911019849415,320.0,19.175,18.55,19.8,11,526,call,337.1700134277344,0.2725674576950577,19.175000000002527,0.8508066467265887,0.012900210471664364,15.321683856487534,-67.23025502231582,10.260590935022309
2026-10-09,0.038329911019849415,322.5,17.225,16.6,17.85,6,6,call,337.1700134277344,0.27788848693226814,17.225000000008915,0.8100538144253914,0.014780484168835041,17.897604722433144,-77.07514687139344,9.808657020719584
2026-10-09,0.038329911019849415,325.0,14.9,14.55,15.25,10,676,call,337.1700134277344,0.2578961231445791,14.900000000000022,0.7850205832492917,0.01715216770533461,19.275228071446257,-76.76020486632497,9.5742521788719
2026-10-09,0.038329911019849415,327.5,13.125,12.75,13.5,1,14,call,337.1700134277344,0.2619246415513306,13.125000000009154,0.7351779336431693,0.01892891871067419,21.60418372636191,-85.01791691201771,8.998136489021906
2026-10-09,0.038329911019849415,330.0,11.075,10.95,11.2,64,4678,call,337.1700134277344,0.24810880808252567,11.074999999999982,0.6929717401582742,0.021441800686626673,23.181371909351817,-85.65448767563474,8.531252766814184
2026-10-09,0.038329911019849415,332.5,9.375,9.2,9.55,13,95,call,337.1700134277344,0.2446693783511522,9.374999999999995,0.6380317402554,0.02320009246056224,24.7346079900676,-88.77271796423753,7.886385724871391
2026-10-09,0.038329911019849415,335.0,7.775,7.6,7.95,134,1634,call,337.1700134277344,0.23969493009318482,7.774999999999976,0.5792502404629047,0.024708232210386084,25.806922637213667,-89.6540059449484,7.188039312713329
2026-10-09,0.038329911019849415,337.5,6.4,6.25,6.55,330,613,call,337.1700134277344,0.2376418363417631,6.4000000000000865,0.5165647699608757,0.025404286531078856,26.30665320554924,-89.57035266681503,6.430614937538784
2026-10-09,0.038329911019849415,340.0,5.175,5.0,5.35,1609,3285,call,337.1700134277344,0.23530471083699134,5.1749999994998115,0.45276361538269716,0.025499462705411292,26.145523927055343,-87.30611862162829,5.653022313214051
2026-10-09,0.038329911019849415,342.5,4.1,3.95,4.25,120,739,call,337.1700134277344,0.23262335195367315,4.100000000401809,0.38919772479984566,0.024967963893237438,25.308833836477067,-82.88090490185442,4.872720682682222
2026-10-09,0.038329911019849415,345.0,3.125,3.05,3.2,401,4820,call,337.1700134277344,0.2275441905555832,3.124999999999998,0.325661012531469,0.02397881057999833,23.775468662936753,-75.67604868598654,4.088963152782339
2026-10-09,0.038329911019849415,347.5,2.4050000000000002,2.33,2.48,76,117,call,337.1700134277344,0.2267943255798734,2.405000000329602,0.2688939983413374,0.022038274086027997,21.779377461902826,-68.65757924437095,3.3829210196708788
2026-10-09,0.038329911019849415,350.0,1.795,1.75,1.84,394,3201,call,337.1700134277344,0.22486947662655177,1.7949999999999993,0.216336537815086,0.01975343741616036,19.355700230588933,-60.18297894062317,2.7270655908016685
2026-10-09,0.038329911019849415,352.5,1.335,1.29,1.38,337,377,call,337.1700134277344,0.22449053937481472,1.3349999999999742,0.17157654868433608,0.017176400061618687,16.802189859483068,-51.90958191285755,2.166232829932778
2026-10-09,0.038329911019849415,355.0,0.98,0.94,1.02,355,1808,call,337.1700134277344,0.22445027121013822,0.9800000000000318,0.13372649161208708,0.014558152302205833,14.238429543286212,-43.800633374146265,1.6906772939490113
2026-10-09,0.038329911019849415,357.5,0.72,0.68,0.76,54,352,call,337.1700134277344,0.22547897598164615,0.7199999999999815,0.10335792871535092,0.01207730630888214,11.866204605953136,-36.53658246630711,1.3081689773564624
2026-10-09,0.038329911019849415,360.0,0.515,0.49,0.54,565,3004,call,337.1700134277344,0.22573115111292866,0.5149999999999176,0.07796922291989744,0.009784187376172987,9.623918910205765,-29.57299220824733,0.9879106780121201
2026-10-09,0.038329911019849415,365.0,0.27,0.26,0.28,946,1344,call,337.1700134277344,0.22928213162637343,0.27000000000000196,0.04424035324062839,0.006177148324741652,6.171545538401167,-19.160180262105545,0.5613998273693782
2026-10-09,0.038329911019849415,370.0,0.15,0.12,0.18,58,1032,call,337.1700134277344,0.23614008465724584,0.15000000000056024,0.025769774597292263,0.0038457333541094324,3.9571688436670183,-12.598628934138972,0.3272912620341526
2026-10-09,0.038329911019849415,375.0,0.08,0.07,0.09,26,1253,call,337.1700134277344,0.2416207647405276,0.07999999999983907,0.01442652573945108,0.002296006101436677,2.4173692306541597,-7.848442333070949,0.18337764895827546
2026-10-09,0.038329911019849415,380.0,0.05500000000000001,0.04,0.07,12,439,call,337.1700134277344,0.25501159203162715,0.05499999998596492,0.009811737537822066,0.001557172996652604,1.7303441299602234,-5.911930293418408,0.12469577408206074
2026-10-09,0.038329911019849415,385.0,0.025,0.01,0.04,5,115,call,337.1700134277344,0.2553902428859307,0.025000000009591464,0.004779724767644203,0.0008239321451489758,0.9169199996518919,-3.130726437866689,0.06081346501598989
2026-10-09,0.038329911019849415,390.0,0.030000000000000002,0.01,0.05,2,131,call,337.1700134277344,0.28306057385604116,0.02999999999999896,0.0051476931425796105,0.0007941650403523982,0.9795482781478171,-3.6986287551501422,0.06537732710219286
2026-10-09,0.038329911019849415,395.0,0.030000000000000002,0.01,0.05,5,149,call,337.1700134277344,0.3051458633605292,0.029999999908481595,0.004811067659385907,0.0006936160787992911,0.9222790349716036,-3.747422135764857,0.06102688148861777
2026-10-09,0.038329911019849415,400.0,0.02,0.01,0.03,1,343,call,337.1700134277344,0.3135524514089301,0.01999999999935167,0.003234720904644427,0.0004730422896901708,0.6463174269837558,-2.6948456918454844,0.04103795337977867
2026-10-09,0.038329911019849415,405.0,0.055,0.0,0.11,2,8,call,337.1700134277344,0.3717866131363369,0.05499999992445795,0.007011949460365915,0.0007951999596522255,1.288266741625971,-6.358433946941449,0.08851216238999034
2026-10-09,0.038329911019849415,415.0,0.25,0.0,0.5,3,159,call,337.1700134277344,0.5047553852908866,0.25000000006402423,0.020988931916442116,0.0015137582379081886,3.3294552211287227,-22.248749154454973,0.26167211056676776
2026-10-09,0.038329911019849415,110.0,0.26,0.0,0.52,0,100,put,337.1700134277344,2.4123782917560734,0.26000000004077256,-0.004504276269943214,8.272718174547554e-05,0.8696196385019078,-27.27904614986386,-0.06817767684171533
2026-10-09,0.038329911019849415,130.0,0.26,0.0,0.52,3,11,put,337.1700134277344,2.071523069327817,0.2599999999999981,-0.005273908209320497,0.00011088188471548722,1.0008893564075674,-26.947177268658223,-0.07812416652852895
2026-10-09,0.038329911019849415,190.0,0.26,0.0,0.52,3,21,put,337.1700134277344,1.2984265324770925,0.2599999999995425,-0.008408108124271802,0.0002671588827040917,1.5115506259898817,-25.452046263745704,-0.1186296153546051
2026-10-09,0.038329911019849415,195.0,0.26,0.0,0.52,3,6,put,337.1700134277344,1.2451980244988687,0.2600000000000164,-0.00875785497888367,0.00028871911071193734,1.5665694460062634,-25.290525138781362,-0.12314963759506427
2026-10-09,0.038329911019849415,200.0,0.26,0.0,0.52,2,20,put,337.1700134277344,1.1932268620758852,0.26000000004396134,-0.009127664699107729,0.0003124117993343885,1.624374441054844,-25.122239124589886,-0.127928946225554
2026-10-09,0.038329911019849415,205.0,0.255,0.0,0.51,2,26,put,337.1700134277344,1.1394542010105577,0.25500000000139345,-0.00937859354938663,0.0003350123651590532,1.6633874037780971,-24.55891328960832,-0.13098022500133838
2026-10-09,0.038329911019849415,210.0,0.24,0.0,0.48,1,3,put,337.1700134277344,1.081030743706062,0.24000000000000082,-0.009343083145209647,0.0003519479574974662,1.6578765620451157,-23.214881590390775,-0.1299463506457902
2026-10-09,0.038329911019849415,215.0,0.245,0.0,0.49,1,14,put,337.1700134277344,1.0357373221638284,0.24499999999411207,-0.009917071181563191,0.0003869874603794296,1.746554798762926,-23.423909078692546,-0.13755604744213001
2026-10-09,0.038329911019849415,220.0,0.245,0.0,0.49,8,11,put,337.1700134277344,0.9884365794364001,0.245,-0.010370629741758697,0.000421639968191164,1.8160436317742725,-23.23488237462173,-0.14341770067066334
2026-10-09,0.038329911019849415,225.0,0.245,0.0,0.49,4,11,put,337.1700134277344,0.9420673218212057,0.2449999999988448,-0.010856745103500567,0.00046040274738012594,1.8899727542272318,-23.037053899151662,-0.14970010812480952
2026-10-09,0.038329911019849415,230.0,0.24,0.0,0.48,2,14,put,337.1700134277344,0.894019219945319,0.2399999999955758,-0.011201380688030844,0.0004985156091043046,1.942054056389367,-22.4545429700268,-0.15396242430618318
2026-10-09,0.038329911019849415,235.0,0.02,0.01,0.03,5,86,put,337.1700134277344,0.6420001056175336,0.019999999945897132,-0.001590512472007711,0.00012146046417681461,0.33978619765100787,-2.8187934795112386,-0.021321898866135593
2026-10-09,0.038329911019849415,240.0,0.02,0.01,0.03,6,258,put,337.1700134277344,0.6074846601320819,0.01999999995721369,-0.001676888325857636,0.00013469708900956637,0.3565572105632427,-2.79731021473751,-0.0224381941964359
2026-10-09,0.038329911019849415,245.0,0.025,0.01,0.04,42,155,put,337.1700134277344,0.5858142740950839,0.024999999978918618,-0.0021335719492578055,0.0001738577534065102,0.4438024654129145,-3.3555670871368704,-0.028531884349429004
2026-10-09,0.038329911019849415,250.0,0.09,0.0,0.18,310,330,put,337.1700134277344,0.6333841960858021,0.08999999999999776,-0.0064026922565545655,0.00043073939273003526,1.1888238570299514,-9.713992237309554,-0.08619614422348013
2026-10-09,0.038329911019849415,255.0,0.02,0.01,0.03,3,1090,put,337.1700134277344,0.5074711452766464,0.019999999988786214,-0.0019903496560920984,0.0001884336159418377,0.41668266486201755,-2.725075370308469,-0.02648927332958094
2026-10-09,0.038329911019849415,260.0,0.030000000000000002,0.01,0.05,2,382,put,337.1700134277344,0.49455423915756386,0.029999999999974814,-0.002963543094367634,0.0002771774115252253,0.5973205565619993,-3.8039317474263923,-0.03944982918248354
2026-10-09,0.038329911019849415,265.0,0.030000000000000002,0.01,0.05,6,76,put,337.1700134277344,0.461658578552584,0.030000000000927854,-0.0031624375626411742,0.0003148167530392568,0.6333072254440305,-3.7611131864080516,-0.04202028094854028
2026-10-09,0.038329911019849415,270.0,0.045,0.03,0.06,52,920,put,337.1700134277344,0.44829621360372623,0.045000000000221016,-0.004712995302342136,0.0004635379173740338,0.9054949518871381,-5.216550458839204,-0.06263416742302738
2026-10-09,0.038329911019849415,275.0,0.05,0.03,0.07,59,333,put,337.1700134277344,0.4200709322008402,0.05000000000013202,-0.005513838788876335,0.0005688584106993534,1.0412679753738123,-5.61392353722704,-0.07317567523278576
2026-10-09,0.038329911019849415,280.0,0.065,0.05,0.08,606,329,put,337.1700134277344,0.3991603392927692,0.06500000000000107,-0.00733945882442582,0.0007710980507644818,1.3411973477518242,-6.861257946427914,-0.0973443833685843
2026-10-09,0.038329911019849415,285.0,0.07500000000000001,0.05,0.1,4,623,put,337.1700134277344,0.3721156535408914,0.07499999999997674,-0.008915358371716307,0.0009813423820798884,1.5912345232157115,-7.5757740517271355,-0.11809413012091662
2026-10-09,0.038329911019849415,290.0,0.105,0.09,0.12,32,1006,put,337.1700134277344,0.3538022747562756,0.10499999999999479,-0.012643672879304685,0.00139924529884137,2.157198823898107,-9.745764234004048,-0.16742763302635047
2026-10-09,0.038329911019849415,295.0,0.14500000000000002,0.13,0.16,8,431,put,337.1700134277344,0.3343192422483186,0.14499999999999336,-0.017765610155985517,0.001983555980221268,2.889625312835912,-12.306666555925887,-0.23515519290304537
2026-10-09,0.038329911019849415,300.0,0.2,0.19,0.21,76,1716,put,337.1700134277344,0.31410998190602163,0.19999999999999912,-0.024990863304801873,0.0028177454057687905,3.8567295525790097,-15.387710123418978,-0.33064031765834395
2026-10-09,0.038329911019849415,305.0,0.29500000000000004,0.27,0.32,18,720,put,337.1700134277344,0.296703178331584,0.2949999999961962,-0.036964271191497616,0.004125538075540623,5.33382172285518,-20.030083531594915,-0.4890223501593925
2026-10-09,0.038329911019849415,310.0,0.43000000000000005,0.4,0.46,187,627,put,337.1700134277344,0.27791226462380497,0.42999999997983923,-0.05422151434919143,0.005995557107831016,7.260607412537741,-25.421315218796288,-0.7172242630975039
2026-10-09,0.038329911019849415,312.5,0.5349999999999999,0.5,0.57,129,157,put,337.1700134277344,0.2700179802897538,0.5350000000514435,-0.06698153657671124,0.007280730804201813,8.566498750021458,-29.061281810915613,-0.8861555598040802
2026-10-09,0.038329911019849415,315.0,0.675,0.65,0.7,149,1337,put,337.1700134277344,0.2629460593175971,0.6749999999999947,-0.08336645510193,0.008834927706687437,10.122909734359432,-33.33696823309304,-1.1032754633975765
2026-10-09,0.038329911019849415,317.5,0.87,0.82,0.92,17,44,put,337.1700134277344,0.2574303331020482,0.8699999999999907,-0.10483580642896681,0.010687757525283283,11.988973728348757,-38.51722436159398,-1.388213179080272
2026-10-09,0.038329911019849415,320.0,1.1099999999999999,1.08,1.14,81,1427,put,337.1700134277344,0.2514367062684857,1.1100000000476544,-0.13053605502329255,0.01278107033949511,14.003338963518653,-43.75813347111713,-1.729554573444943
2026-10-09,0.038329911019849415,322.5,1.4300000000000002,1.37,1.49,107,302,put,337.1700134277344,0.24659630598378277,1.4300000000000141,-0.16261225819275663,0.015104876050079416,16.230781449264803,-49.50300765967487,-2.1563632632364778
2026-10-09,0.038329911019849415,325.0,1.805,1.72,1.89,191,917,put,337.1700134277344,0.24040768077423572,1.8050000000000874,-0.19938561425147228,0.017607420514120797,18.445047282937313,-54.52171090365363,-2.6459846770226547
2026-10-09,0.038329911019849415,327.5,2.31,2.22,2.4,59,91,put,337.1700134277344,0.23619736327699173,2.309999999999954,-0.24436569515634987,0.020132430466918826,20.720820594345156,-59.7658490085449,-3.2466502013415934
2026-10-09,0.038329911019849415,330.0,3.01,2.97,3.05,10657,1126,put,337.1700134277344,0.23552649056835928,3.0100000000000104,-0.29831051983831386,0.022303823424565314,22.890473519065676,-65.3403158765001,-3.970647687099964
2026-10-09,0.038329911019849415,332.5,3.775,3.65,3.9,41,126,put,337.1700134277344,0.23170034145071258,3.775,-0.355359783414367,0.024346758100280554,24.581224437506833,-68.3442028344015,-4.737257443496194
2026-10-09,0.038329911019849415,335.0,4.675,4.55,4.8,361,756,put,337.1700134277344,0.22748883516629156,4.675000000000008,-0.41731940385353283,0.02598988762945971,25.763222619448563,-69.4508971662849,-5.572501700241744
2026-10-09,0.038329911019849415,337.5,5.775,5.65,5.9,82,132,put,337.1700134277344,0.22492007310356804,5.774999999999999,-0.4833224507934927,0.026841406417608453,26.306870170958028,-69.05616716726556,-6.467667956565486
2026-10-09,0.038329911019849415,340.0,7.050000000000001,6.9,7.2,37,268,put,337.1700134277344,0.2226915659802385,7.050000000000026,-0.5507060210444372,0.026913083821359235,26.115775753166304,-66.57818655465648,-7.387383411756383
2026-10-09,0.038329911019849415,342.5,8.525,8.4,8.65,14,31,put,337.1700134277344,0.2217520322727406,8.524999999939174,-0.6167184735838892,0.026071342610290045,25.192235242480706,-62.44008003171052,-8.29704493982454
2026-10-09,0.038329911019849415,345.0,10.125,9.95,10.3,4,66,put,337.1700134277344,0.21933130104604623,10.125000000000012,-0.6808016910916294,0.024664813949096684,23.572962004756587,-55.88973705005397,-9.18656485852935
2026-10-09,0.038329911019849415,350.0,13.725,13.35,14.1,6,426,put,337.1700134277344,0.21145858996805794,13.725000000030407,-0.7985354268338192,0.02013152763366175,18.54973719282689,-37.51657755960952,-10.84610762007817
2026-10-09,0.038329911019849415,355.0,18.35,17.5,19.2,12,25,put,337.1700134277344,0.23772032891517023,18.34999999999834,-0.8516878855544799,0.01473269180764688,15.26103976532805,-32.56772655360012,-11.710309709297672
2026-10-09,0.038329911019849415,360.0,22.925,22.05,23.8,1,32,put,337.1700134277344,0.24890505078819414,22.924999999999,-0.8999666696302799,0.010668331424291952,11.570867116628046,-21.78895785796055,-12.509609410465583
2026-10-09,0.038329911019849415,365.0,27.875,26.9,28.85,1,2,put,337.1700134277344,0.28364336092458875,27.874999999999527,-0.9140584356546958,0.008365276829542353,10.339240506227059,-21.984818668819,-12.881460178858266
2026-10-09,0.038329911019849415,375.0,37.525000000000006,36.2,38.85,4,0,put,337.1700134277344,0.31278866877464007,37.52499999986149,-0.9529310252201391,0.004743780982545213,6.465637306423142,-8.969986056787127,-13.75372137430956
2026-10-09,0.038329911019849415,395.0,57.900000000000006,56.95,58.85,0,0,put,337.1700134277344,0.49682959986004266,57.89999999997574,-0.9404248121153926,0.0036027819795263778,7.799758237848959,-32.261271504703444,-14.373066807397018
2026-10-09,0.038329911019849415,410.0,72.45,71.2,73.7,1,0,put,337.1700134277344,0.5142055722584264,72.45000000000051,-0.9693521802518417,0.0020297398960473145,4.5479204994837374,-10.977757683645452,-15.30461554235194
2026-10-09,0.038329911019849415,415.0,77.9,76.95,78.85,1,1,put,337.1700134277344,0.6215768320502674,77.89999999999982,-0.9483439664841875,0.002571952259634045,6.966159583379578,-37.00649689372099,-15.242009776290702
2026-10-16,0.057494866529774126,130.0,207.725,205.95,209.5,1,34,call,337.1700134277344,1.689958033776972,207.725,0.9945009309018155,0.00010980829025069494,1.2129363351506346,-22.911777156695226,7.335821318952083
2026-10-16,0.057494866529774126,135.0,202.72500000000002,200.9,204.55,1,61,call,337.1700134277344,1.6149486765069327,202.72500000000005,0.9945472922972379,0.00011399848936378687,1.2033300933948108,-22.251399904657447,7.624194392514461
2026-10-16,0.057494866529774126,140.0,197.85000000000002,196.65,199.05,1,994,call,337.1700134277344,1.6321517964063965,197.84999999996907,0.9925442191472418,0.00015080378078378992,1.6087913916379666,-28.41245557294145,7.865651202321856
2026-10-16,0.057494866529774126,145.0,192.875,191.2,194.55,1,19,call,337.1700134277344,1.5776135107051732,192.87499999999753,0.9921066441702114,0.00016438058237248395,1.6950327287598503,-29.08921477089641,8.14320553393281
2026-10-16,0.057494866529774126,150.0,187.9,186.0,189.8,2,13,call,337.1700134277344,1.5246431428237008,187.89999999999995,0.9916477403186925,0.0001790879521743804,1.7846848289738415,-29.753333581612605,8.420346393690776
2026-10-16,0.057494866529774126,155.0,182.9,181.0,184.8,2,64,call,337.1700134277344,1.4595143031749547,182.90000000002803,0.9915967908353441,0.0001881178277041645,1.79459009782627,-29.132407635109995,8.706833042839941
2026-10-16,0.057494866529774126,160.0,177.925,176.0,179.85,3,230,call,337.1700134277344,1.410035386722592,177.92500000000004,0.9911039218820346,0.00020506367579556077,1.8899299459712753,-29.784995190626415,8.983315470593185
2026-10-16,0.057494866529774126,165.0,172.825,171.05,174.6,1,82,call,337.1700134277344,1.290217593938187,172.82499999999888,0.9930265164695322,0.00017939109595220044,1.5128323386430436,-23.8859858864295,9.313809833633732
2026-10-16,0.057494866529774126,170.0,167.85000000000002,166.05,169.65,3,63,call,337.1700134277344,1.246954340277378,167.85000000000008,0.9925524282826034,0.00019718926562548202,1.6071661523498035,-24.595767020478934,9.590656336775602
2026-10-16,0.057494866529774126,180.0,157.875,156.1,159.65,3,95,call,337.1700134277344,1.1485990004786946,157.875,0.9920943220446143,0.00022610059597881317,1.6974504187040915,-24.644177436731585,10.155286991355492
2026-10-16,0.057494866529774126,190.0,148.02499999999998,146.35,149.7,2,55,call,337.1700134277344,1.115949093553323,148.02499999999998,0.9886353320873313,0.00032293965221451043,2.355552095655708,-31.0150030698746,10.654557021479482
2026-10-16,0.057494866529774126,195.0,142.97500000000002,141.3,144.65,1,215,call,337.1700134277344,1.0421695456538076,142.97499999999224,0.9897403750568247,0.0003155431410144577,2.1494338249313993,-27.921089873177227,10.966327957578784
2026-10-16,0.057494866529774126,200.0,138.375,136.85,139.9,2,285,call,337.1700134277344,1.1286086067058883,138.3749999999995,0.9807440978715439,0.0005072796056349718,3.742120059614182,-45.26704498680333,11.056406608128473
2026-10-16,0.057494866529774126,205.0,133.02499999999998,131.85,134.2,86,817,call,337.1700134277344,0.964898078580469,133.0249999999999,0.9883595342292213,0.00038156569436308997,2.4064548597925914,-29.13840961021611,11.511633527658901
2026-10-16,0.057494866529774126,210.0,128.02499999999998,126.85,129.2,1,472,call,337.1700134277344,0.917045234463499,128.0249999999991,0.9882854796061674,0.00040375074708112925,2.420087418523237,-28.50948760437279,11.797672271086084
2026-10-16,0.057494866529774126,215.0,123.15,121.55,124.75,19,457,call,337.1700134277344,0.9159687449158139,123.14999999999998,0.9847525685249604,0.0005102014761313252,3.0545646548270917,-33.7420573673761,12.009472338956037
2026-10-16,0.057494866529774126,220.0,118.075,116.95,119.2,10,873,call,337.1700134277344,0.8441103740558861,118.07499999999996,0.9866523522461035,0.0004924697370578472,2.7171007478677747,-29.65571045910745,12.3380871292589
2026-10-16,0.057494866529774126,225.0,113.075,111.9,114.25,4,445,call,337.1700134277344,0.7994138036545692,113.075,0.9865210040792677,0.0005245210544815455,2.7407001607432835,-29.026510374686428,12.623015206119428
2026-10-16,0.057494866529774126,230.0,108.125,106.95,109.3,5,652,call,337.1700134277344,0.7729216119700727,108.12500000000007,0.9847688687206477,0.0006040597590123455,3.051703337057263,-30.719537466491285,12.87364869674159
2026-10-16,0.057494866529774126,235.0,103.125,101.95,104.3,1,345,call,337.1700134277344,0.7300102715948522,103.12499999999999,0.9845481049226396,0.0006476790800651504,3.090407841615105,-30.08785881406538,13.156843402867496
2026-10-16,0.057494866529774126,240.0,98.125,97.0,99.25,1,575,call,337.1700134277344,0.688020728042542,98.12499999999994,0.9843241036881365,0.000695916008573622,3.1295745830503665,-29.455090369777594,13.4399753495228
2026-10-16,0.057494866529774126,245.0,93.3,92.1,94.5,4,353,call,337.1700134277344,0.6944110936183839,93.29999999990387,0.9779047268113084,0.0009279445911656934,4.211779744189921,-36.316169043840496,13.592944961731162
2026-10-16,0.057494866529774126,250.0,88.125,87.05,89.2,5,1397,call,337.1700134277344,0.606651204514371,88.1249999999996,0.983863150674945,0.0008095020091354404,3.2098441907827375,-28.18654564598225,14.00598818947739
2026-10-16,0.057494866529774126,255.0,83.225,82.15,84.3,5,1065,call,337.1700134277344,0.5949764565384129,83.22500000000001,0.9794672822157874,0.0010169871478370649,3.954960970405232,-31.904572258027752,14.202496729996422
2026-10-16,0.057494866529774126,260.0,78.1,77.15,79.05,6,1485,call,337.1700134277344,0.5206871564978548,78.09999999990059,0.9845712404065219,0.0009068642394452777,3.0863565656600995,-25.770547891132747,14.59610093174285
2026-10-16,0.057494866529774126,265.0,73.67500000000001,72.9,74.45,9,938,call,337.1700134277344,0.5998773683830337,73.67499999999995,0.9609920463956619,0.0017303670780778758,6.784653580638361,-47.04219226256393,14.39342019145954
2026-10-16,0.057494866529774126,270.0,68.3,67.55,69.05,12,1500,call,337.1700134277344,0.4961693370523938,68.30000000000004,0.9741353726926727,0.0014850447174247856,4.816110131236617,-32.926702741011816,14.957245641384276
2026-10-16,0.057494866529774126,275.0,63.275,62.65,63.9,4,1558,call,337.1700134277344,0.4534821238885359,63.275000000000006,0.9743784525101326,0.0016118922546999657,4.777746874365588,-31.257802825327715,15.250869580416875
2026-10-16,0.057494866529774126,280.0,58.475,57.95,59.0,84,2208,call,337.1700134277344,0.45186049800194383,58.474999999997515,0.9633544365028331,0.0021820850275048793,6.444704404171245,-37.81684144605522,15.313138382253069
2026-10-16,0.057494866529774126,285.0,53.75,52.7,54.8,81,1828,call,337.1700134277344,0.45044318790031773,53.74999999999999,0.9487978800550013,0.002873112996512072,8.459012888802503,-45.64279024827674,15.302614847708046
2026-10-16,0.057494866529774126,290.0,48.725,48.35,49.1,1537,3428,call,337.1700134277344,0.40872330882507774,48.7249999999994,0.9465636714576956,0.003276277340591682,8.752598769058073,-43.84743995071401,15.548215200896768
2026-10-16,0.057494866529774126,295.0,44.025,43.4,44.65,3,2095,call,337.1700134277344,0.40000560098063487,44.024999999980054,0.9289213761041282,0.004187614901977193,10.948629654123195,-50.786611365486436,15.476435564521626
2026-10-16,0.057494866529774126,300.0,38.925,38.45,39.4,1071,15272,call,337.1700134277344,0.35131718801800665,38.925,0.9277895243766061,0.0048263732690138625,11.082742976968735,-46.81251959648406,15.747717821315815
2026-10-16,0.057494866529774126,305.0,34.05,33.65,34.45,41,6844,call,337.1700134277344,0.3223276546641433,34.0499999999998,0.9146707440052182,0.005973129459383735,12.58422435307673,-48.27336031083122,15.773690589465032
2026-10-16,0.057494866529774126,310.0,29.299999999999997,28.9,29.7,37,9985,call,337.1700134277344,0.2998962565459416,29.29999999999925,0.8927501100016804,0.007600133698603599,14.897700312099442,-51.74910651996374,15.621847770333886
2026-10-16,0.057494866529774126,312.5,27.0,26.55,27.45,1,41,call,337.1700134277344,0.2916415995311015,26.99999999999998,0.8769236261423085,0.00862150553933764,16.43461518802349,-54.44340683065377,15.447280949572875
2026-10-16,0.057494866529774126,315.0,24.525,24.35,24.7,31,7685,call,337.1700134277344,0.27169159657003367,24.5249999999966,0.8681723391039177,0.00970868482549251,17.24104419946471,-53.48703352850734,15.419932276244861
2026-10-16,0.057494866529774126,317.5,22.55,22.1,23.0,5,41,call,337.1700134277344,0.2776207521762338,22.54999999998472,0.8356528793885566,0.011017717247176689,19.992656569479628,-60.59764195732901,14.903077190559822
2026-10-16,0.057494866529774126,320.0,20.325000000000003,20.05,20.6,116,8552,call,337.1700134277344,0.2674302503679463,20.325000000001747,0.8130797185314212,0.012412007109238968,21.69599155639027,-62.539896514600684,14.593410244808151
2026-10-16,0.057494866529774126,322.5,18.525,17.85,19.2,1,11,call,337.1700134277344,0.2731743470407246,18.524999999996506,0.7743558253058532,0.013590229474561252,24.265746720206675,-69.19718164723061,13.946217232965553
2026-10-16,0.057494866529774126,325.0,16.2,15.9,16.5,574,9376,call,337.1700134277344,0.2542333600765381,16.200000000148147,0.7511522275311889,0.015411110374078855,25.609047449068395,-67.91778128868845,13.630078410675218
2026-10-16,0.057494866529774126,327.5,14.3,14.0,14.6,42,8,call,337.1700134277344,0.24954454118206812,14.299999999999958,0.7128584588496611,0.016877261429156076,27.528148874752027,-70.5192256295464,12.996973084163448
2026-10-16,0.057494866529774126,330.0,12.425,12.3,12.55,705,14841,call,337.1700134277344,0.24249460680232304,12.424999999997608,0.6720822013787363,0.018415599703426527,29.188710351363074,-71.77279447315762,12.314305988040124
2026-10-16,0.057494866529774126,332.5,10.75,10.6,10.9,76,62,call,337.1700134277344,0.23879887176420853,10.750000000019075,0.6254915351568952,0.019624406042415405,30.630617234028957,-73.16382655076661,11.507424436586103
2026-10-16,0.057494866529774126,335.0,9.149999999999999,9.1,9.2,1217,12512,call,337.1700134277344,0.23378717535905016,9.150000000000508,0.576135611698522,0.020713781909464362,31.652428741197433,-73.19230056984496,10.642624751770866
2026-10-16,0.057494866529774126,337.5,7.85,7.7,8.0,605,2361,call,337.1700134277344,0.23427422982758883,7.850000000000037,0.523692601901964,0.02101941629517031,32.18637945435128,-73.63436659850629,9.700731756115255
2026-10-16,0.057494866529774126,340.0,6.550000000000001,6.45,6.65,1936,107357,call,337.1700134277344,0.23068243884968498,6.550000000189675,0.4705453114612748,0.021327121012164142,32.15686660191703,-71.77855036427589,8.745185896385713
2026-10-16,0.057494866529774126,342.5,5.475,5.35,5.6,247,823,call,337.1700134277344,0.2300010685643442,5.475000000000008,0.41797088195371646,0.020994578520746873,31.561960402565266,-69.60418306338757,7.787808913060826
2026-10-16,0.057494866529774126,345.0,4.449999999999999,4.35,4.55,1799,29192,call,337.1700134277344,0.22674934145837822,4.449999999999961,0.3652076333604804,0.020503851240993423,30.388441910852574,-65.59798483066483,6.823896825531417
2026-10-16,0.057494866529774126,347.5,3.575,3.5,3.65,81,1453,call,337.1700134277344,0.22414433696364144,3.575000000000017,0.31436343758519125,0.019583049390797663,28.690297173338767,-60.82294479107839,5.888562392628447
2026-10-16,0.057494866529774126,350.0,2.86,2.86,2.86,7245,24234,call,337.1700134277344,0.22285936847397106,2.8600000001343413,0.26738490577371865,0.018259239087895323,26.5974822319388,-55.723884043816085,5.018966783488683
2026-10-16,0.057494866529774126,352.5,2.26,2.2,2.32,231,1013,call,337.1700134277344,0.221717254167183,2.2600000000000193,0.22420372654421453,0.01669568380296824,24.195280379902755,-50.16085698701725,4.216373013767772
2026-10-16,0.057494866529774126,355.0,1.775,1.72,1.83,1092,10118,call,337.1700134277344,0.22121943572255487,1.7749999999997363,0.1858981673875113,0.014968144325036695,21.643036847782977,-44.551816772563626,3.5016838863217297
2026-10-16,0.057494866529774126,357.5,1.355,1.31,1.4,96,533,call,337.1700134277344,0.2195637781854059,1.354999999999973,0.1506790874096726,0.013173253790075775,18.905175388961453,-38.46473304329358,2.843090673317344
2026-10-16,0.057494866529774126,360.0,1.06,1.04,1.08,2193,55249,call,337.1700134277344,0.22054006308415303,1.059999999999917,0.12292565444666159,0.01140995566427172,16.447443679695688,-33.47800014389105,2.3220362375585877
2026-10-16,0.057494866529774126,365.0,0.625,0.6,0.65,1306,8818,call,337.1700134277344,0.22173793307566303,0.6249999999998886,0.07877825921225141,0.008196336268861622,11.879187009333291,-24.14880507687905,1.4912251910871392
2026-10-16,0.057494866529774126,370.0,0.36,0.34,0.38,451,10587,call,337.1700134277344,0.22341708872676727,0.35999999999999155,0.048833244279711786,0.005602964443478166,8.182032710177177,-16.66836805099879,0.9259608986166065
2026-10-16,0.057494866529774126,375.0,0.21000000000000002,0.2,0.22,763,5367,call,337.1700134277344,0.22665813636993018,0.20999999992912094,0.030136600403010506,0.0037269751569649952,5.521470651008359,-11.360066344139788,0.5721404988775471
2026-10-16,0.057494866529774126,380.0,0.125,0.12,0.13,228,6624,call,337.1700134277344,0.23105572751871095,0.1249999999999949,0.018714576666225013,0.0024495987510474164,3.6994626498484116,-7.72980561788655,0.35560540830322956
2026-10-16,0.057494866529774126,385.0,0.1,0.07,0.13,319,2724,call,337.1700134277344,0.24499866532138068,0.09999999999990243,0.014558759298777696,0.0018633869510753533,2.9839650007337717,-6.587997094270273,0.27647999571105447
2026-10-16,0.057494866529774126,390.0,0.08499999999999999,0.05,0.12,20,9604,call,337.1700134277344,0.2600307395457194,0.08499999999192207,0.011935089909910827,0.0014786897073884933,2.5132095287373017,-5.871872513737438,0.226481157916694
2026-10-16,0.057494866529774126,395.0,0.055,0.03,0.08,1,728,call,337.1700134277344,0.2653126994517943,0.05500000000000159,0.007906058800749238,0.001011310278218573,1.7537569944143518,-4.171433982025928,0.15010104036191818
2026-10-16,0.057494866529774126,400.0,0.035,0.03,0.04,295,11381,call,337.1700134277344,0.26992547510740195,0.034999999986188274,0.005155341711998382,0.0006808790258094668,1.201270431098396,-2.9014272093263607,0.0979267880074748
2026-10-16,0.057494866529774126,405.0,0.035,0.02,0.05,1,142,call,337.1700134277344,0.28747319342047745,0.03499999999998469,0.0048718988581451525,0.0006079156231992165,1.1422669591660404,-2.9326486749910554,0.0924320938310937
2026-10-16,0.057494866529774126,410.0,0.025,0.02,0.03,93,3240,call,337.1700134277344,0.29434505022952295,0.024999999963973594,0.003501861513296198,0.00044185458758657357,0.8500863879149282,-2.2313589197875205,0.06644812200799342
2026-10-16,0.057494866529774126,415.0,0.034999999999999996,0.01,0.06,3,65,call,337.1700134277344,0.32157323864860976,0.03499999999997712,0.00440558426785118,0.0004967865321111915,1.0441831236277124,-2.9895441990435523,0.0833923313941597
2026-10-16,0.057494866529774126,420.0,0.025,0.01,0.04,1,582,call,337.1700134277344,0.326911846161522,0.024999999999999314,0.003185670187988105,0.0003653920397253333,0.7807584560129375,-2.269901767427646,0.06031858086588896
2026-10-16,0.057494866529774126,425.0,0.025,0.0,0.05,91,200,call,337.1700134277344,0.342771508441352,0.0249999999930432,0.0030525074342371283,0.00033534381886110505,0.7513148588394298,-2.287662672152048,0.0577371483217958
2026-10-16,0.057494866529774126,430.0,0.08,0.0,0.16,12,824,call,337.1700134277344,0.4052238088597121,0.07999999999944948,0.007631902251902391,0.0006418891967109841,1.700129398846289,-6.110531779214958,0.1433489946059585
2026-10-16,0.057494866529774126,435.0,0.1,0.0,0.2,2,2059,call,337.1700134277344,0.43332921343021963,0.09999999999978701,0.00881118163089088,0.000681014397951593,1.9288622739869186,-7.406058099785394,0.16506007064980108
2026-10-16,0.057494866529774126,450.0,0.05,0.0,0.1,250,3335,call,337.1700134277344,0.44787252683126905,0.04999999999998859,0.004545201600253452,0.0003667721920060634,1.0736872116979703,-4.252805401537252,0.08523646646508905
2026-10-16,0.057494866529774126,460.0,0.26,0.0,0.52,2,1046,call,337.1700134277344,0.5811045156231065,0.2600000000000101,0.016175876833442532,0.0008599878122485839,3.2664311105912462,-16.755033379949534,0.2986295216752386
2026-10-16,0.057494866529774126,470.0,0.125,0.0,0.25,2,181,call,337.1700134277344,0.5608726156781809,0.12499999999634474,0.008607767946520144,0.0005154846005675226,1.889761029401303,-9.350161428400545,0.15967941387106951
2026-10-16,0.057494866529774126,480.0,0.03,0.0,0.06,1000,1070,call,337.1700134277344,0.510191562308505,0.030000000000000467,0.0025273242824950548,0.00019000776608225345,0.633623943993625,-2.8506035200880775,0.04726871240949218
2026-10-16,0.057494866529774126,490.0,0.05,0.0,0.1,1,81,call,337.1700134277344,0.563691848829312,0.04999999999973918,0.0037054790110596933,0.00024273049992364862,0.8943202442806252,-4.44137261323604,0.06895798649205846
2026-10-16,0.057494866529774126,510.0,0.525,0.0,1.05,2,11,call,337.1700134277344,0.816998744550785,0.524999999999998,0.022723267038222035,0.000816552557941124,4.360461832043178,-31.32088784819936,0.4103181089675173
2026-10-16,0.057494866529774126,520.0,0.195,0.0,0.39,1,0,call,337.1700134277344,0.7442784506029004,0.19499999998513215,0.010088804954050293,0.00044634257253772574,2.171354402809885,-14.207175010415858,0.18436548265209515
2026-10-16,0.057494866529774126,570.0,0.525,0.0,1.05,1,14,call,337.1700134277344,0.9954560792216586,0.5249999999999995,0.01927729533836185,0.000583084799272099,3.7938554474285153,-33.12723720741703,0.34351606978727767
2026-10-16,0.057494866529774126,590.0,0.025,0.0,0.05,3,107,call,337.1700134277344,0.7590356124905703,0.024999999962243846,0.001497474384862801,7.939412420188577e-05,0.39389228231005285,-2.62295353337196,0.02759198529303856
2026-10-16,0.057494866529774126,135.0,0.505,0.0,1.01,2,70,put,337.1700134277344,1.7820378289931433,0.5049999999987276,-0.009080831657835051,0.00017003041526343824,1.9804801370130312,-30.518492309073093,-0.20507177761019935
2026-10-16,0.057494866529774126,145.0,0.02,0.0,0.04,2,397,put,337.1700134277344,1.160406065137182,0.01999999999879373,-0.0007315240808584018,2.692165217726408e-05,0.20419196834572356,-2.047681369609568,-0.015330890259973098
2026-10-16,0.057494866529774126,155.0,0.03,0.0,0.06,2,172,put,337.1700134277344,1.111999834121489,0.02999999999857202,-0.001112445610615407,4.129693960501011e-05,0.3001577405972086,-2.883059559143529,-0.02329021035130802
2026-10-16,0.057494866529774126,165.0,0.26,0.0,0.52,7,226,put,337.1700134277344,1.2968208142698365,0.25999999999979634,-0.006895013486826091,0.0001833967306844839,1.55452789104212,-17.406144085192718,-0.1486122589697044
2026-10-16,0.057494866529774126,170.0,0.02,0.0,0.04,110,462,put,337.1700134277344,0.9525209947658005,0.019999999968320418,-0.0008901920275366038,3.929225942627379e-05,0.24462932458683967,-2.010927532497024,-0.01840675486589482
2026-10-16,0.057494866529774126,175.0,0.02,0.0,0.04,2,625,put,337.1700134277344,0.9145705004496477,0.020000000047058052,-0.000926622416720179,4.245923681664946e-05,0.25381444175613593,-2.0026558028036843,-0.019112977816388363
2026-10-16,0.057494866529774126,180.0,0.02,0.0,0.04,2,427,put,337.1700134277344,0.8776577871218613,0.020000000087180274,-0.0009649586701142179,4.592348175661906e-05,0.2634431887046069,-1.9940499977380168,-0.019856146980924836
2026-10-16,0.057494866529774126,185.0,0.025,0.0,0.05,41,902,put,337.1700134277344,0.8584572991650146,0.025000000000023677,-0.0012130817875094548,5.790938334259169e-05,0.32493357928770067,-2.404838014550757,-0.02495362314648612
2026-10-16,0.057494866529774126,190.0,0.02,0.01,0.03,122,1642,put,337.1700134277344,0.8067053019965076,0.019999999995365673,-0.0010480938471072291,5.389924046718468e-05,0.2842002876622665,-1.9757718204067327,-0.02146776768366531
2026-10-16,0.057494866529774126,195.0,0.205,0.0,0.41,5,349,put,337.1700134277344,0.9872026196146714,0.20499999999999957,-0.007274327365943647,0.00025257326484338845,1.6297486644552728,-13.863021786447408,-0.1528032475529419
2026-10-16,0.057494866529774126,200.0,0.02,0.01,0.03,4,1128,put,337.1700134277344,0.7392276030488584,0.019999999958106383,-0.0011413368673477372,6.359846109892446e-05,0.3072923430861798,-1.9559402839815176,-0.02327533443885978
2026-10-16,0.057494866529774126,205.0,0.030000000000000002,0.01,0.05,18,1880,put,337.1700134277344,0.7332617560731759,0.030000000091101178,-0.0016747373813029735,9.100757233866747e-05,0.43617776288780663,-2.7527060320129384,-0.03419054273536488
2026-10-16,0.057494866529774126,210.0,0.030000000000000002,0.01,0.05,6,3200,put,337.1700134277344,0.700379016517045,0.029999999999946913,-0.0017508730687234779,9.921553170242028e-05,0.45419227857357003,-2.7364661434625175,-0.035666474518619325
2026-10-16,0.057494866529774126,215.0,0.025,0.0,0.05,1,3383,put,337.1700134277344,0.6569057658606441,0.025000000012295107,-0.0015737991787372978,9.599219993853583e-05,0.4121601271368178,-2.3277655822568875,-0.03194632633821724
2026-10-16,0.057494866529774126,220.0,0.04,0.0,0.08,4,3294,put,337.1700134277344,0.6548307663524465,0.04000000000000225,-0.002435902226637556,0.00014318745487410228,0.6128596124554283,-3.448501852038071,-0.04952108669608416
2026-10-16,0.057494866529774126,225.0,0.049999999999999996,0.01,0.09,6,1752,put,337.1700134277344,0.6375707446054323,0.04999999998684613,-0.0030681035299029032,0.0001811173127996143,0.7547711708257501,-4.132590827973205,-0.06235160212347605
2026-10-16,0.057494866529774126,230.0,0.025,0.01,0.04,4,4523,put,337.1700134277344,0.5656925720146806,0.024999999999926904,-0.0018173848298233901,0.00012707561403159178,0.46986127153686974,-2.280747048166117,-0.0366683669184713
2026-10-16,0.057494866529774126,235.0,0.035,0.0,0.07,2,6692,put,337.1700134277344,0.5542861689613654,0.0350000000000031,-0.002527524742971605,0.00017490479749904345,0.6336693780116683,-3.011722021527946,-0.051009764769500525
2026-10-16,0.057494866529774126,240.0,0.045,0.01,0.08,153,6544,put,337.1700134277344,0.5384459241284092,0.045000000000000415,-0.0032734046238258392,0.00022733282488389203,0.8000759189673372,-3.6910384035765005,-0.06604400136992496
2026-10-16,0.057494866529774126,245.0,0.035,0.03,0.04,55,4923,put,337.1700134277344,0.4957616142396808,0.03499999999999587,-0.0028112157463007106,0.00021527077972438338,0.6975654107769871,-2.9601002798837057,-0.05650926945789941
2026-10-16,0.057494866529774126,250.0,0.045,0.04,0.05,181,7560,put,337.1700134277344,0.4796357235769326,0.04499999999999982,-0.003653422272442764,0.00028167112784099814,0.8830408840167138,-3.6217549856671134,-0.07341085056753159
2026-10-16,0.057494866529774126,255.0,0.05500000000000001,0.04,0.07,3,8522,put,337.1700134277344,0.4609212402770769,0.05500000000089587,-0.004557824642737174,0.0003572723148448315,1.0763488281084206,-4.237723325445204,-0.0915181320078598
2026-10-16,0.057494866529774126,260.0,0.065,0.05,0.08,11,6957,put,337.1700134277344,0.44042097234125194,0.0649999999971987,-0.005540118008398525,0.0004448802041497777,1.2806723388995984,-4.811982553316496,-0.11113537283746312
2026-10-16,0.057494866529774126,265.0,0.08,0.07,0.09,7,3633,put,337.1700134277344,0.42186966147789284,0.07999999999994921,-0.006966101043295132,0.0005688875363506796,1.5686702856058468,-5.638093322163876,-0.13964125401352825
2026-10-16,0.057494866529774126,270.0,0.105,0.09,0.12,4,8707,put,337.1700134277344,0.40648516250519184,0.10499999997586289,-0.00922311924393346,0.0007556313370607907,2.007620467511347,-6.9420430364556385,-0.18483215338882564
2026-10-16,0.057494866529774126,275.0,0.125,0.11,0.14,325,5517,put,337.1700134277344,0.3858314189293417,0.12499999999999965,-0.011325846543866976,0.0009522442621036148,2.401446474360941,-7.867782016417701,-0.2267445652479064
2026-10-16,0.057494866529774126,280.0,0.15500000000000003,0.14,0.17,529,14600,put,337.1700134277344,0.36702083249349543,0.1549999999909748,-0.014382130908663264,0.0012308714969888309,2.9527752196207437,-9.183602986270367,-0.28771714908493473
2026-10-16,0.057494866529774126,285.0,0.19,0.17,0.21,91,7063,put,337.1700134277344,0.347253116092052,0.18999999999476097,-0.01814180157490964,0.001587332977350715,3.6028082381736253,-10.57630357353628,-0.3626127339981302
2026-10-16,0.057494866529774126,290.0,0.235,0.22,0.25,249,9503,put,337.1700134277344,0.32751586160682944,0.23499999997378737,-0.023099404892173964,0.002065283053792476,4.421186913636956,-12.206205979984144,-0.46130584479248693
2026-10-16,0.057494866529774126,295.0,0.32,0.3,0.34,283,12281,put,337.1700134277344,0.31248603042128414,0.31999999999999773,-0.031611196978395546,0.002812351511553493,5.744168423434463,-15.081288476041559,-0.6311986362850649
2026-10-16,0.057494866529774126,300.0,0.41500000000000004,0.4,0.43,2075,25262,put,337.1700134277344,0.294263946615617,0.41500000000001375,-0.041819560095720826,0.0037551128890942484,7.222491003916778,-17.783872850085473,-0.834555330374645
2026-10-16,0.057494866529774126,305.0,0.575,0.56,0.59,320,11104,put,337.1700134277344,0.27930248512608985,0.5749999998842358,-0.057960646640005005,0.0051339086442692625,9.372380090720696,-21.796374294094626,-1.1566582672724781
2026-10-16,0.057494866529774126,310.0,0.815,0.78,0.85,399,12088,put,337.1700134277344,0.2653698060345027,0.8149999999999769,-0.08140283100540342,0.0070204971608770084,12.177168950666767,-26.741468376295405,-1.624896553281578
2026-10-16,0.057494866529774126,312.5,1.0,0.94,1.06,143,136,put,337.1700134277344,0.2604207941575188,1.0000000000000613,-0.09810974891750832,0.00821936680391614,13.990749398144976,-30.044457628139824,-1.9594058112472763
2026-10-16,0.057494866529774126,315.0,1.2149999999999999,1.18,1.25,1022,9802,put,337.1700134277344,0.25490410273923825,1.2150000000016306,-0.11728502014025713,0.009550338116169798,15.911917911178998,-33.31027410625693,-2.3434902891905502
2026-10-16,0.057494866529774126,317.5,1.52,1.47,1.57,77,295,put,337.1700134277344,0.25193674795013005,1.5200000000441323,-0.14206175523364453,0.011035459766237767,18.172258558291514,-37.43479840380475,-2.84133673460515
2026-10-16,0.057494866529774126,320.0,1.8599999999999999,1.82,1.9,1294,13509,put,337.1700134277344,0.24757769169698127,1.8599999999991597,-0.16933532326498196,0.01260960252926275,20.405153366868717,-41.09401625843814,-3.389597967419302
2026-10-16,0.057494866529774126,322.5,2.265,2.18,2.35,38,378,put,337.1700134277344,0.2431520061607056,2.264999999999992,-0.20054632399289277,0.014263286434642645,22.668585297375387,-44.56823000523034,-4.01792564496891
2026-10-16,0.057494866529774126,325.0,2.75,2.73,2.77,607,5596,put,337.1700134277344,0.2388749487967898,2.7499999999999387,-0.23611229047398474,0.01595165111553677,24.905955397707853,-47.77157960933123,-4.735276296073638
2026-10-16,0.057494866529774126,327.5,3.375,3.25,3.5,235,473,put,337.1700134277344,0.23653157375980324,3.3750000000000187,-0.2774857567824421,0.017523501587766246,27.09174444146492,-51.0574256854271,-5.573257777268068
2026-10-16,0.057494866529774126,330.0,4.075,3.95,4.2,820,10111,put,337.1700134277344,0.23311435107082548,4.074999999988837,-0.3219963508668885,0.019020895469995736,28.981904832056397,-53.326707467586736,-6.476366304872391
2026-10-16,0.057494866529774126,332.5,4.9,4.75,5.05,36,375,put,337.1700134277344,0.2301258147072241,4.900000000052785,-0.3704547130319894,0.020298147133964856,30.53153868815811,-54.846736585002176,-7.463191326258011
2026-10-16,0.057494866529774126,335.0,5.9,5.8,6.0,3355,6941,put,337.1700134277344,0.2288056350697332,5.900000000000042,-0.4224096853900435,0.021152523536946303,31.634127427678862,-55.79628311483974,-8.527861643242401
2026-10-16,0.057494866529774126,337.5,6.975,6.85,7.1,135,698,put,337.1700134277344,0.22572938486658384,6.975000000000509,-0.47594986459707805,0.0218148631290391,32.186040035341996,-55.10994296823221,-9.627574173797779
2026-10-16,0.057494866529774126,340.0,8.25,8.1,8.4,188,4135,put,337.1700134277344,0.22469789493846626,8.250000000187834,-0.5305246998841205,0.021889517730640826,32.14860655655132,-53.79725471672767,-10.758843049585465
2026-10-16,0.057494866529774126,342.5,9.575,9.35,9.8,24,399,put,337.1700134277344,0.22096712324788684,9.575000000000102,-0.5859002917015763,0.021803537655742243,31.49064691656365,-50.52342876501719,-11.90850977036828
2026-10-16,0.057494866529774126,345.0,11.100000000000001,10.9,11.3,29,814,put,337.1700134277344,0.21925503207165956,11.099999999999858,-0.6396032260788894,0.021103711227277843,30.24373065805008,-46.72706035356697,-13.037250088526395
2026-10-16,0.057494866529774126,347.5,12.875,12.65,13.1,10,19,put,337.1700134277344,0.22171496494966578,12.874999999999995,-0.6874331317667394,0.01974109719759401,28.608379011035613,-43.35272355067061,-14.066512261841696
2026-10-16,0.057494866529774126,350.0,14.524999999999999,14.2,14.85,2,1429,put,337.1700134277344,0.21539911265454784,14.524999999910458,-0.7399407048725267,0.018615289380955045,26.208409043942137,-36.34852614703255,-15.179266708686264
2026-10-16,0.057494866529774126,352.5,16.425,16.05,16.8,4,17,put,337.1700134277344,0.21380038879835436,16.425000000000047,-0.7843833353432298,0.016917143518374134,23.64081698592214,-30.390255617664348,-16.150051564444972
2026-10-16,0.057494866529774126,355.0,18.325000000000003,17.8,18.85,1,41,put,337.1700134277344,0.20710864853967012,18.32499999999996,-0.830540419693257,0.01506419415698286,20.39252934076697,-22.316273578389627,-17.154072042889208
2026-10-16,0.057494866529774126,357.5,20.8,19.8,21.8,2,10,put,337.1700134277344,0.22508479679216367,20.800000000014176,-0.8427148576958013,0.013204286564583141,19.426209115181393,-23.284486816617406,-17.532379952323705
2026-10-16,0.057494866529774126,360.0,22.85,22.2,23.5,59,144,put,337.1700134277344,0.21799188860650545,22.84999999999578,-0.8796475471989369,0.011353846762838142,16.177459417779602,-15.221025849155065,-18.366204740083322
2026-10-16,0.057494866529774126,365.0,28.025,27.5,28.55,7,16,put,337.1700134277344,0.2633017951203761,28.024999999986523,-0.8809302167009169,0.00932907337427686,16.055331812389475,-21.02082088826983,-18.68860592162235
2026-10-16,0.057494866529774126,370.0,32.475,31.45,33.5,4,2,put,337.1700134277344,0.25539888182423115,32.474999999856344,-0.9250207852491387,0.006833607701972104,11.40764484179811,-8.645182366337906,-19.799177774806505
2026-10-16,0.057494866529774126,375.0,37.974999999999994,36.65,39.3,0,0,put,337.1700134277344,0.3254473597202522,37.974999999999994,-0.9009209086906376,0.006610521872027728,14.06188220762881,-23.205033194694092,-19.648210301140388
2026-10-16,0.057494866529774126,380.0,59.9,58.4,61.4,1,0,put,337.1700134277344,1.0298704745462066,59.899999999819606,-0.6365011366941741,0.0045060697099063044,30.33244858743931,-258.1873883278893,-15.782863882056159
2026-10-16,0.057494866529774126,390.0,52.75,51.65,53.85,10,0,put,337.1700134277344,0.3970728688443787,52.750000000000064,-0.9265142850541531,0.004328090465602894,11.23294157524138,-20.998042471984924,-20.993838501263863
2026-10-16,0.057494866529774126,400.0,62.75,61.65,63.85,0,0,put,337.1700134277344,0.45256865534765445,62.75,-0.9322700744209279,0.0035655862948898503,10.547326255136577,-23.097680101655527,-21.680366279880527
2026-10-16,0.057494866529774126,405.0,94.425,92.8,96.05,0,0,put,337.1700134277344,1.5579077005031803,94.42499999988178,-0.616407133025605,0.003030311317437525,30.85715829182706,-403.07941437420624,-17.378340938263108
2026-10-16,0.057494866529774126,590.0,269.9,268.4,271.4,0,0,put,337.1700134277344,2.265604178592713,269.90000000044716,-0.7741353337091299,0.0016395438744008337,24.279181210440946,-451.53114108345824,-30.52489976208843
2026-10-16,0.057494866529774126,600.0,279.9,278.4,281.4,0,0,put,337.1700134277344,2.306359231821649,279.89999999999986,-0.7763498163162483,0.0016015819227354238,24.14365782688543,-456.8522072482314,-31.14277737941502
2026-10-23,0.07665982203969883,110.0,227.75,226.0,229.5,0,1,call,337.1700134277344,1.7110883941149981,227.74999999999997,0.9950774741796751,8.304257350268056e-05,1.2383372539173216,-17.853919942053714,8.260884296406072
2026-10-23,0.07665982203969883,145.0,192.875,191.1,194.65,1,1,call,337.1700134277344,1.301392857064146,192.875,0.9939532310875837,0.00013296185099502766,1.5079993845884159,-18.663977139473598,10.905336836757114
2026-10-23,0.07665982203969883,200.0,138.2,136.55,139.85,0,1,call,337.1700134277344,0.8812621945612139,138.19999999999928,0.9882439802061352,0.0003623490164815684,2.78290204347833,-24.665073237922094,14.949143354216206
2026-10-23,0.07665982203969883,210.0,128.125,126.35,129.9,1,2,call,337.1700134277344,0.7639310828859787,128.12499999999997,0.9905242327561088,0.0003438783861722245,2.2894162133395852,-20.64743285199175,15.780429645580993
2026-10-23,0.07665982203969883,215.0,123.275,121.35,125.2,16,2,call,337.1700134277344,0.7767105174342744,123.27500000000256,0.9863075865018941,0.00047111928580986464,3.18900912636991,-25.584364231790186,16.043240468643628
2026-10-23,0.07665982203969883,220.0,118.275,116.4,120.15,1,2,call,337.1700134277344,0.7354648850764032,118.27500000001037,0.986296980196295,0.0004978825866998715,3.191204035455135,-25.00182288646496,16.426265433490023
2026-10-23,0.07665982203969883,225.0,113.55,112.1,115.0,1,7,call,337.1700134277344,0.7649707046213429,113.54999999999994,0.9785996052361394,0.0007070644260072755,4.71378189887242,-33.33853506403884,16.589526015221498
2026-10-23,0.07665982203969883,230.0,108.225,106.45,110.0,0,10,call,337.1700134277344,0.6390506411415893,108.22499999999997,0.9880505654312915,0.0005070591816446135,2.8239670122701916,-22.025403162335593,17.24202225211492
2026-10-23,0.07665982203969883,235.0,103.6,102.15,105.05,25,56,call,337.1700134277344,0.6956821199216331,103.6,0.9763085507163971,0.0008484286419877213,5.143892170480469,-33.65015172757409,17.293073457441388
2026-10-23,0.07665982203969883,240.0,98.625,97.2,100.05,1,29,call,337.1700134277344,0.6618423351213872,98.625,0.9750250765613752,0.0009329003741127444,5.380907222820171,-33.780860356688756,17.641281610907996
2026-10-23,0.07665982203969883,245.0,93.65,92.2,95.1,2,15,call,337.1700134277344,0.6284897569223679,93.65,0.9736330488320044,0.0010287895830757136,5.634955041385389,-33.8928601751319,17.986683937452266
2026-10-23,0.07665982203969883,250.0,88.7,87.25,90.15,2,29,call,337.1700134277344,0.5997703549993882,88.69999999999999,0.9713341719847627,0.0011570742961008768,6.048002126584767,-34.67827779156142,18.306730082698838
2026-10-23,0.07665982203969883,255.0,83.725,82.3,85.15,44,27,call,337.1700134277344,0.5670863259107767,83.72500000000004,0.9696380135755617,0.0012844324059091427,6.347842207735566,-34.73423883626166,18.644271423969297
2026-10-23,0.07665982203969883,260.0,78.525,77.3,79.75,44,23,call,337.1700134277344,0.4968360580597944,78.52500000000038,0.9760484284537755,0.0011991358609639837,5.192149533665284,-28.459987168141375,19.208595012677858
2026-10-23,0.07665982203969883,265.0,73.42500000000001,71.65,75.2,46,24,call,337.1700134277344,0.441719216944033,73.42500000000314,0.9799546263054988,0.0011572422250890676,4.454882548181906,-24.80288936496695,19.700525136974083
2026-10-23,0.07665982203969883,270.0,68.525,67.4,69.65,46,26,call,337.1700134277344,0.4282793093186557,68.5249999999923,0.9748537496286351,0.001450081383190002,5.412341156797498,-27.264064881237427,19.9443138997027
2026-10-23,0.07665982203969883,275.0,63.5,62.45,64.55,1,9,call,337.1700134277344,0.3903241546754618,63.49999999998888,0.9754369137724133,0.0015595763137163793,5.3051510243229645,-25.927085159853547,20.34460277839227
2026-10-23,0.07665982203969883,280.0,58.974999999999994,57.55,60.4,60,29,call,337.1700134277344,0.42298126259228835,58.97499999999999,0.9528105396555806,0.0024773891646928514,9.132318639480609,-37.48918488987198,20.106655684033537
2026-10-23,0.07665982203969883,285.0,53.8,52.6,55.0,60,27,call,337.1700134277344,0.368939331838413,53.8000000000007,0.9580578597551788,0.00258064678425697,8.297537357617633,-32.62066590403025,20.63899980908852
2026-10-23,0.07665982203969883,290.0,48.900000000000006,47.7,50.1,50,129,call,337.1700134277344,0.34684187327428095,48.89999999989196,0.950741181404801,0.003127705311690264,9.45416209165969,-34.18258757752988,20.8255158746574
2026-10-23,0.07665982203969883,295.0,44.025000000000006,42.85,45.2,51,156,call,337.1700134277344,0.3255741311922885,44.02499999999857,0.9412111771937418,0.0038371081011668363,10.887285659773106,-36.01852954554778,20.952906740799374
2026-10-23,0.07665982203969883,300.0,39.5,38.6,40.4,52,187,call,337.1700134277344,0.32829951727534923,39.49999999971661,0.9144526933162961,0.0050841340932619656,14.546313186700218,-43.853805717696716,20.60815538062552
2026-10-23,0.07665982203969883,305.0,34.55,33.4,35.7,1,48,call,337.1700134277344,0.29580870783799756,34.54999999999941,0.9045913333293314,0.00612113771098148,15.780065361658872,-43.254320060369416,20.732731050369267
2026-10-23,0.07665982203969883,310.0,30.05,29.1,31.0,5,272,call,337.1700134277344,0.2873422729105163,30.049999999994732,0.8729494366320625,0.007744423610297299,19.393416127096106,-48.881254906649374,20.25983970318189
2026-10-23,0.07665982203969883,315.0,25.725,25.05,26.4,2,459,call,337.1700134277344,0.27954196903113204,25.725000000000016,0.8324094238622424,0.009592884176024788,23.370172281826978,-54.71838332581697,19.543539782034596
2026-10-23,0.07665982203969883,320.0,21.425,20.6,22.25,6,878,call,337.1700134277344,0.2650462325745728,21.42499999993699,0.7875696498950694,0.011712295159262134,27.053866153788746,-58.379099555130175,18.714185746893552
2026-10-23,0.07665982203969883,325.0,17.3,17.0,17.6,24,1891,call,337.1700134277344,0.24956894713300704,17.3,0.7320309300864144,0.014125294035968747,30.72230080216589,-60.93921169931458,17.59487638261216
2026-10-23,0.07665982203969883,330.0,13.75,13.4,14.1,29,684,call,337.1700134277344,0.24330203445764417,13.749999999999984,0.657885645580728,0.01615944625807951,34.26398791495167,-64.291896311955,15.950556426344418
2026-10-23,0.07665982203969883,335.0,10.5,10.3,10.7,235,1562,call,337.1700134277344,0.23478150254568286,10.500000000000025,0.5745120520295425,0.01787460438933374,36.57345672200422,-64.74717663666584,14.044710790750141
2026-10-23,0.07665982203969883,340.0,7.775,7.65,7.9,512,4827,call,337.1700134277344,0.22895025024258522,7.7750000004258935,0.48301977834569076,0.018641658594038272,37.1955826178315,-62.9488792516043,11.888772030683242
2026-10-23,0.07665982203969883,345.0,5.65,5.5,5.8,307,1407,call,337.1700134277344,0.22701051618595497,5.650000000005756,0.39140149801973,0.018117983820292435,35.84441830376197,-59.1075748817294,9.683580434229636
2026-10-23,0.07665982203969883,350.0,3.9499999999999997,3.8,4.1,300,2421,call,337.1700134277344,0.22462114223119362,3.950000000000026,0.30482807220553604,0.01669663771077756,32.68476361388602,-52.60889156202669,7.576204751713475
2026-10-23,0.07665982203969883,355.0,2.645,2.5,2.79,138,2711,call,337.1700134277344,0.22189395465249098,2.644999999549436,0.22709997915810942,0.014552049792628,28.140728465498515,-44.26229221251093,5.667177233767552
2026-10-23,0.07665982203969883,360.0,1.775,1.67,1.88,180,6210,call,337.1700134277344,0.22267614200156824,1.774999999999975,0.16542430378401404,0.011959584475057556,23.208948894732927,-36.29105221629933,4.139715845003778
2026-10-23,0.07665982203969883,365.0,1.13,1.06,1.2,119,2119,call,337.1700134277344,0.2218211149804725,1.1300000004157127,0.11488566015052899,0.009365693251252728,18.105415949051242,-27.99414758201125,2.88286923505923
2026-10-23,0.07665982203969883,370.0,0.7250000000000001,0.67,0.78,128,1351,call,337.1700134277344,0.22326701786794692,0.7249999999998944,0.078850364575344,0.007054346015192915,13.726095708879045,-21.22590683349493,1.9824980082524752
2026-10-23,0.07665982203969883,375.0,0.435,0.41,0.46,78,630,call,337.1700134277344,0.22265790374943997,0.43499999999999683,0.05106684128872157,0.005045546744488884,9.790661671959937,-15.021872294874267,1.2865977050372253
2026-10-23,0.07665982203969883,380.0,0.29000000000000004,0.24,0.34,10,604,call,337.1700134277344,0.2274938628688994,0.2899999999999994,0.035241105800438426,0.003658686382903027,7.253716240721591,-11.317955532084998,0.8886593709688622
2026-10-23,0.07665982203969883,385.0,0.2,0.15,0.25,6,646,call,337.1700134277344,0.23351457717690177,0.20000000000176268,0.024840765946683187,0.0026665347042653495,5.426588999631074,-8.656432017363379,0.6267370810631216
2026-10-23,0.07665982203969883,390.0,0.1,0.01,0.19,1,385,call,337.1700134277344,0.2288127454826556,0.09999999999616152,0.013622105707907863,0.0016316357622777973,3.253637170978822,-5.0708588129070735,0.3444299406014734
2026-10-23,0.07665982203969883,395.0,0.085,0.01,0.16,3,27,call,337.1700134277344,0.2411637878669169,0.08500000000000033,0.011233617923338456,0.0013100040884652755,2.753280385303479,-4.508067840594202,0.28384365494733416
2026-10-23,0.07665982203969883,400.0,0.08,0.03,0.13,1,245,call,337.1700134277344,0.2560486304289217,0.07999999998489069,0.010086065891760393,0.0011233206161197944,2.506639504711913,-4.345161364979173,0.2545657254506319
2026-10-23,0.07665982203969883,405.0,0.095,0.0,0.19,1,14,call,337.1700134277344,0.2783445790430978,0.09500000000001117,0.010943525972840911,0.001109481856442078,2.6913406142633067,-5.058078669705176,0.2755789360105859
2026-10-23,0.07665982203969883,410.0,0.14,0.0,0.28,1,12,call,337.1700134277344,0.30987627824310593,0.13999999999999654,0.014124463367914631,0.0012430173748764605,3.3568444993494717,-7.005733599454368,0.3543481836981274
2026-10-23,0.07665982203969883,415.0,0.025,0.0,0.05,1,262,call,337.1700134277344,0.2680640677945682,0.02500000000000159,0.0033464721866839115,0.00040337848690154423,0.9423604033108671,-1.7004577854327299,0.08458108697974831
2026-10-23,0.07665982203969883,160.0,0.015,0.0,0.03,27,27,put,337.1700134277344,0.8733673475333896,0.014999999999813317,-0.0006435780258126143,2.7525579365286467e-05,0.2095072773667241,-1.1822228320496244,-0.017784711635689867
2026-10-23,0.07665982203969883,165.0,0.26,0.0,0.52,1,1,put,337.1700134277344,1.1244183181015555,0.2600000000300844,-0.006886787073440474,0.00018298334912394683,1.7931027538117166,-13.025051829061146,-0.19793704728697273
2026-10-23,0.07665982203969883,195.0,0.24,0.0,0.48,1,2,put,337.1700134277344,0.8738809906903323,0.23999999999999788,-0.008208783152239375,0.00027482719098020366,2.093040753227698,-11.78420058265349,-0.23057400333646927
2026-10-23,0.07665982203969883,200.0,0.095,0.0,0.19,2,2,put,337.1700134277344,0.7483092875896873,0.09499999999998791,-0.004118042574753774,0.00017405455675759417,1.1350950408880418,-5.468391856160994,-0.1137233488468709
2026-10-23,0.07665982203969883,205.0,0.22,0.0,0.44,2,2,put,337.1700134277344,0.7927380442682004,0.21999999999340986,-0.008341369507040161,0.00030725127562810257,2.122702291537162,-10.828757860331947,-0.2324678185441735
2026-10-23,0.07665982203969883,215.0,0.19,0.0,0.38,5,6,put,337.1700134277344,0.7107883046994697,0.19000000000016845,-0.00811793150453855,0.00033459925366907147,2.0726736891621917,-9.467442155292222,-0.22439273397109938
2026-10-23,0.07665982203969883,220.0,0.175,0.0,0.35,1,2,put,337.1700134277344,0.6711257659638333,0.1749999999999845,-0.00796354463306146,0.00034844245867106773,2.0379835555459143,-8.782702983963157,-0.21925233846441347
2026-10-23,0.07665982203969883,225.0,0.015,0.01,0.02,30,75,put,337.1700134277344,0.49355178501361335,0.014999999999848258,-0.0011240207668718359,8.134603457434323e-05,0.34989263993956166,-1.1073542484337442,-0.03020290408666439
2026-10-23,0.07665982203969883,230.0,0.06,0.03,0.09,38,60,put,337.1700134277344,0.5361989113764939,0.05999999998043021,-0.003729254925035219,0.00022225823115483103,1.0386027658318036,-3.568730761371329,-0.10099110781010262
2026-10-23,0.07665982203969883,235.0,0.07,0.0,0.14,1,14,put,337.1700134277344,0.5175791422619419,0.07000000000002472,-0.004440784914867393,0.00026920723467819575,1.2143089240000458,-4.023704976700752,-0.1201489014716365
2026-10-23,0.07665982203969883,240.0,0.049999999999999996,0.01,0.09,1,10,put,337.1700134277344,0.47267184449700494,0.05000000000000583,-0.0035591077396007337,0.00024178314139757691,0.9959818922825726,-3.0102790332335596,-0.09582664838290014
2026-10-23,0.07665982203969883,245.0,0.07,0.01,0.13,8,11,put,337.1700134277344,0.46361473076268994,0.0700000000003664,-0.00493034976755088,0.0003299324881016633,1.3330547969632973,-3.9474465674550907,-0.13280287672884286
2026-10-23,0.07665982203969883,250.0,0.075,0.03,0.12,2,17,put,337.1700134277344,0.44079353194203597,0.07499999999780957,-0.005506863852027783,0.00038289429922548765,1.4708886837268869,-4.135701729381031,-0.14808756208093146
2026-10-23,0.07665982203969883,255.0,0.09000000000000001,0.01,0.17,5,122,put,337.1700134277344,0.4238063151321772,0.0899999999999327,-0.006744280691193727,0.00047659591002440795,1.7602867829520876,-4.7518659825088125,-0.1812214590386959
2026-10-23,0.07665982203969883,260.0,0.10500000000000001,0.01,0.2,1,45,put,337.1700134277344,0.40532163096848145,0.10500000000000258,-0.008086101263510732,0.0005847442948461787,2.0655298138742157,-5.324081259834442,-0.21705392034137222
2026-10-23,0.07665982203969883,265.0,0.12,0.05,0.19,28,53,put,337.1700134277344,0.3857043617113204,0.11999999999985891,-0.009554813880090034,0.0007112910002839371,2.390933830103176,-5.8538464803806685,-0.2561662102093933
2026-10-23,0.07665982203969883,270.0,0.15,0.11,0.19,14,562,put,337.1700134277344,0.3704733471550685,0.15000000000000968,-0.012123488816907052,0.0009111036928373464,2.941646413400971,-6.903877791804218,-0.32485955603354233
2026-10-23,0.07665982203969883,275.0,0.14500000000000002,0.09,0.2,14,116,put,337.1700134277344,0.3423311438004984,0.14499999999999436,-0.012652714308798442,0.001023176481796864,3.052549066342629,-6.603253930823581,-0.3381553563177436
2026-10-23,0.07665982203969883,280.0,0.26,0.15,0.37,13,521,put,337.1700134277344,0.3450938510778406,0.2599999999999939,-0.021127739828753617,0.001574326040473285,4.7347558934732445,-10.301335474938544,-0.5660285530711534
2026-10-23,0.07665982203969883,285.0,0.30000000000000004,0.26,0.34,5,269,put,337.1700134277344,0.3249395833981328,0.30000000000000415,-0.025322483729181614,0.0019473785020745445,5.514659265911635,-11.26182736602669,-0.6775181410315376
2026-10-23,0.07665982203969883,290.0,0.385,0.34,0.43,1122,512,put,337.1700134277344,0.3102540936335387,0.3849999998964728,-0.03285735477154991,0.002532592261422948,6.8477593439849835,-13.304794076198577,-0.8787910006399837
2026-10-23,0.07665982203969883,295.0,0.49,0.46,0.52,11,392,put,337.1700134277344,0.2947541427172232,0.4899999999993421,-0.04241964850159299,0.0032842060937975865,8.436377670557986,-15.506281578259586,-1.1340006481496896
2026-10-23,0.07665982203969883,300.0,0.65,0.62,0.68,171,7189,put,337.1700134277344,0.28130993160823786,0.6499999998797604,-0.05636578265868041,0.0043183921968885635,10.586998238119993,-18.478275793564826,-1.5067374332145385
2026-10-23,0.07665982203969883,305.0,0.8999999999999999,0.85,0.95,21,1049,put,337.1700134277344,0.2703724506510951,0.8999999999998531,-0.07688994641019986,0.005715067017231347,13.466336364984386,-22.45519280102545,-2.056398519864126
2026-10-23,0.07665982203969883,310.0,1.255,1.2,1.31,266,1734,put,337.1700134277344,0.26003649498827036,1.2549999999945045,-0.10487708994721637,0.0074833806217180195,16.958905952948083,-26.999147373942723,-2.8070074609753766
2026-10-23,0.07665982203969883,315.0,1.795,1.72,1.87,66,1046,put,337.1700134277344,0.2521185017220014,1.7950000000000863,-0.14407089388160435,0.00964083513555992,21.18288297532904,-32.40628692368706,-3.8614614272114354
2026-10-23,0.07665982203969883,320.0,2.545,2.49,2.6,1333,2562,put,337.1700134277344,0.24453286892043155,2.5449999999999986,-0.1947726188143226,0.012067224608066921,25.716409498958786,-37.72855017178392,-5.229463715338656
2026-10-23,0.07665982203969883,325.0,3.575,3.45,3.7,73,943,put,337.1700134277344,0.23753895800450459,3.5750000000004913,-0.2584599156990893,0.014579841162365296,30.182369594837088,-42.38927748617959,-6.954573938152552
2026-10-23,0.07665982203969883,330.0,5.0,4.85,5.15,99,858,put,337.1700134277344,0.23243516757625704,4.999999999999997,-0.33588993353960633,0.016803123586068364,34.037492018302224,-45.90031561314065,-9.065178303217294
2026-10-23,0.07665982203969883,335.0,6.9,6.7,7.1,95,450,put,337.1700134277344,0.22928787393210676,6.900000000000028,-0.4239393139457607,0.018292530920840586,36.552793953852415,-47.437507119343785,-11.48667892379966
2026-10-23,0.07665982203969883,340.0,9.25,9.1,9.4,71,382,put,337.1700134277344,0.22611135793288173,9.250000000448935,-0.5171227864996979,0.018874644520491306,37.19348320857104,-45.992420504909155,-14.075379362939099
2026-10-23,0.07665982203969883,345.0,12.274999999999999,11.85,12.7,5,74,put,337.1700134277344,0.22881438464314205,12.275000000004283,-0.6071906280988418,0.01798829061426797,35.87062236213386,-43.05590572994748,-16.635294243449657
2026-10-23,0.07665982203969883,350.0,15.675,15.15,16.2,1,6,put,337.1700134277344,0.23025971565294429,15.674999999999994,-0.6898568022650988,0.01640322601124903,32.91644508396772,-37.43930654703499,-19.032642748589303
2026-10-23,0.07665982203969883,355.0,19.25,18.6,19.9,4,20,put,337.1700134277344,0.22491036326767813,19.249999999858474,-0.769228852950729,0.01447318822378511,28.368695801346796,-28.145535527339085,-21.358262217634994
2026-10-23,0.07665982203969883,360.0,23.45,22.2,24.7,1,6,put,337.1700134277344,0.23011585021027575,23.44999999986646,-0.8257396241963075,0.011948833326681448,23.96280921353626,-21.358776990168586,-23.1408895961192
2026-10-23,0.07665982203969883,365.0,28.025,26.85,29.2,0,1,put,337.1700134277344,0.24328584357686237,28.025000000245274,-0.8616153319567692,0.00970344554817133,20.57351535532005,-17.21597102406196,-24.418901807743264
2026-10-23,0.07665982203969883,370.0,32.7,31.2,34.2,20,7,put,337.1700134277344,0.25608209823093575,32.699999999999854,-0.8890166133924693,0.007895423353134126,17.620585480272457,-13.30969092568403,-25.485538171938384
2026-10-23,0.07665982203969883,375.0,37.775,36.15,39.4,18,5,put,337.1700134277344,0.28882726319487356,37.775000000001405,-0.8928618915625379,0.006824400330350194,17.177832893495786,-15.907722844568433,-25.97397718571699
2026-10-23,0.07665982203969883,380.0,42.7,40.9,44.5,0,0,put,337.1700134277344,0.3118662729097509,42.699999999998894,-0.9027023080824342,0.005890619611318797,16.0101382529731,-15.693516166195739,-26.605875924564547
2026-10-23,0.07665982203969883,400.0,62.775000000000006,61.15,64.4,10,10,put,337.1700134277344,0.4201763251443392,62.77499999999035,-0.9157050950954774,0.003928523655248161,14.385555741159811,-21.276982494239306,-28.48091000097731
2026-10-23,0.07665982203969883,405.0,67.975,66.55,69.4,3,0,put,337.1700134277344,0.4584758008696751,67.97499999999995,-0.9113867474885896,0.0037380885939748243,14.935910450520462,-26.310544895976822,-28.76792304690057
2026-10-23,0.07665982203969883,410.0,72.5,70.6,74.4,0,0,put,337.1700134277344,0.44754710549053583,72.50000000000001,-0.9310841417793548,0.0031613639828515527,12.330450582227543,-17.0818380686072,-29.623935037400894
2026-10-23,0.07665982203969883,415.0,77.5,75.6,79.4,2,0,put,337.1700134277344,0.4706486666993919,77.5,-0.9328895474827795,0.002944821136348155,12.078734840752832,-17.872822373342228,-30.05389917874916
2026-10-30,0.09582477754962354,185.0,153.225,151.45,155.0,0,2,call,337.1700134277344,0.8675068697206385,153.22499999995745,0.9910214218724334,0.0002553010632781931,2.4126884901033905,-18.83902428570087,17.33639894373173
2026-10-30,0.09582477754962354,190.0,148.25,146.45,150.05,0,2,call,337.1700134277344,0.8325868177732524,148.24999999998906,0.9906824578734252,0.0002752896159493006,2.4968650285436236,-19.02329241506541,17.802175542323095
2026-10-30,0.09582477754962354,210.0,128.225,126.8,129.65,0,1,call,337.1700134277344,0.6485528388073794,128.2249999999997,0.9929860814122494,0.00027089755838529664,1.9139304923259772,-15.751569345102247,19.79549504207053
2026-10-30,0.09582477754962354,215.0,123.375,121.6,125.15,0,11,call,337.1700134277344,0.6699501006988281,123.37499999999963,0.9886735104678422,0.00040913675656744546,2.985978393901082,-19.90007228989126,20.12090931691466
2026-10-30,0.09582477754962354,220.0,118.42500000000001,116.65,120.2,1,2,call,337.1700134277344,0.6473421539450411,118.42500000000003,0.987422649170015,0.00046553101455320097,3.2829042376764535,-20.792875067155677,20.554827585989326
2026-10-30,0.09582477754962354,240.0,98.65,97.45,99.85,25,27,call,337.1700134277344,0.5590293990223225,98.64999999999596,0.9806545133743757,0.0007896372055819571,4.808813751730769,-24.66961993215189,22.231089227883288
2026-10-30,0.09582477754962354,245.0,93.575,92.5,94.65,1,3,call,337.1700134277344,0.5081650129424217,93.57500000003887,0.9832658153051584,0.0007649356093135441,4.234531282445294,-22.18185398549171,22.801769158741067
2026-10-30,0.09582477754962354,250.0,88.75,87.55,89.95,3,10,call,337.1700134277344,0.5102462218526018,88.75000000000041,0.9768842931108768,0.0010094645495104175,5.6110814869376835,-26.04520019434749,23.057941568497696
2026-10-30,0.09582477754962354,255.0,83.75,82.15,85.35,90,26,call,337.1700134277344,0.47717022555731264,83.75000000000027,0.9765657025467884,0.0010922247388575025,5.6775511041356665,-25.50214741053676,23.52677203676053
2026-10-30,0.09582477754962354,260.0,78.75,77.0,80.5,2,5,call,337.1700134277344,0.44474833042555245,78.75000000000006,0.976240796586748,0.0011857971856440437,5.745137773207784,-24.958245637466327,23.995398459370175
2026-10-30,0.09582477754962354,265.0,73.75,72.05,75.45,3,13,call,337.1700134277344,0.41295447264086105,73.75000000000001,0.9759079013257427,0.0012924403282139267,5.814178774879756,-24.41352896599192,24.463766753725242
2026-10-30,0.09582477754962354,270.0,69.0,67.8,70.2,11,23,call,337.1700134277344,0.41786524209506887,68.99999999999994,0.9649865339455628,0.001752164822410845,7.976032432900269,-29.3511282390424,24.566073350527834
2026-10-30,0.09582477754962354,275.0,64.1,62.9,65.3,1,24,call,337.1700134277344,0.3981283084171582,64.10000000000338,0.9597149355025961,0.0020654258612985313,8.95794466504571,-30.74390565943177,24.865293413161243
2026-10-30,0.09582477754962354,280.0,59.224999999999994,58.05,60.4,2,45,call,337.1700134277344,0.3797467957490952,59.22499999999935,0.9529137616767974,0.0024596507732847655,10.175207481039973,-32.444997115317065,25.112698435869607
2026-10-30,0.09582477754962354,285.0,54.400000000000006,53.2,55.6,11,20,call,337.1700134277344,0.36413940466098277,54.400000000001846,0.9434539176136524,0.002971366920552919,11.786901878330847,-34.781246217946894,25.269412600844536
2026-10-30,0.09582477754962354,290.0,49.599999999999994,48.4,50.8,3,123,call,337.1700134277344,0.3480443805623631,49.599999999999966,0.9321442464443058,0.003588476762112173,13.605686837356824,-37.16572344297349,25.363964635612373
2026-10-30,0.09582477754962354,295.0,44.825,43.65,46.0,1,219,call,337.1700134277344,0.3311402459638795,44.824999999999854,0.9187393122320973,0.004332636590561863,15.629314718265505,-39.49829379960293,25.388424691214055
2026-10-30,0.09582477754962354,300.0,40.325,39.2,41.45,3,131,call,337.1700134277344,0.32672575828612593,40.32500000005809,0.8940918259074184,0.005347270955095479,19.032299874366533,-44.77932413732037,25.023294601333554
2026-10-30,0.09582477754962354,305.0,35.575,34.6,36.55,21,62,call,337.1700134277344,0.30476040677772864,35.5749999999981,0.8763188820515327,0.0064054177455839835,21.26579923030361,-46.113805078993515,24.90423195890569
2026-10-30,0.09582477754962354,310.0,31.35,30.1,32.6,10,118,call,337.1700134277344,0.30210223555067833,31.34999999999991,0.8395667876171906,0.007713792686707957,25.386194783956302,-51.943060451464255,24.12165934812562
2026-10-30,0.09582477754962354,315.0,27.4,26.75,28.05,12,378,call,337.1700134277344,0.3017948550195658,27.399999999953643,0.794643628444902,0.00901512600379683,29.638712843857746,-58.08118634410947,23.048734019322968
2026-10-30,0.09582477754962354,320.0,23.35,22.8,23.9,4,180,call,337.1700134277344,0.2908294832507577,23.350000000000357,0.7503298907746264,0.010448416084924797,33.102789847604505,-61.1396147563684,22.005081114770377
2026-10-30,0.09582477754962354,325.0,19.45,18.75,20.15,7,161,call,337.1700134277344,0.2781968000523871,19.44999999998349,0.6993005287892441,0.011975281897585729,36.2922239316429,-62.968213542565366,20.73007776554899
2026-10-30,0.09582477754962354,330.0,16.325,15.9,16.75,21,486,call,337.1700134277344,0.2791946441232385,16.325000000000017,0.6347004158565261,0.012892598459930142,39.212383895681675,-66.5313818319293,18.94234954358021
2026-10-30,0.09582477754962354,335.0,13.149999999999999,13.1,13.2,96,1224,call,337.1700134277344,0.2706736487003538,13.149999999999968,0.5687356201849204,0.0139028924400799,40.994618233695874,-66.40575145815224,17.1153206962637
2026-10-30,0.09582477754962354,340.0,10.55,10.3,10.8,274,960,call,337.1700134277344,0.2680349189573692,10.549999999977487,0.4982390673465375,0.014253436788712664,41.61852428112174,-65.71076389351127,15.086774964987468
2026-10-30,0.09582477754962354,345.0,8.25,8.0,8.5,95,1624,call,337.1700134277344,0.2641822692959883,8.24999999999998,0.42696396485544047,0.014219740278037863,40.923336688640276,-62.884204654374905,13.004327451666981
2026-10-30,0.09582477754962354,350.0,6.325,6.15,6.5,412,2373,call,337.1700134277344,0.26099759135225864,6.325000000000003,0.35741706312467086,0.013695000595665242,38.93805561669016,-58.47698902905147,10.941782502550671
2026-10-30,0.09582477754962354,355.0,4.775,4.6,4.95,941,1613,call,337.1700134277344,0.25898009921342957,4.7750000000000155,0.2926275716122124,0.012713776236480285,35.868784734795085,-52.95310444292526,8.997011577668783
2026-10-30,0.09582477754962354,360.0,3.5,3.45,3.55,451,1892,call,337.1700134277344,0.2561725700119471,3.499999999980979,0.23303015906585953,0.011437377354302801,31.917934675759888,-46.249703094290446,7.193640972337489
2026-10-30,0.09582477754962354,365.0,2.55,2.48,2.62,260,603,call,337.1700134277344,0.25522360008391837,2.5499999999999456,0.1823466411459547,0.009928888288915074,27.60559810234295,-39.578912298113934,5.647128488785585
2026-10-30,0.09582477754962354,370.0,1.875,1.77,1.98,86,2243,call,337.1700134277344,0.25662911926876153,1.874999999994414,0.14179233406131916,0.008380436195029144,23.428703897343357,-33.567716526723046,4.401531310826455
2026-10-30,0.09582477754962354,375.0,1.295,1.17,1.42,68,336,call,337.1700134277344,0.2545214431949704,1.2950000000065096,0.10525295197800055,0.006855918972369855,19.00928401659982,-26.880199459314863,3.276549960603317
2026-10-30,0.09582477754962354,380.0,0.9099999999999999,0.88,0.94,24,342,call,337.1700134277344,0.25497819071893835,0.9099999999999683,0.07815655042679531,0.005487868403079324,15.243420494237728,-21.497121080535102,2.4379783175643532
2026-10-30,0.09582477754962354,385.0,0.645,0.6,0.69,7,97,call,337.1700134277344,0.2566692975209401,0.6450000000000017,0.05794870052468025,0.004326497577711466,12.097234325556283,-17.10505321277226,1.8104715802626057
2026-10-30,0.09582477754962354,390.0,0.47500000000000003,0.39,0.56,4,161,call,337.1700134277344,0.26063903413082584,0.47500000000039017,0.04391265409150402,0.003416026355047781,9.699210312398355,-13.87621977666006,1.3732677780664793
2026-10-30,0.09582477754962354,395.0,0.305,0.18,0.43,2,88,call,337.1700134277344,0.258530586508826,0.30500000000008226,0.03000494027301774,0.0025217425283232463,7.1021261218089435,-10.050035099075489,0.9402103053150133
2026-10-30,0.09582477754962354,400.0,0.22,0.18,0.26,34,393,call,337.1700134277344,0.2619839532897499,0.22000000000792774,0.022217419117727726,0.001935301113111353,5.523303957320584,-7.898238300490691,0.6967465094554622
2026-10-30,0.09582477754962354,405.0,0.14,0.02,0.26,23,24,call,337.1700134277344,0.26084805427377405,0.13999999993243276,0.014893806143984717,0.0013824296561159935,3.928315400345028,-5.5803276777076185,0.46779211120294
2026-10-30,0.09582477754962354,410.0,0.11499999999999999,0.02,0.21,5,12,call,337.1700134277344,0.2689447485925227,0.11499999999997536,0.012148463140567424,0.001124542424198513,3.2946904650940527,-4.814007143276759,0.3814877804465482
2026-10-30,0.09582477754962354,415.0,0.095,0.01,0.18,13,30,call,337.1700134277344,0.2767956115322507,0.09500000000178233,0.009967032063292783,0.0009198282826416443,2.7735861853317174,-4.162107989388206,0.31292389243385527
2026-10-30,0.09582477754962354,185.0,0.195,0.0,0.39,5,8,put,337.1700134277344,0.8282056544834799,0.19499999999999892,-0.006431931433852914,0.000209175187980628,1.8872266705329934,-8.041141872519606,-0.22649665784297285
2026-10-30,0.09582477754962354,190.0,0.18,0.0,0.36,3,13,put,337.1700134277344,0.7868986120165793,0.17999999999999922,-0.00628930442320332,0.00021582914784806271,1.8501399523411584,-7.485207925942885,-0.22045111564350442
2026-10-30,0.09582477754962354,220.0,0.065,0.0,0.13,2,2,put,337.1700134277344,0.5354930036044644,0.06499999998339337,-0.0036104209717716293,0.00019335387888377902,1.12793064461035,-3.0897037003172625,-0.12287857375233197
2026-10-30,0.09582477754962354,240.0,0.11,0.01,0.21,1,30,put,337.1700134277344,0.46348306490787916,0.10999999999999725,-0.006692149241322553,0.00038712025050009226,1.954589072897674,-4.612818762983957,-0.22675899174400918
2026-10-30,0.09582477754962354,245.0,0.135,0.03,0.24,4,121,put,337.1700134277344,0.4498288981303122,0.13499999999999887,-0.008285616594617235,0.00048145799099453103,2.359290710240363,-5.39634175839748,-0.2806383327754833
2026-10-30,0.09582477754962354,250.0,0.165,0.07,0.26,326,256,put,337.1700134277344,0.43600568399392237,0.1649999999841346,-0.010224160025372945,0.000597070853902672,2.8359183891492052,-6.277543482317836,-0.34614594402717375
2026-10-30,0.09582477754962354,255.0,0.2,0.07,0.33,2,76,put,337.1700134277344,0.42172998946617,0.19999999999988402,-0.012535675722968176,0.0007368997411580654,3.3854670808974108,-7.236331780630181,-0.4241831302241138
2026-10-30,0.09582477754962354,260.0,0.26,0.15,0.37,1,27,put,337.1700134277344,0.41170468341476596,0.26000000000510676,-0.01620359426552856,0.000941589122366567,4.2230181340443895,-8.795934493401933,-0.5484402829929708
2026-10-30,0.09582477754962354,265.0,0.27,0.21,0.33,2,76,put,337.1700134277344,0.38803449340102214,0.26999999998938345,-0.017701694120935436,0.0010774860070164628,4.554677985647673,-8.921098412675976,-0.5978010008360276
2026-10-30,0.09582477754962354,270.0,0.345,0.22,0.47,4,507,put,337.1700134277344,0.3767642722764496,0.3449999999999955,-0.022597539497237713,0.0013651089194620888,5.602898091859544,-10.630742191538886,-0.7631689099250069
2026-10-30,0.09582477754962354,275.0,0.395,0.36,0.43,1,244,put,337.1700134277344,0.3586791263575525,0.3950000000000002,-0.02662950589599084,0.0016457694590026088,6.43058981328552,-11.583171974330552,-0.898229925033212
2026-10-30,0.09582477754962354,280.0,0.495,0.45,0.54,11,86,put,337.1700134277344,0.3460040968782949,0.49499999999970185,-0.03352073249512677,0.0020648566839776,7.782996966280635,-13.482682401340838,-1.1304627074390639
2026-10-30,0.09582477754962354,285.0,0.635,0.59,0.68,1,175,put,337.1700134277344,0.3347922782455965,0.6350000000000002,-0.04286031122101077,0.0026078377281623815,9.51112091733633,-15.88764761325947,-1.4456328811681798
2026-10-30,0.09582477754962354,290.0,0.8500000000000001,0.77,0.93,40,249,put,337.1700134277344,0.3266315680904876,0.8499999999986513,-0.05627978592010998,0.003322480774722556,11.82214655044988,-19.192792598560253,-1.899808257641958
2026-10-30,0.09582477754962354,295.0,1.05,1.0,1.1,6,402,put,337.1700134277344,0.31278941903428176,1.0499999999998113,-0.06996017976253707,0.004110495876542323,14.006253309858327,-21.671576240097444,-2.3609763620751267
2026-10-30,0.09582477754962354,300.0,1.37,1.31,1.43,329,930,put,337.1700134277344,0.3030193152615224,1.37000000000096,-0.08988927205144621,0.005129228404764475,16.931602237102243,-25.24335856704314,-3.0355341471892463
2026-10-30,0.09582477754962354,305.0,1.8399999999999999,1.78,1.9,33,623,put,337.1700134277344,0.29607435674899824,1.8400000000000019,-0.1169461582297176,0.006355590642453197,20.498987827373647,-29.67815170176371,-3.9547592633052817
2026-10-30,0.09582477754962354,310.0,2.4850000000000003,2.37,2.6,31,757,put,337.1700134277344,0.2906326025106841,2.4849999999295926,-0.15144388860790056,0.0077342844350230516,24.4872591072452,-34.5517268001881,-5.131161747951077
2026-10-30,0.09582477754962354,315.0,3.2249999999999996,3.15,3.3,64,850,put,337.1700134277344,0.28213095503694463,3.2249999999999748,-0.19066564145733875,0.00923353959106663,28.37884139817178,-38.520343787577765,-6.469297169509231
2026-10-30,0.09582477754962354,320.0,4.300000000000001,4.15,4.45,49,794,put,337.1700134277344,0.27801227168563275,4.300000000011018,-0.24066393389190835,0.01072729563969666,32.48851960409974,-43.00592276770419,-8.18771571188802
2026-10-30,0.09582477754962354,325.0,5.6,5.4,5.8,87,434,put,337.1700134277344,0.2728089271470219,5.599999999959936,-0.2972189563944166,0.012156165503729248,36.12691590522146,-46.31883099258314,-10.139537804641998
2026-10-30,0.09582477754962354,330.0,7.225,7.05,7.4,75,813,put,337.1700134277344,0.26847055085118043,7.225000000000303,-0.36092020931371865,0.013358830542259165,39.069765173047855,-48.50641254090855,-12.35339223469586
2026-10-30,0.09582477754962354,335.0,9.2,9.0,9.4,191,236,put,337.1700134277344,0.26470990261844146,9.199999999999992,-0.42998040801402143,0.0142110207826492,40.97992592580512,-49.155758023600434,-14.773928810489418
2026-10-30,0.09582477754962354,340.0,11.55,11.3,11.8,116,471,put,337.1700134277344,0.2615687999525204,11.549999999983259,-0.5021275393903006,0.014605638256003554,41.61809394304263,-48.06290342710313,-17.3301361312871
2026-10-30,0.09582477754962354,345.0,14.125,13.6,14.65,11,166,put,337.1700134277344,0.25516301544723624,14.125000000000023,-0.5762122443512464,0.014696528596610157,40.851517720606566,-44.31574421971285,-19.97050555997184
2026-10-30,0.09582477754962354,350.0,17.4,17.1,17.7,8,71,put,337.1700134277344,0.25730922076393614,17.400000000000002,-0.6444815828610715,0.01385872088934106,38.846706474505496,-40.803101684765835,-22.49006225366687
2026-10-30,0.09582477754962354,355.0,21.075,20.2,21.95,4,8,put,337.1700134277344,0.26195404281916684,21.075000000000006,-0.704446546680419,0.01261792263194242,36.00714368971268,-36.69810903839805,-24.779640810725606
2026-10-30,0.09582477754962354,360.0,24.775,23.75,25.8,15,32,put,337.1700134277344,0.25951869781950043,24.77499999999454,-0.763291451659904,0.011375344420481605,32.15947235509993,-29.881847781662106,-27.035426735634143
2026-10-30,0.09582477754962354,365.0,28.700000000000003,27.6,29.8,2,3,put,337.1700134277344,0.2554964911125496,28.69999999999996,-0.8168959078535336,0.009927739246155576,27.631916516659267,-22.09545439131639,-29.143458309928267
2026-10-30,0.09582477754962354,370.0,33.05,31.75,34.35,1,3,put,337.1700134277344,0.2590845816783347,33.04999999999948,-0.8552639137940027,0.00839822196904355,23.70307135081951,-16.45000562367614,-30.799937263343732
2026-10-30,0.09582477754962354,380.0,42.775,41.65,43.9,2,3,put,337.1700134277344,0.2995601546977332,42.774999999974035,-0.8832630024114606,0.00625540144314636,20.413380856362398,-15.345436482215117,-32.63646254185996
2026-10-30,0.09582477754962354,390.0,52.525,50.65,54.4,2,0,put,337.1700134277344,0.3354233739142237,52.52499999999882,-0.9037322740055809,0.004856699213621588,17.746398795649558,-13.649618543919201,-34.232100762912545
2026-11-20,0.15331964407939766,100.0,237.9,236.15,239.65,5,13,call,337.1700134277344,1.2526049857967514,237.9,0.9961482023747841,5.6738719961218794e-05,1.2387662331635585,-8.573415912927581,15.020925270801607
2026-11-20,0.15331964407939766,110.0,228.05,226.85,229.25,345,349,call,337.1700134277344,1.20495339972183,228.04999999999768,0.9949116400286673,7.98075764036449e-05,1.6761391208829393,-10.60162674331025,16.46719993856571
2026-11-20,0.15331964407939766,120.0,218.05,216.3,219.8,1,70,call,337.1700134277344,1.0652070707328212,218.04999999999998,0.9958013753762622,7.342967647162959e-05,1.3633311072648648,-9.295514641946374,18.046391058152935
2026-11-20,0.15331964407939766,125.0,213.075,211.3,214.85,3,32,call,337.1700134277344,1.0142322069455214,213.0749999999993,0.995929324079749,7.453131561628144e-05,1.3175644662541717,-9.18324744441521,18.815770568351716
2026-11-20,0.15331964407939766,130.0,208.1,206.35,209.85,1,45,call,337.1700134277344,0.9647875580630781,208.1,0.9960807898005141,7.511249228468842e-05,1.2631052941277705,-9.06557416399945,19.586365785736522
2026-11-20,0.15331964407939766,135.0,203.125,201.35,204.9,8,23,call,337.1700134277344,0.9166173887080662,203.12499999999986,0.996258106831666,7.504409902316293e-05,1.1989479473224205,-8.941915351695375,20.35829738109143
2026-11-20,0.15331964407939766,140.0,198.15,196.4,199.9,47,23,call,337.1700134277344,0.8694409548322177,198.14999999999998,0.9964641437215334,7.41587011787186e-05,1.1238229519317882,-8.811458413035142,21.131713643409537
2026-11-20,0.15331964407939766,145.0,193.175,191.4,194.95,15,31,call,337.1700134277344,0.8229238012458416,193.17499999998927,0.9967024962345528,7.223408370730059e-05,1.036089996250118,-8.67305933085845,21.90680045496725
2026-11-20,0.15331964407939766,150.0,188.52499999999998,187.1,189.95,2,207,call,337.1700134277344,0.9483013912844757,188.52499999999895,0.9907416746636543,0.00018448679379747256,3.0493505966368555,-15.47280698882432,22.311593401743018
2026-11-20,0.15331964407939766,155.0,183.55,182.1,185.0,1,47,call,337.1700134277344,0.9082468198879462,183.54999999999592,0.9906727899228123,0.00019399312776763783,3.071043160248907,-15.401299618175841,23.070797649070784
2026-11-20,0.15331964407939766,160.0,178.35000000000002,177.15,179.55,75,97,call,337.1700134277344,0.7722969301127993,178.35000000000002,0.9950979274389077,0.00011970679259426605,1.6113830533023024,-10.710678948472522,24.096816337202675
2026-11-20,0.15331964407939766,170.0,168.425,167.25,169.6,1,52,call,337.1700134277344,0.7109173646265392,168.4249999999999,0.9949127135341471,0.00013523802615773365,1.6757670030319418,-11.060426847600716,25.608939211435995
2026-11-20,0.15331964407939766,175.0,163.55,162.3,164.8,10,46,call,337.1700134277344,0.7241282791208961,163.55000000007013,0.9926812115315569,0.00019226137137431495,2.4266281581709537,-13.128041427361492,26.241015456818985
2026-11-20,0.15331964407939766,180.0,158.5,157.3,159.7,2,19,call,337.1700134277344,0.653134164227202,158.49999999999474,0.9947207041336251,0.00015303265486705915,1.7421365926209447,-11.408927892940122,27.120710793967863
2026-11-20,0.15331964407939766,185.0,153.52499999999998,152.35,154.7,42,321,call,337.1700134277344,0.6181670728654106,153.52500000000032,0.9949829325735141,0.00015326775263325144,1.6514002521256221,-11.295266031923822,27.897031866463962
2026-11-20,0.15331964407939766,190.0,148.525,147.4,149.65,2,92,call,337.1700134277344,0.565750952307964,148.52500000000003,0.9960993530938171,0.00012741195876548412,1.2564093940048704,-10.56728828562877,28.72134320724979
2026-11-20,0.15331964407939766,195.0,143.625,142.45,144.8,1,24,call,337.1700134277344,0.5788733997942992,143.62499999999415,0.9940289801722336,0.00019606797822332346,1.978271766659257,-12.20997953903587,29.36558197718044
2026-11-20,0.15331964407939766,200.0,138.675,137.5,139.85,1,138,call,337.1700134277344,0.5591984130249079,138.67499999999987,0.9935075956170093,0.0002209382212744737,2.1534384955478316,-12.656399269439758,30.09756135213038
2026-11-20,0.15331964407939766,205.0,133.72500000000002,132.55,134.9,85,144,call,337.1700134277344,0.5395489414352154,133.72499999990856,0.9929527847798559,0.00024854797326104983,2.3374200218145122,-13.09550336401609,30.827812762588948
2026-11-20,0.15331964407939766,210.0,128.77499999999998,127.6,129.95,2,75,call,337.1700134277344,0.5199474653417997,128.7749999999991,0.9923612249643197,0.00027928488811625256,2.531060879210111,-13.52720692931247,31.556164442429772
2026-11-20,0.15331964407939766,215.0,123.825,122.65,125.0,12,156,call,337.1700134277344,0.5004102159310957,123.82500000000003,0.991729141187855,0.0003136057080099426,2.7353053500298525,-13.951373148400581,32.282421244777915
2026-11-20,0.15331964407939766,220.0,118.875,117.7,120.05,360,172,call,337.1700134277344,0.4809485089080259,118.87500000000001,0.9910522163907545,0.0003520521629142017,2.9512179814455446,-14.367812250044462,33.00636000014009
2026-11-20,0.15331964407939766,225.0,113.875,112.75,115.0,3,2446,call,337.1700134277344,0.44419984685267944,113.87499999999994,0.9921916371950161,0.00033402172061546904,2.5861207695079633,-13.768686728436206,33.83186033569348
2026-11-20,0.15331964407939766,230.0,109.0,107.85,110.15,4,3680,call,337.1700134277344,0.4492966185131517,108.99999999999636,0.9886316305152801,0.00047276803443593363,3.702345493140572,-15.647955190895814,34.39525981550094
2026-11-20,0.15331964407939766,235.0,104.075,102.9,105.25,5,172,call,337.1700134277344,0.4357063110760631,104.07499999999987,0.9868412704203029,0.0005582774524242137,4.2397439340450775,-16.479510016599463,35.05780677980764
2026-11-20,0.15331964407939766,240.0,99.125,97.95,100.3,1,417,call,337.1700134277344,0.41574823667964406,99.12499999992015,0.9858590557495692,0.0006249740393466566,4.528851520177807,-16.841992025836678,35.765963640358315
2026-11-20,0.15331964407939766,245.0,94.225,93.05,95.4,4,1861,call,337.1700134277344,0.40572134919557273,94.225,0.9828995591550904,0.0007605474409978993,5.37835988830025,-18.029708478268123,36.3642393518752
2026-11-20,0.15331964407939766,250.0,89.30000000000001,88.15,90.45,2,465,call,337.1700134277344,0.3896905420300642,89.29999999999994,0.9807080120411501,0.0008817105744257565,5.988824736534347,-18.749894919851677,37.006047038909436
2026-11-20,0.15331964407939766,255.0,84.425,83.25,85.6,21,1269,call,337.1700134277344,0.3803913664910912,84.42499999999988,0.9764586208733899,0.0010759479580788815,7.133745408245569,-20.178173349616394,37.533808934823945
2026-11-20,0.15331964407939766,260.0,79.25,78.35,80.15,1,1081,call,337.1700134277344,0.3234160878983723,79.25000000000095,0.9843850082627279,0.0008791411017450673,4.95582421172777,-16.95816158396103,38.736990996370125
2026-11-20,0.15331964407939766,265.0,74.75,74.2,75.3,4,1103,call,337.1700134277344,0.36346088601451426,74.75000000014755,0.9645192140412603,0.0015992846663290148,10.131625843789507,-23.65724421815427,38.39997140470721
2026-11-20,0.15331964407939766,270.0,69.7,68.65,70.75,8,6532,call,337.1700134277344,0.3316588347454382,69.6999999999996,0.9658095922878602,0.0016988905619335234,9.820931074315826,-22.55896556379809,39.240941435232415
2026-11-20,0.15331964407939766,275.0,64.85,63.95,65.75,4,3015,call,337.1700134277344,0.3194759474796659,64.85000000021938,0.9592637934859317,0.002041554916361106,11.368284204036833,-23.932017302169843,39.646158037753885
2026-11-20,0.15331964407939766,280.0,60.150000000000006,59.1,61.2,1,2238,call,337.1700134277344,0.31670698482640824,60.14999999999136,0.9466147155345682,0.002568462609584767,14.178378906482305,-26.776103410632917,39.712868981439115
2026-11-20,0.15331964407939766,285.0,55.4,54.5,56.3,2,2120,call,337.1700134277344,0.30651929706347575,55.40000000000012,0.9352659099179188,0.003093985391216298,16.52995870252428,-28.72378409178132,39.85446320796577
2026-11-20,0.15331964407939766,290.0,51.125,50.55,51.7,96,1983,call,337.1700134277344,0.31736553640943765,51.12499999996765,0.9082196196733453,0.003907329293386225,21.614015864843957,-34.35922178456249,39.11175248787146
2026-11-20,0.15331964407939766,295.0,46.5,45.5,47.5,2,1358,call,337.1700134277344,0.3055683845465701,46.5,0.8914649757153924,0.004591896941685227,24.45660895176242,-36.334309340793986,38.954728100231534
2026-11-20,0.15331964407939766,300.0,42.0,41.45,42.55,1007,5561,call,337.1700134277344,0.29595908021991857,41.99999999999967,0.8699635447537257,0.0053917241750616254,27.813460391998877,-38.69835081890577,38.5331546165919
2026-11-20,0.15331964407939766,305.0,37.775000000000006,37.35,38.2,23,3425,call,337.1700134277344,0.29207278359154804,37.775000000001555,0.8402985657231888,0.006280740606296721,31.97404899037514,-42.052614938653626,37.647405356711154
2026-11-20,0.15331964407939766,310.0,33.425,33.05,33.8,11,13447,call,337.1700134277344,0.28029419548889,33.42499999986208,0.8119530180179446,0.007266171102694372,35.4989423066146,-43.81828312473771,36.849028772962384
2026-11-20,0.15331964407939766,315.0,29.8,29.25,30.35,30,5719,call,337.1700134277344,0.28380220869840567,29.800000000000175,0.7678878440027773,0.008127842623260197,40.20561835051901,-48.05950961413426,35.12687272200129
2026-11-20,0.15331964407939766,320.0,25.725,25.4,26.05,60,6778,call,337.1700134277344,0.27109663597023886,25.724999999889434,0.730090956086084,0.009220037707695458,43.56648426076334,-48.96916427505943,33.79774822220091
2026-11-20,0.15331964407939766,325.0,22.35,22.15,22.55,159,10944,call,337.1700134277344,0.2698046692397616,22.350000000003767,0.6804656052770784,0.010018845786110517,47.11539560117189,-51.283938762827184,31.74983010822529
2026-11-20,0.15331964407939766,330.0,18.925,18.8,19.05,162,10442,call,337.1700134277344,0.2622754336420504,18.924999999991293,0.6296900403143403,0.010894114012477175,49.80182050647022,-51.78458944624623,29.65011790142068
2026-11-20,0.15331964407939766,335.0,15.95,15.85,16.05,208,7786,call,337.1700134277344,0.2586469294896389,15.94999999999985,0.573752567309138,0.01147159485063786,51.7162250036185,-52.06243125011154,27.214568120831977
2026-11-20,0.15331964407939766,340.0,13.25,13.15,13.35,1850,8578,call,337.1700134277344,0.25492726499426416,13.250000000252822,0.5155189649320583,0.011834973033747686,52.58710322198169,-51.35974180622851,24.61815752053633
2026-11-20,0.15331964407939766,345.0,10.975,10.85,11.1,194,7094,call,337.1700134277344,0.2538225327850898,10.974999999999367,0.45694625167674874,0.011827733431261327,52.32718720433055,-50.127763498822816,21.93905580715061
2026-11-20,0.15331964407939766,350.0,8.899999999999999,8.85,8.95,571,14773,call,337.1700134277344,0.2510736452069652,8.89999999999548,0.3987224927405471,0.011638912887151024,50.9341701129606,-47.68575483782613,19.247329283918884
2026-11-20,0.15331964407939766,355.0,7.15,7.05,7.25,242,9062,call,337.1700134277344,0.24925059132648564,7.150000000630414,0.34292049044857276,0.011165752010452406,48.5087254886717,-44.601065253966986,16.630966068827835
2026-11-20,0.15331964407939766,360.0,5.675,5.6,5.75,465,15549,call,337.1700134277344,0.24771785831277973,5.674999999999986,0.2905652409071357,0.01047190689007067,45.21460878682456,-40.928299410691466,14.150619099204219
2026-11-20,0.15331964407939766,365.0,4.475,4.4,4.55,316,7638,call,337.1700134277344,0.2470213422724525,4.475000000420221,0.24317945460624488,0.009597351898274795,41.32202395620292,-36.98652340233178,11.88500456830369
2026-11-20,0.15331964407939766,370.0,3.5,3.45,3.55,214,6458,call,337.1700134277344,0.24672001738460864,3.499999999999997,0.20105205300425968,0.008619494129638966,37.066523410673454,-32.89184727661784,9.856724191711727
2026-11-20,0.15331964407939766,375.0,2.715,2.65,2.78,279,4226,call,337.1700134277344,0.2466760308133737,2.714999999932436,0.16429277215056995,0.007599042903516204,32.672437591591255,-28.79839394641022,8.076816938427589
2026-11-20,0.15331964407939766,380.0,2.055,1.99,2.12,294,6223,call,337.1700134277344,0.24560164335722925,2.0549999993895103,0.13149453020550447,0.006574342980797869,28.14357828872293,-24.560712177688266,6.482509790219704
2026-11-20,0.15331964407939766,385.0,1.5750000000000002,1.53,1.62,286,1014,call,337.1700134277344,0.2462436656220202,1.5749999999978817,0.10533384575371638,0.005604951142456781,24.05650808171847,-20.939607183685315,5.203732223085403
2026-11-20,0.15331964407939766,390.0,1.19,1.15,1.23,729,3992,call,337.1700134277344,0.24651273813087146,1.190000000003107,0.08319242531302064,0.004703878228687791,20.211154638534914,-17.531433661252105,4.118164284607626
2026-11-20,0.15331964407939766,395.0,0.89,0.85,0.93,105,404,call,337.1700134277344,0.2467145858423066,0.8899999999957566,0.0649434256845117,0.003889451165539243,16.725489529333945,-14.460810875807423,3.220782039056183
2026-11-20,0.15331964407939766,400.0,0.675,0.66,0.69,1354,39264,call,337.1700134277344,0.24802822613260964,0.675000000000006,0.050970414073826006,0.003197738725028655,13.82419249290118,-11.970973424997016,2.5314139112131113
2026-11-20,0.15331964407939766,405.0,0.505,0.47,0.54,24,166,call,337.1700134277344,0.2489320852578774,0.5049999999998169,0.03948831330068865,0.002594407886044212,11.256796675134288,-9.750672589032657,1.9639135032076371
2026-11-20,0.15331964407939766,410.0,0.41000000000000003,0.38,0.44,4,1770,call,337.1700134277344,0.2535132166440511,0.4099999999999985,0.03239269789061211,0.0021658929705128415,9.570470443913415,-8.414879633995689,1.611672546018729
2026-11-20,0.15331964407939766,415.0,0.28,0.2,0.36,2,16,call,337.1700134277344,0.25100176988985023,0.2800000000194577,0.02332232558380401,0.0016635240453453533,7.277824111062065,-6.319926943885435,1.162713140296545
2026-11-20,0.15331964407939766,420.0,0.225,0.2,0.25,13,1154,call,337.1700134277344,0.25504703110050225,0.22500000014037097,0.018932970142807544,0.0013723442811655084,6.100691135396951,-5.3687351662176654,0.944238928513809
2026-11-20,0.15331964407939766,425.0,0.16,0.08,0.24,1,81,call,337.1700134277344,0.25466679395648717,0.16000000000000297,0.013966786046623932,0.0010591396286219756,4.7013353150187145,-4.1220636159809185,0.6974788790620642
2026-11-20,0.15331964407939766,430.0,0.14500000000000002,0.09,0.2,1,1386,call,337.1700134277344,0.2625400367887789,0.14499999999178095,0.012447171135705452,0.000930050011657091,4.255959956945095,-3.8376521735673923,0.6212225054138116
2026-11-20,0.15331964407939766,440.0,0.060000000000000005,0.02,0.1,2,759,call,337.1700134277344,0.25623443066840584,0.060000000001784674,0.005705761659672953,0.00048064857893659183,2.146648007830682,-1.8829485327699895,0.2857589519033905
2026-11-20,0.15331964407939766,450.0,0.08,0.05,0.11,70,3152,call,337.1700134277344,0.2845166628644999,0.07999999990153567,0.00676339645089611,0.0005032244683721086,2.4955435014771465,-2.4207213209109937,0.33736676371470226
2026-11-20,0.15331964407939766,460.0,0.045,0.03,0.06,2,2403,call,337.1700134277344,0.28583627507999293,0.044999999999945715,0.003976770948287498,0.00031228095116938085,1.555817048069758,-1.5122430560119695,0.19867894096059613
2026-11-20,0.15331964407939766,470.0,0.055,0.03,0.08,2,139,call,337.1700134277344,0.30993211965678186,0.05500000000000012,0.004450083191836974,0.0003184751396640697,1.7204331893573899,-1.808013841077435,0.22161351987566769
2026-11-20,0.15331964407939766,480.0,0.055,0.02,0.09,2,723,call,337.1700134277344,0.3275568515250872,0.05499999999999949,0.004237201527832099,0.0002884224271529003,1.6466883164671586,-1.8246785926263696,0.2106086477151794
2026-11-20,0.15331964407939766,490.0,0.06999999999999999,0.02,0.12,1,709,call,337.1700134277344,0.3533552494089415,0.06999999997027535,0.00494467717043409,0.00030687421963145604,1.8900254034134405,-2.2542829300290848,0.24488165532354467
2026-11-20,0.15331964407939766,500.0,0.035,0.02,0.05,310,4647,call,337.1700134277344,0.3459581962216517,0.034999999999999455,0.0026609572853144733,0.00017976119458061612,1.0839649971763772,-1.2641670707840098,0.1321914310820701
2026-11-20,0.15331964407939766,510.0,0.030000000000000002,0.01,0.05,7,1253,call,337.1700134277344,0.3566008113958889,0.030000000002320778,0.0022456513121024394,0.00014957986889979662,0.9297178390926684,-1.115953125311366,0.11148887570426559
2026-11-20,0.15331964407939766,520.0,0.055,0.0,0.11,22,68,call,337.1700134277344,0.39351016607909717,0.05499999999999923,0.0036027687233929867,0.00020761127808187726,1.4239757303932434,-1.882780692068519,0.17781177937093054
2026-11-20,0.15331964407939766,530.0,0.065,0.0,0.13,12,95,call,337.1700134277344,0.4157777311379002,0.06499999999900796,0.004003087472447875,0.00021595670507212425,1.5650333859492822,-2.183398553503595,0.19697297517580742
2026-11-20,0.15331964407939766,540.0,0.26,0.0,0.52,3,29,call,337.1700134277344,0.5029467054324944,0.2599999999999969,0.012034402857657224,0.000471507649033425,4.133390138286349,-6.960532033522299,0.5822527783551513
2026-11-20,0.15331964407939766,550.0,0.13,0.0,0.26,2,43,call,337.1700134277344,0.47936798144817466,0.1299999999999961,0.006677157991988124,0.00029530814152995435,2.467403247730218,-3.958455896179682,0.32524270277835343
2026-11-20,0.15331964407939766,560.0,0.26,0.0,0.52,6,121,call,337.1700134277344,0.5361749495618348,0.2599999999967507,0.011397595246883585,0.0004219012960031463,3.9428755352956792,-7.065006102480086,0.5493331449050695
2026-11-20,0.15331964407939766,570.0,0.125,0.0,0.25,2,40,call,337.1700134277344,0.5077742779004505,0.1250000000119208,0.006129272356969164,0.0002584462309187287,2.2873708860660718,-3.880306266953115,0.29768647009395854
2026-11-20,0.15331964407939766,580.0,0.14,0.0,0.28,4,711,call,337.1700134277344,0.5289328128893527,0.13999999999972304,0.0065637727771195725,0.00026361378266922755,2.430324760670931,-4.290961175113853,0.3178480818680457
2026-11-20,0.15331964407939766,590.0,0.255,0.0,0.51,11,64,call,337.1700134277344,0.5818874917526888,0.2549999999968878,0.010448295113937078,0.0003604241395082683,3.6555150885315983,-7.092391969539567,0.5010258754729846
2026-11-20,0.15331964407939766,100.0,0.02,0.0,0.04,5,206,put,337.1700134277344,1.0118593827453164,0.02000000000017819,-0.0005107339622877372,1.3566882829159074e-05,0.23927422940357407,-0.7802399316906705,-0.029468675996367235
2026-11-20,0.15331964407939766,105.0,0.24,0.0,0.48,1,7,put,337.1700134277344,1.2472377383079762,0.24000000000002736,-0.004044462983915776,7.265690421558926e-05,1.5795079687459832,-6.346381939808831,-0.24587436484959208
2026-11-20,0.15331964407939766,110.0,0.015,0.0,0.03,1,231,put,337.1700134277344,0.9137430926495632,0.01499999999999984,-0.0004337006863373783,1.2912155766257178e-05,0.205645188327074,-0.6049804220172684,-0.024719859025915156
2026-11-20,0.15331964407939766,120.0,0.26,0.0,0.52,2,138,put,337.1700134277344,1.123037602577871,0.2599999999999927,-0.004851801162357713,9.493782032575481e-05,1.8583574085040715,-6.713757198400016,-0.29067593246107337
2026-11-20,0.15331964407939766,125.0,0.02,0.0,0.04,1,80,put,337.1700134277344,0.8330112743331801,0.01999999999996361,-0.0006232378604240839,1.9809721906275785e-05,0.28762388432892577,-0.7702077576822342,-0.035284540985621254
2026-11-20,0.15331964407939766,130.0,0.26,0.0,0.52,6,74,put,337.1700134277344,1.0414567996061632,0.2599999999996323,-0.005244048355811124,0.00010971298326350425,1.9915672363981076,-6.665424795858959,-0.3109530673633752
2026-11-20,0.15331964407939766,135.0,0.02,0.0,0.04,70,324,put,337.1700134277344,0.771451158002925,0.020000000000001683,-0.0006735450755035713,2.2979270091888506e-05,0.30898710397203116,-0.7653970928575876,-0.03788516172620564
2026-11-20,0.15331964407939766,140.0,0.02,0.0,0.04,14,698,put,337.1700134277344,0.7423690123136579,0.01999999992731266,-0.0007001015439991732,2.474652534489675e-05,0.32020621174787245,-0.7628237703336034,-0.03925799268288657
2026-11-20,0.15331964407939766,145.0,0.07,0.0,0.14,1,273,put,337.1700134277344,0.8019450778810432,0.06999999999999972,-0.002065181685981951,6.164831922018871e-05,0.8617108385294255,-2.2164748089455926,-0.11749150132901226
2026-11-20,0.15331964407939766,150.0,0.05,0.0,0.1,30,228,put,337.1700134277344,0.746499793409724,0.04999999999999552,-0.0016277247536565637,5.333847109685348e-05,0.6940103440814959,-1.6605441481571253,-0.09181086574848443
2026-11-20,0.15331964407939766,155.0,0.02,0.0,0.04,1,599,put,337.1700134277344,0.6609646408527868,0.019999999999587976,-0.0007863615270891714,3.093505698063148e-05,0.35638944733895733,-0.7544151007224389,-0.04371718409924343
2026-11-20,0.15331964407939766,160.0,0.02,0.01,0.03,20,312,put,337.1700134277344,0.635558382535366,0.019999999999923662,-0.0008176281589137191,3.3347314517412796e-05,0.36941285622949616,-0.7513738969196252,-0.04533350595456903
2026-11-20,0.15331964407939766,165.0,0.035,0.0,0.07,4,153,put,337.1700134277344,0.6420900557536624,0.03499999999365816,-0.0013602668190339292,5.264398713414976e-05,0.5891697045794653,-1.2098273490912335,-0.07568489027084806
2026-11-20,0.15331964407939766,170.0,0.05,0.0,0.1,66,446,put,337.1700134277344,0.6384219869040141,0.049999999999995076,-0.0019016224559881573,7.184876157793568e-05,0.7995079952439911,-1.6311468466693335,-0.10596994898047961
2026-11-20,0.15331964407939766,175.0,0.04,0.0,0.08,1,161,put,337.1700134277344,0.6002569824902908,0.040000000000005115,-0.0016449167416256749,6.697146734748175e-05,0.7006848445005456,-1.3428731527777173,-0.09116640545445745
2026-11-20,0.15331964407939766,180.0,0.065,0.0,0.13,4,301,put,337.1700134277344,0.6047564498384798,0.06499999999999966,-0.0025535028921268993,9.907526301905674e-05,1.0443388437232066,-2.0148820961458553,-0.1419685635807429
2026-11-20,0.15331964407939766,185.0,0.05,0.03,0.07,1,1129,put,337.1700134277344,0.5652272584108166,0.049999999999767196,-0.0021437257331196214,9.047893093286778e-05,0.8913868995958265,-1.6057463336220488,-0.1184854261913238
2026-11-20,0.15331964407939766,190.0,0.049999999999999996,0.01,0.09,3,563,put,337.1700134277344,0.5420929727194704,0.050000000000004194,-0.0022332132170705438,9.790303357084608e-05,0.9250508683190882,-1.596560629380511,-0.12311146256441807
2026-11-20,0.15331964407939766,195.0,0.055,0.01,0.1,1,539,put,337.1700134277344,0.524553030833027,0.05499999993740547,-0.0025173366560043925,0.00011276029562032108,1.0309587651729863,-1.7199554212879795,-0.13856576127719075
2026-11-20,0.15331964407939766,200.0,0.055,0.03,0.08,7,1930,put,337.1700134277344,0.5023419050120335,0.055000000000042425,-0.0026255850818073987,0.0001223124531166331,1.0709415626144527,-1.709027517545611,-0.14416164054255254
2026-11-20,0.15331964407939766,205.0,0.085,0.04,0.13,3,1467,put,337.1700134277344,0.5034483380717202,0.08499999999892888,-0.003904052899703883,0.0001743928951948922,1.5303099009964973,-2.4448136751435863,-0.21485135069793743
2026-11-20,0.15331964407939766,210.0,0.1,0.07,0.13,1,1924,put,337.1700134277344,0.49024494489569687,0.09999999999999923,-0.004645888050670202,0.00020922994639045476,1.7878564960973693,-2.77787715981972,-0.255500155071815
2026-11-20,0.15331964407939766,215.0,0.10500000000000001,0.05,0.16,1,1023,put,337.1700134277344,0.4709308737342889,0.10500000000005634,-0.005048731949491172,0.0002345689407837695,1.925410602092484,-2.8697350403696134,-0.27709168261565903
2026-11-20,0.15331964407939766,220.0,0.135,0.11,0.16,6,3793,put,337.1700134277344,0.4629909460250978,0.13500000000000056,-0.006447694618065826,0.00029644356532525435,2.3922701154405814,-3.5005541376643134,-0.35401034834569856
2026-11-20,0.15331964407939766,225.0,0.175,0.12,0.23,6,1477,put,337.1700134277344,0.4559093073961131,0.17500000003699592,-0.008274149359584738,0.00037507996180048057,2.9805609717539494,-4.288293583956877,-0.45456132194341037
2026-11-20,0.15331964407939766,230.0,0.16,0.09,0.23,1,6032,put,337.1700134277344,0.42903556835168244,0.15999999999999998,-0.008086078085861934,0.00039060358270558485,2.9209573067254815,-3.9475225391275197,-0.4425392229435058
2026-11-20,0.15331964407939766,235.0,0.21500000000000002,0.2,0.23,61,2094,put,337.1700134277344,0.42401954724502716,0.21499999999874392,-0.010668832850309045,0.000503697774437255,3.7226447935598035,-4.963596814104934,-0.5844867593762055
2026-11-20,0.15331964407939766,240.0,0.26,0.24,0.28,7,2849,put,337.1700134277344,0.41327774273547263,0.25999999998232987,-0.012959420573107363,0.0006118083527077571,4.407102054736616,-5.716221167642306,-0.7097975865391525
2026-11-20,0.15331964407939766,245.0,0.30000000000000004,0.28,0.32,12,2579,put,337.1700134277344,0.3998591901327385,0.30000000000001675,-0.015188720968571353,0.0007250441590200413,5.053208629296114,-6.327693033408703,-0.8311735801881079
2026-11-20,0.15331964407939766,250.0,0.37,0.35,0.39,42,6977,put,337.1700134277344,0.39050401948983965,0.36999999999998856,-0.018709030655195635,0.0008872811907835647,6.039242553148241,-7.36855349402965,-1.0238876127720817
2026-11-20,0.15331964407939766,255.0,0.41500000000000004,0.4,0.43,56,6290,put,337.1700134277344,0.375415177353919,0.41499999999986464,-0.02148127805439224,0.0010377047559895606,6.790180552512469,-7.943493451280433,-1.1740977340519498
2026-11-20,0.15331964407939766,260.0,0.5,0.48,0.52,19,6347,put,337.1700134277344,0.3647218080481077,0.5000000000000013,-0.025996041152529622,0.001253986782041868,7.971689597143765,-9.034434491908415,-1.420519618042753
2026-11-20,0.15331964407939766,265.0,0.595,0.56,0.63,7,4783,put,337.1700134277344,0.35328563749295766,0.5949999999997546,-0.031171168925440047,0.0015056374423929502,9.271330804007086,-10.145682954735642,-1.7026121093177788
2026-11-20,0.15331964407939766,270.0,0.72,0.7,0.74,88,8185,put,337.1700134277344,0.3429472635545721,0.7200000000079703,-0.03780593865537054,0.0018175490367108222,10.864485572066712,-11.500890019556863,-2.064760069182456
2026-11-20,0.15331964407939766,275.0,0.88,0.86,0.9,58,5465,put,337.1700134277344,0.33333257438103414,0.8799999999999828,-0.0461311813914919,0.002196978702746399,12.764367286725298,-13.08228500305474,-2.5196628576470004
2026-11-20,0.15331964407939766,280.0,1.0750000000000002,1.05,1.1,159,8734,put,337.1700134277344,0.3237598228901609,1.0749999999884123,-0.05620779180301785,0.002647116211327369,14.937972321289259,-14.805350438450569,-3.070468411634478
2026-11-20,0.15331964407939766,285.0,1.34,1.31,1.37,879,5136,put,337.1700134277344,0.3157902051537757,1.3399999999999972,-0.0692769501392457,0.003194314339411147,17.582150584570712,-16.91463857505814,-3.786705466628855
2026-11-20,0.15331964407939766,290.0,1.68,1.63,1.73,142,6790,put,337.1700134277344,0.3085415397466833,1.679999999999056,-0.085471615453831,0.0038352128546092763,20.62523016394033,-19.28085341725517,-4.676013910730772
2026-11-20,0.15331964407939766,295.0,2.0300000000000002,1.94,2.12,325,6362,put,337.1700134277344,0.29846379079963453,2.030000000000051,-0.10291213555480737,0.004546978849833213,23.65430942839822,-21.25051090240869,-5.631259748407696
2026-11-20,0.15331964407939766,300.0,2.625,2.57,2.68,749,18910,put,337.1700134277344,0.2946810997721823,2.6250000000000075,-0.1283462456574408,0.0053882345084550224,27.675435256505416,-24.379859159271113,-7.037295827012301
2026-11-20,0.15331964407939766,305.0,3.2750000000000004,3.2,3.35,218,5131,put,337.1700134277344,0.28829827009541104,3.2750000000131005,-0.15614609326196774,0.006289392086260369,31.60431597766577,-27.01329832953394,-8.574060781007491
2026-11-20,0.15331964407939766,310.0,4.125,4.05,4.2,334,16168,put,337.1700134277344,0.2836739749245448,4.1249999999595355,-0.18978012630631078,0.007238516019598203,35.79024925111526,-29.819732400575322,-10.44308663424675
2026-11-20,0.15331964407939766,315.0,5.125,5.05,5.2,282,9152,put,337.1700134277344,0.2784546334577985,5.125000000000772,-0.2277138872764765,0.008210842318320375,39.85087391435726,-32.231010113152514,-12.5573839510438
2026-11-20,0.15331964407939766,320.0,6.325,6.2,6.45,248,7826,put,337.1700134277344,0.27342109730788394,6.32499999993086,-0.2705702697255521,0.009165881399458942,43.68194263848352,-34.23570624062649,-14.956819062780816
2026-11-20,0.15331964407939766,325.0,7.85,7.75,7.95,353,2411,put,337.1700134277344,0.2706930540742204,7.85000000000286,-0.31919528816240483,0.009991581665556594,47.141895766190736,-36.033661027272466,-17.704291464378546
2026-11-20,0.15331964407939766,330.0,9.55,9.4,9.7,257,4272,put,337.1700134277344,0.26643612606285844,9.549999999990575,-0.3708922550302209,0.010736662492038014,49.86066891439502,-36.814757991822674,-20.637398521810482
2026-11-20,0.15331964407939766,335.0,11.575,11.4,11.75,190,2714,put,337.1700134277344,0.2634377380126338,11.574999999999854,-0.42608562791535504,0.011266213301218164,51.73109210057965,-36.93353022766561,-23.80108042598972
2026-11-20,0.15331964407939766,340.0,13.899999999999999,13.7,14.1,353,2484,put,337.1700134277344,0.2608844755614696,13.900000000266525,-0.4831591581653269,0.011564070463986734,52.584125345646406,-36.181622890807446,-27.10795255690553
2026-11-20,0.15331964407939766,345.0,16.625,16.45,16.8,13,438,put,337.1700134277344,0.2605805390181214,16.624999999999492,-0.5401492244790425,0.01152748605879234,52.35670085638584,-34.86947666041182,-30.471837895009983
2026-11-20,0.15331964407939766,350.0,19.6,19.3,19.9,22,426,put,337.1700134277344,0.25978136195318796,19.599999999993322,-0.5959021466740336,0.011282366102324672,51.086231405662424,-32.596705575643675,-33.81009924314526
2026-11-20,0.15331964407939766,355.0,22.65,22.3,23.0,3,269,put,337.1700134277344,0.2551051731009963,22.650000000180558,-0.6520658813985848,0.010959695664963815,48.731911731490044,-28.788387404912513,-37.18109643060395
2026-11-20,0.15331964407939766,360.0,26.425,25.85,27.0,41,482,put,337.1700134277344,0.26032807468489505,26.424999999725486,-0.6977837432197939,0.010134175019402388,45.983825215297124,-26.345396609747468,-40.123253190868425
2026-11-20,0.15331964407939766,365.0,30.200000000000003,29.6,30.8,3,132,put,337.1700134277344,0.26110248873388014,30.200000000004188,-0.7424371799980197,0.009346008109159847,42.53366965717425,-22.60097712162866,-43.01038472595318
2026-11-20,0.15331964407939766,370.0,34.35,33.95,34.75,46,71,put,337.1700134277344,0.2665305964262446,34.34999999996624,-0.7780455442490876,0.008437848578311037,39.19895482785084,-19.659132581050788,-45.48742803477596
2026-11-20,0.15331964407939766,375.0,38.4,37.5,39.3,1,63,put,337.1700134277344,0.2653030422265477,38.40000000001641,-0.8155439947656884,0.007585082361655258,35.075043620241004,-15.112687459621627,-48.04684698507876
2026-11-20,0.15331964407939766,380.0,42.55,41.5,43.6,6,6,put,337.1700134277344,0.26200930580048515,42.550000000002306,-0.8507786351117657,0.006692285388322031,30.56235797064703,-10.089854815272368,-50.50457071644431
2026-11-20,0.15331964407939766,385.0,47.575,46.1,49.05,6,6,put,337.1700134277344,0.2843240395566041,47.57499999999997,-0.8569852752258654,0.005992425224897698,29.696953102589664,-11.144736193558334,-51.59585286323186
2026-11-20,0.15331964407939766,390.0,52.575,51.25,53.9,1,2,put,337.1700134277344,0.3052458057923105,52.574999999982836,-0.8629104656358777,0.005422454652260975,28.84970142395947,-11.966641110055237,-52.66875253656507
2026-11-20,0.15331964407939766,400.0,62.775000000000006,61.7,63.85,4,0,put,337.1700134277344,0.3527596762346781,62.77500000000006,-0.866858909500282,0.004598359485260932,28.273367890959182,-15.169393150026998,-54.436726868569565
2026-11-20,0.15331964407939766,410.0,72.44999999999999,70.8,74.1,1,0,put,337.1700134277344,0.37939753048818714,72.44999999999932,-0.8828188085202988,0.003908084658749614,25.843667903070003,-13.848226940720409,-56.74513799668861
2026-12-18,0.2299794661190965,5.0,332.42499999999995,330.65,334.2,1,46,call,337.1700134277344,4.571906377037943,332.42499999999745,0.9975966009541549,5.604577580053482e-06,0.6699265063657514,-5.185683723433909,0.9048908541844697
2026-12-18,0.2299794661190965,40.0,297.6,295.85,299.35,1,4,call,337.1700134277344,1.9226838384655274,297.59999999999457,0.9961768618796444,2.6524866185513423e-05,1.3333618509734904,-5.92309979242098,8.803836099368999
2026-12-18,0.2299794661190965,50.0,287.725,285.95,289.5,1,2002,call,337.1700134277344,1.720852109065051,287.725,0.9957701838295969,3.3671671377079395e-05,1.5149390855279112,-6.534146765901482,11.043348624865331
2026-12-18,0.2299794661190965,70.0,268.025,266.15,269.9,1,2373,call,337.1700134277344,1.4492464745132656,268.025,0.9945280913419491,5.418314364074903e-05,2.0530210351455946,-8.358971204609482,15.477629548555825
2026-12-18,0.2299794661190965,80.0,258.25,256.5,260.0,1,367,call,337.1700134277344,1.3722325652079945,258.25,0.9931839794784247,7.283336095680317e-05,2.613033760180532,-10.182273357371567,17.62145346623927
2026-12-18,0.2299794661190965,90.0,248.125,246.35,249.9,11,477,call,337.1700134277344,1.1566174249042942,248.12499999999974,0.9951566520910445,5.898083124888305e-05,1.7835593590115382,-7.440106689375861,20.102960894871742
2026-12-18,0.2299794661190965,100.0,238.325,236.7,239.95,5,3253,call,337.1700134277344,1.1055729429231838,238.32499999999848,0.9938925401109552,8.02748058626886e-05,2.3203506136702963,-9.03136523411568,22.258737664544103
2026-12-18,0.2299794661190965,120.0,218.7,217.2,220.2,4,1311,call,337.1700134277344,0.9928623158919012,218.69999999999996,0.9913306015090627,0.00012928567271657275,3.3560341762128494,-11.697052340440312,26.573426383735292
2026-12-18,0.2299794661190965,125.0,213.85,212.2,215.5,2,460,call,337.1700134277344,0.9806738363484836,213.84999999999994,0.9899313546188686,0.00015206161081487754,3.8988014907268114,-12.999753711014604,27.580326140637524
2026-12-18,0.2299794661190965,130.0,208.72500000000002,207.15,210.3,1,1382,call,337.1700134277344,0.8925659034238033,208.72499999997962,0.992033872099,0.00013188239372964635,3.077613381465488,-10.965023667482148,28.92200469272617
2026-12-18,0.2299794661190965,135.0,203.89999999999998,202.2,205.6,2,696,call,337.1700134277344,0.8926332756674127,203.89999999999966,0.9901583238173979,0.0001633274311756822,3.811703859622184,-12.615480273132285,29.88622151489667
2026-12-18,0.2299794661190965,140.0,198.7,197.5,199.9,2,1084,call,337.1700134277344,0.7761810803732014,198.69999999994977,0.9938746275595318,0.00011470933250471326,2.327816557792281,-9.482119008616435,31.370285031243515
2026-12-18,0.2299794661190965,145.0,193.675,192.4,194.95,3,441,call,337.1700134277344,0.7057424623589909,193.67499999999993,0.9953369625359739,9.241641883972357e-05,1.705227515474681,-8.460350724680955,32.6393244899753
2026-12-18,0.2299794661190965,150.0,188.85000000000002,187.65,190.05,1,414,call,337.1700134277344,0.7309959605749432,188.85000000009853,0.9929435770320123,0.0001418580526318784,2.7111648092116054,-10.369663741910836,33.563387085186804
2026-12-18,0.2299794661190965,155.0,183.89999999999998,182.7,185.1,4,254,call,337.1700134277344,0.7000518761655844,183.9,0.9929172000797364,0.00014871493523213732,2.721897445937695,-10.465526135757875,34.699740116126215
2026-12-18,0.2299794661190965,160.0,178.97500000000002,177.8,180.15,5,449,call,337.1700134277344,0.6789382116300574,178.97499999999982,0.9924006896303843,0.00016510537557320283,2.9307475691870946,-10.901527997256537,35.79233764069283
2026-12-18,0.2299794661190965,165.0,174.02499999999998,172.85,175.2,1,522,call,337.1700134277344,0.6498909808772252,174.025,0.9923669488372675,0.00017328280505512646,2.944305887639654,-10.997406960819914,36.928119663339935
2026-12-18,0.2299794661190965,170.0,169.075,167.9,170.25,1,925,call,337.1700134277344,0.6217235618776876,169.07500000004,0.9923415954001557,0.00018175980075205736,2.9544871966877224,-11.092802337858673,38.06455205984423
2026-12-18,0.2299794661190965,175.0,164.125,162.95,165.3,2,735,call,337.1700134277344,0.5943812520446331,164.125,0.9923252287070198,0.00019054373022621779,2.9610566306749666,-11.187746978373307,39.20168130808306
2026-12-18,0.2299794661190965,180.0,159.22500000000002,158.05,160.4,4,746,call,337.1700134277344,0.5834741055218087,159.2250000000035,0.9911504803503125,0.00022463054860944845,3.4267100050053596,-11.948915928638572,40.23748814391186
2026-12-18,0.2299794661190965,185.0,154.27499999999998,153.1,155.45,1,947,call,337.1700134277344,0.5575853930667651,154.27499999999173,0.9910931389403718,0.00023659996585812085,3.4491574008611066,-12.04467796424938,41.37144012329138
2026-12-18,0.2299794661190965,190.0,149.325,148.15,150.5,1,539,call,337.1700134277344,0.532400645506373,149.32499999999877,0.9910428250950193,0.00024920565563239463,3.4688331870891704,-12.14013198612928,42.50593703534262
2026-12-18,0.2299794661190965,195.0,144.425,143.25,145.6,4,1120,call,337.1700134277344,0.5212811910664117,144.42500000006973,0.9897144629127185,0.00029215311324355306,3.9817090428317035,-12.875727974917385,43.52983232029047
2026-12-18,0.2299794661190965,200.0,139.47500000000002,138.3,140.65,1,8818,call,337.1700134277344,0.4972985500977958,139.47500000000002,0.989611900933487,0.0003092494588834612,4.020805722300936,-12.97107903774911,44.66027779817419
2026-12-18,0.2299794661190965,205.0,134.575,133.4,135.75,3,178,call,337.1700134277344,0.48552256933945337,134.57499999999985,0.9881627235800201,0.00035971588900685596,4.566211170139317,-13.680101708691996,45.674804811427826
2026-12-18,0.2299794661190965,210.0,129.575,128.45,130.7,1,5578,call,337.1700134277344,0.45112314237550405,129.57499999999175,0.9894186113586568,0.0003471345674386997,4.094302412249772,-13.161085802767145,46.92208641781348
2026-12-18,0.2299794661190965,215.0,124.725,123.55,125.9,7,763,call,337.1700134277344,0.45031970143842864,124.72499999999998,0.9864043186743764,0.00044268113012936177,5.211933977544037,-14.456409887623536,47.8037520035582
2026-12-18,0.2299794661190965,220.0,119.825,118.65,121.0,6,3076,call,337.1700134277344,0.43731767051747517,119.82500000006783,0.98472575824215,0.000508482695278845,5.8138008564540415,-15.113854110777037,48.80049215288761
2026-12-18,0.2299794661190965,225.0,114.925,113.75,116.1,2,390,call,337.1700134277344,0.4237414980296047,114.92500000000008,0.9829490498556155,0.0005810310017590979,6.437055460314665,-15.747378292624049,49.789621695940056
2026-12-18,0.2299794661190965,230.0,110.025,108.85,111.2,4,4760,call,337.1700134277344,0.4097039561572486,110.02499999999516,0.9810614388547304,0.0006614441088669421,7.085169725914662,-16.357377118350794,50.770151608529176
2026-12-18,0.2299794661190965,235.0,105.375,104.45,106.3,4,563,call,337.1700134277344,0.42355126047465846,105.375,0.9722755091422206,0.000897998673770482,9.944171867454735,-19.307637135806754,51.15827598556315
2026-12-18,0.2299794661190965,240.0,100.225,99.05,101.4,5,5333,call,337.1700134277344,0.380560579999572,100.22499999999546,0.9768946350498451,0.0008513573952152541,8.470765537319757,-17.506832251804447,52.700847327168695
2026-12-18,0.2299794661190965,245.0,95.375,94.2,96.55,1,441,call,337.1700134277344,0.37085549036932175,95.37500000000001,0.9730836413539422,0.0009994550259635965,9.690694824082128,-18.50707623361779,53.520734979920206
2026-12-18,0.2299794661190965,250.0,90.6,89.85,91.35,99,14945,call,337.1700134277344,0.3665543634110372,90.60000000024846,0.966899520907522,0.001209220442417545,11.588595980408453,-20.081939118660273,54.139356751765895
2026-12-18,0.2299794661190965,255.0,85.725,84.5,86.95,121,4691,call,337.1700134277344,0.3519527628449734,85.72500000000197,0.9633325726397727,0.0013739760938053839,12.643010629810464,-20.72152111031939,54.98391770566795
2026-12-18,0.2299794661190965,260.0,80.775,79.8,81.75,121,7084,call,337.1700134277344,0.3313854621792088,80.77500000000121,0.9617120810539633,0.0015135213797329544,13.113208305333703,-20.73106822304466,55.99665961324176
2026-12-18,0.2299794661190965,265.0,76.175,75.05,77.3,122,2382,call,337.1700134277344,0.33437094274070334,76.17499999999498,0.9495461235736015,0.0018859617379242755,16.487255006682954,-23.315878132317163,56.1111902964759
2026-12-18,0.2299794661190965,270.0,71.325,70.4,72.25,44,7219,call,337.1700134277344,0.31919151483214053,71.32500000004039,0.9441177864717449,0.0021465845130878617,17.91374045082174,-23.930886486309102,56.80566561623014
2026-12-18,0.2299794661190965,275.0,66.575,65.5,67.65,44,2169,call,337.1700134277344,0.3086380732127378,66.57499999999995,0.9353717710822821,0.0024937486956284087,20.122833457047957,-25.112399549247844,57.21988298349592
2026-12-18,0.2299794661190965,280.0,61.875,61.0,62.75,3,6901,call,337.1700134277344,0.2989920665600506,61.87500000053899,0.924633532073388,0.002903873618860046,22.699919867802723,-26.440916408915072,57.468120015462866
2026-12-18,0.2299794661190965,285.0,57.7,57.15,58.25,30,2542,call,337.1700134277344,0.3074274126523023,57.69999999942634,0.900226484764626,0.003493852275938738,28.08239065232096,-30.281022066350328,56.53570863890441
2026-12-18,0.2299794661190965,290.0,53.05,52.35,53.75,508,14719,call,337.1700134277344,0.2947643927015976,53.05000000000261,0.8867787891455988,0.003996993527077047,30.803170007438354,-31.28031252325081,56.562349526260135
2026-12-18,0.2299794661190965,295.0,49.0,48.25,49.75,1007,3528,call,337.1700134277344,0.29814272219747784,49.000000000018034,0.8596490505164756,0.004597414162731834,35.83643418660412,-34.544667905464266,55.39006729660215
2026-12-18,0.2299794661190965,300.0,44.6,44.0,45.2,47,24309,call,337.1700134277344,0.28823121050722583,44.599999999999994,0.8389260593414265,0.005217014755201234,39.31425213727881,-35.84961462026876,54.7950710423384
2026-12-18,0.2299794661190965,305.0,40.525000000000006,39.95,41.1,15,5219,call,337.1700134277344,0.28391831167560694,40.524999999530124,0.8111575554669019,0.005864181505325848,43.52990863732874,-37.84973493426111,53.5790070500131
2026-12-18,0.2299794661190965,310.0,36.35,36.0,36.7,17,6974,call,337.1700134277344,0.2745269587741152,36.34999999999997,0.7837009613304037,0.006581929703944486,47.24166401022141,-38.953227699870354,52.41012716503339
2026-12-18,0.2299794661190965,315.0,32.375,32.2,32.55,16,4500,call,337.1700134277344,0.2667617568205226,32.37499999998428,0.7514890864483559,0.007321808160302104,51.06564979007836,-40.06282060539864,50.826516552943765
2026-12-18,0.2299794661190965,320.0,28.85,28.35,29.35,48,10940,call,337.1700134277344,0.2645174273980327,28.849999999999984,0.7122836093630223,0.007953581525247042,55.005228758200715,-41.63157691831062,48.59711602243934
2026-12-18,0.2299794661190965,325.0,25.575000000000003,25.3,25.85,27,6705,call,337.1700134277344,0.2630649276418984,25.574999998811933,0.6699784718019122,0.008496395429113865,58.43655638864431,-42.90926211249317,46.06986619612393
2026-12-18,0.2299794661190965,330.0,22.025,21.75,22.3,111,18521,call,337.1700134277344,0.2535242633216331,22.024999999413723,0.62796515385658,0.009210474315541523,61.050394292026425,-42.646064322480086,43.6284890516603
2026-12-18,0.2299794661190965,335.0,19.25,19.15,19.35,171,7645,call,337.1700134277344,0.2531894597656833,19.24999999999811,0.5804691348534263,0.009531549087645292,63.09516187031804,-43.10558244447261,40.583737230403905
2026-12-18,0.2299794661190965,340.0,16.625,16.55,16.7,473,14005,call,337.1700134277344,0.25145268184513503,16.62500000000002,0.5322725219346245,0.009767470584236137,64.21335062407736,-42.837739191044534,37.45016291007406
2026-12-18,0.2299794661190965,345.0,14.1,14.0,14.2,422,6724,call,337.1700134277344,0.2475784203716106,14.09999999999998,0.4830857180118978,0.009945785741599246,64.37820074096327,-41.72337673463098,34.216809074389424
2026-12-18,0.2299794661190965,350.0,11.975000000000001,11.9,12.05,900,25511,call,337.1700134277344,0.24622569057174118,11.974999999845352,0.4344651526861,0.009875553002367674,63.57432185761513,-40.42945045090778,30.935370827317215
2026-12-18,0.2299794661190965,360.0,8.375,8.3,8.45,1456,22380,call,337.1700134277344,0.2428787603044172,8.374999999996534,0.3407012924106622,0.00933077104232096,59.250772682011366,-36.35713098046733,24.49264280439163
2026-12-18,0.2299794661190965,370.0,5.675,5.6,5.75,239,10344,call,337.1700134277344,0.2404040406100675,5.675000000000003,0.2567294952114102,0.008285351397676438,52.076242796641665,-31.07256114539822,18.602231176479222
2026-12-18,0.2299794661190965,380.0,3.7,3.6,3.8,160,14556,call,337.1700134277344,0.2378897780603159,3.6999999999999984,0.18533647695688746,0.00694429287749612,43.19075124713473,-25.14157967908444,13.52047037271192
2026-12-18,0.2299794661190965,390.0,2.41,2.34,2.48,54,3751,call,337.1700134277344,0.23808708324950043,2.409999999999451,0.1309759832984551,0.0055216105236504534,34.37071385349971,-19.783209953178982,9.601912717278344
2026-12-18,0.2299794661190965,400.0,1.5750000000000002,1.53,1.62,281,18203,call,337.1700134277344,0.2399520309866141,1.5749999999316564,0.0914080214904993,0.004232698558439581,26.553924640512268,-15.248576336826837,6.72575956744011
2026-12-18,0.2299794661190965,410.0,0.995,0.95,1.04,193,3208,call,337.1700134277344,0.24080960615822233,0.9949999998972106,0.06168941782149789,0.003125708122069433,19.679278713151472,-11.248661834537488,4.554702352272178
2026-12-18,0.2299794661190965,420.0,0.63,0.6,0.66,2,4739,call,337.1700134277344,0.24255294236439387,0.6299999999937287,0.041285094043136204,0.002253859110903961,14.292896867165167,-8.171934864532988,3.056449116723465
2026-12-18,0.2299794661190965,430.0,0.4,0.37,0.43,1,5653,call,337.1700134277344,0.24482345168698033,0.40000000000058733,0.027481731296788686,0.001597662750791333,10.22645412190606,-5.866828186978415,2.0390015596709743
2026-12-18,0.2299794661190965,440.0,0.275,0.22,0.33,1,556,call,337.1700134277344,0.2501305808840965,0.2749999999601464,0.01934047292135884,0.001163344344506704,7.607851423144783,-4.435665195840038,1.436458073180518
2026-12-18,0.2299794661190965,450.0,0.155,0.1,0.21,100,8498,call,337.1700134277344,0.24859459057880656,0.1550000000000058,0.011617517921149153,0.0007553824207763213,4.909593053500531,-2.8332987939435315,0.865200844822853
2026-12-18,0.2299794661190965,460.0,0.105,0.02,0.19,1,586,call,337.1700134277344,0.2531657843927788,0.10499999997740433,0.008032916318520758,0.00053732963345545,3.556581378187832,-2.082017329108869,0.5987419965836466
2026-12-18,0.2299794661190965,470.0,0.115,0.07,0.16,1,7688,call,337.1700134277344,0.27169130622796084,0.11500000008666825,0.00820260425150835,0.0005099738180611543,3.622518147309788,-2.266428053762218,0.6096001740864903
2026-12-18,0.2299794661190965,480.0,0.06999999999999999,0.02,0.12,1,3012,call,337.1700134277344,0.2716911221445409,0.06999999999999809,0.005213470762632327,0.00034158619881126493,2.426401752096995,-1.5139062456949155,0.38816532400140974
2026-12-18,0.2299794661190965,490.0,0.08,0.03,0.13,1,460,call,337.1700134277344,0.2900673264232768,0.07999999999998841,0.005561708291311602,0.00033887610200437657,2.569962006130696,-1.7064858570437407,0.412868626360207
2026-12-18,0.2299794661190965,500.0,0.04,0.03,0.05,40,1345,call,337.1700134277344,0.2836464930712877,0.039999999999850246,0.0029992055286583107,0.00019941541313468015,1.478846469738776,-0.9583915101175378,0.22336575535418
2026-12-18,0.2299794661190965,510.0,0.055,0.01,0.1,35,178,call,337.1700134277344,0.30590212553319257,0.05499999992081191,0.003762296052242775,0.00022669482431230588,1.8130552861457532,-1.2637723975271986,0.27908776587206485
2026-12-18,0.2299794661190965,520.0,0.085,0.01,0.16,16,550,call,337.1700134277344,0.3333000395096024,0.08500000000000298,0.005204743883617126,0.0002780308817540147,2.4227876437737903,-1.835354013226454,0.3840389307889844
2026-12-18,0.2299794661190965,530.0,0.03,0.02,0.04,3,2938,call,337.1700134277344,0.3132896695444062,0.02999999999997157,0.0021036779521811165,0.00013101940624986696,1.0731703110325646,-0.7634197209256847,0.1562243897722201
2026-12-18,0.2299794661190965,540.0,0.030000000000000002,0.01,0.05,5,35,call,337.1700134277344,0.32509453453258297,0.03000000000020463,0.002035548382801144,0.00012254594818150748,1.0415870521715016,-0.7675373188024882,0.15094147446181916
2026-12-18,0.2299794661190965,550.0,0.035,0.0,0.07,1,76,call,337.1700134277344,0.34128017557287654,0.03499999999999965,0.0022491816691734257,0.0001277912808051336,1.1402477721630497,-0.8805867802283004,0.16635716780866786
2026-12-18,0.2299794661190965,560.0,0.03,0.0,0.06,1,113,call,337.1700134277344,0.34791370804555827,0.02999999999857786,0.001916436908054427,0.00010840692621745486,0.9860876487361582,-0.7753042747073468,0.1417053110854956
2026-12-18,0.2299794661190965,570.0,0.065,0.0,0.13,1,20,call,337.1700134277344,0.3853859606290442,0.06499999999917712,0.003581506302220772,0.00017216346416071466,1.7346978096215508,-1.507970568514866,0.2627691399124373
2026-12-18,0.2299794661190965,580.0,0.125,0.0,0.25,3,5,call,337.1700134277344,0.42410019215621514,0.124999999999414,0.0060103183483876,0.00024829335461122793,2.753090661451976,-2.629104625762359,0.4373057520367881
2026-12-18,0.2299794661190965,590.0,0.245,0.0,0.49,172,174,call,337.1700134277344,0.4701878552774515,0.244999999999993,0.010164556212236454,0.00035554038277298746,4.370662691796958,-4.619380685061297,0.731836874972226
2026-12-18,0.2299794661190965,600.0,0.015,0.0,0.03,3,1434,call,337.1700134277344,0.369205034932587,0.014999999999966408,0.0009526988582769484,5.3942668986176866e-05,0.5206992997680046,-0.4325844310960165,0.07042465405716684
2026-12-18,0.2299794661190965,15.0,0.51,0.0,1.02,6,640,put,337.1700134277344,3.0693259544270726,0.5099999999867583,-0.0021287542306019274,1.3517808119445965e-05,1.0847664312677783,-7.17721146243917,-0.2823577707604795
2026-12-18,0.2299794661190965,20.0,0.5,0.0,1.0,20,3021,put,337.1700134277344,2.743231545072114,0.49999999999822653,-0.0024478488814477944,1.716437268884832e-05,1.2310546980648613,-7.275991458244419,-0.3048012708525768
2026-12-18,0.2299794661190965,40.0,0.035,0.0,0.07,1,330,put,337.1700134277344,1.510613447414542,0.03499999999599228,-0.00044949799267024194,6.591976336727001e-06,0.2603490120948836,-0.845917716575747,-0.0429043354264477
2026-12-18,0.2299794661190965,45.0,0.51,0.0,1.02,3,652,put,337.1700134277344,1.9217788080644453,0.5099999999998927,-0.003925725200304103,3.748617633856294e-05,1.883482076435254,-7.778911784109465,-0.4216988165749538
2026-12-18,0.2299794661190965,70.0,0.015,0.0,0.03,200,435,put,337.1700134277344,1.0394938791092003,0.015000000024285668,-0.00030701172920724856,6.7232107746626624e-06,0.18271979993655002,-0.40717773417450037,-0.027256050667267658
2026-12-18,0.2299794661190965,80.0,0.015,0.0,0.03,200,3640,put,337.1700134277344,0.9530925988793946,0.014999999999091717,-0.0003364673778118792,7.984916803216337e-06,0.19897221768855383,-0.4060549494504932,-0.029540105858149427
2026-12-18,0.2299794661190965,85.0,0.05,0.0,0.1,2,229,put,337.1700134277344,1.013711728697875,0.049999999983552534,-0.0009657263528838198,1.98930805601803e-05,0.5272340626147219,-1.1437011230102065,-0.08638349967869728
2026-12-18,0.2299794661190965,95.0,0.015,0.0,0.03,5,2535,put,337.1700134277344,0.8424470137723733,0.015000000075473518,-0.00038268487666163917,1.0181130111341309e-05,0.22424642633612873,-0.4037346092847641,-0.03312391147585987
2026-12-18,0.2299794661190965,105.0,0.015,0.0,0.03,2,1844,put,337.1700134277344,0.7782425083532899,0.015000000000000274,-0.00041530649927706695,1.1890351970121346e-05,0.24193383356676476,-0.40183144874668897,-0.03565346318078423
2026-12-18,0.2299794661190965,110.0,0.025,0.0,0.05,200,2171,put,337.1700134277344,0.7806945462910103,0.024999999999999512,-0.0006664042553898277,1.835838565022373e-05,0.3747162974475493,-0.6239008703342651,-0.05742392516358469
2026-12-18,0.2299794661190965,115.0,0.26,0.0,0.52,5,1400,put,337.1700134277344,0.9555436944127036,0.260000000000011,-0.004648215357037477,8.768330763086293e-05,2.1905563172199027,-4.461773332814793,-0.42022741159528104
2026-12-18,0.2299794661190965,120.0,0.030000000000000002,0.01,0.05,20,1572,put,337.1700134277344,0.7343063723833043,0.02999999999534466,-0.0008404892461383026,2.41712632579898e-05,0.46404873534115154,-0.7256429694482616,-0.07207275212522833
2026-12-18,0.2299794661190965,125.0,0.135,0.0,0.27,2,3289,put,337.1700134277344,0.8201957873888919,0.1350000000014963,-0.0029995434542830234,6.897039151061482e-05,1.4789965929980395,-2.5816370474690524,-0.2636383654148413
2026-12-18,0.2299794661190965,130.0,0.04,0.0,0.08,1,1210,put,337.1700134277344,0.6981863418026445,0.03999999999992882,-0.0011550699806599472,3.403689328284426e-05,0.6213098082735029,-0.9222921475654983,-0.09876582262745341
2026-12-18,0.2299794661190965,135.0,0.045,0.01,0.08,6,2512,put,337.1700134277344,0.6795281105600518,0.04499999999338661,-0.0013238034524719095,3.961808321171919e-05,0.7038625117651487,-1.0160535426281894,-0.11299968114572978
2026-12-18,0.2299794661190965,140.0,0.055,0.01,0.1,9,1358,put,337.1700134277344,0.6668393392009981,0.0550000000672494,-0.0016238159676084725,4.864489819947614e-05,0.8480968677750367,-1.2003589230786966,-0.13856310017871942
2026-12-18,0.2299794661190965,145.0,0.19,0.0,0.38,1,1080,put,337.1700134277344,0.7338194811672692,0.18999999999945985,-0.004585261049731641,0.00011279587958184275,2.164060610371908,-3.3682684044342803,-0.3992472347581113
2026-12-18,0.2299794661190965,150.0,0.10500000000000001,0.01,0.2,5,2182,put,337.1700134277344,0.6603838795340615,0.10499999999131042,-0.002969805897752132,8.48955200594066e-05,1.465777950222705,-2.0508550011022315,-0.2544330664771788
2026-12-18,0.2299794661190965,155.0,0.125,0.0,0.25,3,764,put,337.1700134277344,0.6479950619821269,0.1250000000000016,-0.0035493468325337118,0.00010156606347223885,1.7207083434623092,-2.3600841141243647,-0.30397152309800596
2026-12-18,0.2299794661190965,160.0,0.055,0.01,0.1,5,3026,put,337.1700134277344,0.5719589648755429,0.05499999999994952,-0.001893583326433458,6.52273130575874e-05,0.9753967589818524,-1.1793448822564523,-0.15948144917290735
2026-12-18,0.2299794661190965,165.0,0.095,0.0,0.19,2,1928,put,337.1700134277344,0.5820391174548822,0.09499999999999555,-0.0030738873781300784,9.935861387090797e-05,1.5119751227588354,-1.8584933216785622,-0.26020397667075823
2026-12-18,0.2299794661190965,170.0,0.065,0.05,0.08,22,2580,put,337.1700134277344,0.5378019162152188,0.06500000000000085,-0.002347267868014087,8.429050210679632e-05,1.18518987887891,-1.3443366537070682,-0.19696093207515725
2026-12-18,0.2299794661190965,175.0,0.08499999999999999,0.06,0.11,1,2417,put,337.1700134277344,0.531560303319755,0.084999999996822,-0.003037019326701782,0.00010761813891196595,1.495632748083985,-1.6747998719134982,-0.25504535294055214
2026-12-18,0.2299794661190965,180.0,0.065,0.0,0.13,2,3362,put,337.1700134277344,0.49646485533600115,0.06499999999941392,-0.002539858301454681,9.806010995448563e-05,1.2728224714180534,-1.329293100934295,-0.21189481406942157
2026-12-18,0.2299794661190965,185.0,0.07500000000000001,0.01,0.14,5,1774,put,337.1700134277344,0.4838038973485757,0.07499999999999882,-0.002970564166637877,0.00011590756626801924,1.466115203736876,-1.4900697405412722,-0.24759248031778783
2026-12-18,0.2299794661190965,190.0,0.09,0.05,0.13,1,2719,put,337.1700134277344,0.4734278864755356,0.09000000000002964,-0.003585327108553382,0.00014028094962090687,1.7363588334357825,-1.7244090317794707,-0.2987122308118786
2026-12-18,0.2299794661190965,195.0,0.105,0.03,0.18,6,1743,put,337.1700134277344,0.4618535960364924,0.10499999999951265,-0.004228036330169921,0.0001666890953776099,2.012790004297134,-1.947088873925691,-0.3519989967477939
2026-12-18,0.2299794661190965,200.0,0.14500000000000002,0.1,0.19,10,12076,put,337.1700134277344,0.45959200242802695,0.144999999999988,-0.005698142165997949,0.00021853107446670846,2.6258663131130633,-2.523866893933289,-0.47519338626229457
2026-12-18,0.2299794661190965,205.0,0.165,0.1,0.23,1,832,put,337.1700134277344,0.4471547088997036,0.1649999999999946,-0.006578644622944559,0.00025510268898176985,2.9823581257348537,-2.784121134222635,-0.5480690553094547
2026-12-18,0.2299794661190965,210.0,0.20500000000000002,0.15,0.26,3,3695,put,337.1700134277344,0.43984420699042964,0.20499999990628232,-0.008132381074033754,0.00031263964855388315,3.595256483855735,-3.29554951931807,-0.677748344997581
2026-12-18,0.2299794661190965,215.0,0.255,0.2,0.31,15,1469,put,337.1700134277344,0.4329486126125016,0.2549999999982798,-0.010048527284145709,0.00038227304353043916,4.327100423814666,-3.8968567029431105,-0.8378294720413473
2026-12-18,0.2299794661190965,220.0,0.255,0.23,0.28,61,7439,put,337.1700134277344,0.4135685764190003,0.2549999999999098,-0.010499132353664325,0.0004157911969720811,4.495828863687942,-3.8589556921043546,-0.8727703713068186
2026-12-18,0.2299794661190965,225.0,0.29500000000000004,0.27,0.32,50,3926,put,337.1700134277344,0.4027187983182604,0.2950000000192508,-0.012270298478148738,0.000488931679780656,5.1479820984335465,-4.293115889186342,-1.0193096318230073
2026-12-18,0.2299794661190965,230.0,0.33499999999999996,0.32,0.35,57,9099,put,337.1700134277344,0.3909265958554721,0.3350000000000005,-0.014139172066031942,0.0005693156265845793,5.818824652685639,-4.698928312561343,-1.173425342013216
2026-12-18,0.2299794661190965,235.0,0.39,0.36,0.42,38,4046,put,337.1700134277344,0.3806746352268329,0.3899999999995498,-0.01659886021381256,0.0006709771113003859,6.6780335059739135,-5.237615178281975,-1.376803792960352
2026-12-18,0.2299794661190965,240.0,0.47,0.44,0.5,26,10940,put,337.1700134277344,0.37259368825871036,0.46999999999584485,-0.01998144023784913,0.0008028997113394908,7.821386426860487,-5.987488492671212,-1.6574947782530876
2026-12-18,0.2299794661190965,245.0,0.525,0.49,0.56,1,3706,put,337.1700134277344,0.36006929705524177,0.5250000000000006,-0.022747237473859618,0.0009270783159121596,8.727492051374835,-6.436165942597302,-1.8846095951223252
2026-12-18,0.2299794661190965,250.0,0.645,0.62,0.67,404,26384,put,337.1700134277344,0.35342125882368014,0.6449999999979865,-0.027729340799628552,0.0011150445910716534,10.30319341637569,-7.433762174856622,-2.2985302823246583
2026-12-18,0.2299794661190965,255.0,0.75,0.73,0.77,1,7042,put,337.1700134277344,0.3434924065462482,0.7499999999999765,-0.03247657842886851,0.0013078931489542104,11.74563101441337,-8.206155337283471,-2.6907892794953288
2026-12-18,0.2299794661190965,260.0,0.87,0.83,0.91,26,14034,put,337.1700134277344,0.33345669178045023,0.8699999999996504,-0.03796463633313736,0.001531377126984948,13.350838462556931,-9.018429269491445,-3.1439427875337462
2026-12-18,0.2299794661190965,265.0,1.06,1.03,1.09,11,4155,put,337.1700134277344,0.32675586920133354,1.0599999999982952,-0.045858464336056684,0.0018210976638624225,15.55763514608323,-10.253818557454368,-3.7997435154573345
2026-12-18,0.2299794661190965,270.0,1.28,1.25,1.31,68,8842,put,337.1700134277344,0.3196683055608212,1.2800000000255616,-0.05497246979655494,0.002150791413910215,17.975659005687266,-11.535436529925853,-4.557058847027515
2026-12-18,0.2299794661190965,275.0,1.5350000000000001,1.5,1.57,72,8757,put,337.1700134277344,0.31227704853248034,1.5350000000000017,-0.06550011692728203,0.0025254335455125706,20.618779718624864,-12.857160074982097,-5.432040316294997
2026-12-18,0.2299794661190965,280.0,1.855,1.81,1.9,67,19454,put,337.1700134277344,0.3056683940268788,1.8549999999977655,-0.07828414562802634,0.002958131094098591,23.640404300674906,-14.345090520830789,-6.496935195993325
2026-12-18,0.2299794661190965,285.0,2.255,2.19,2.32,192,3576,put,337.1700134277344,0.2998191273371311,2.2549999999966635,-0.09367973883020522,0.0034495959917558083,27.04048757410584,-15.99039890399766,-7.782734836796229
2026-12-18,0.2299794661190965,290.0,2.745,2.7,2.79,117,8135,put,337.1700134277344,0.2944672936260874,2.745000000003561,-0.1118657543647217,0.0039957619920528995,30.7626414976398,-17.73841076821264,-9.305608059427446
2026-12-18,0.2299794661190965,295.0,3.325,3.25,3.4,145,5935,put,337.1700134277344,0.289110959743067,3.3249999999999544,-0.13278080746352303,0.004590245899115107,34.69664276196039,-19.48368849414401,-11.060794955168786
2026-12-18,0.2299794661190965,300.0,4.0,3.9,4.1,108,17743,put,337.1700134277344,0.2835436944856737,3.9999999999999023,-0.15650454644634507,0.005228582588474112,38.76063774255333,-21.149269856982187,-13.055621525674209
2026-12-18,0.2299794661190965,305.0,4.875,4.75,5.0,369,4798,put,337.1700134277344,0.27993859894670703,4.874999999999974,-0.18483474581003032,0.0058912848608419725,43.118113884953374,-22.992625665123313,-15.453638967942776
2026-12-18,0.2299794661190965,310.0,5.85,5.75,5.95,170,13432,put,337.1700134277344,0.27533396009575,5.8500000000000005,-0.2157119748383579,0.006572574318986264,47.31319045760154,-24.520770163735754,-18.072156588727903
2026-12-18,0.2299794661190965,315.0,7.0,6.85,7.15,105,3715,put,337.1700134277344,0.27112961843767874,6.999999999995616,-0.2501834274243478,0.007247459164317468,51.37474601163033,-25.863597662143455,-21.009624544999326
2026-12-18,0.2299794661190965,320.0,8.45,8.4,8.5,270,3703,put,337.1700134277344,0.26922148569598314,8.449999998639656,-0.2891552442528224,0.007847825094917237,55.23902186892625,-27.204718013399532,-24.365054393509492
2026-12-18,0.2299794661190965,325.0,10.0,9.9,10.1,113,3330,put,337.1700134277344,0.2655425309889888,9.999999998734168,-0.3299359510444584,0.008428033850462414,58.512318841632215,-27.910473385201644,-27.883747459509014
2026-12-18,0.2299794661190965,330.0,11.774999999999999,11.6,11.95,139,2526,put,337.1700134277344,0.26220327499299745,11.774999999516258,-0.3734469255144166,0.00892523837742129,61.18498866919863,-28.21099303410433,-31.665896812429
2026-12-18,0.2299794661190965,335.0,13.95,13.7,14.2,170,2764,put,337.1700134277344,0.26176185067580393,13.94999999999879,-0.4194211992605323,0.00922439968250963,63.129363789877466,-28.399484132298742,-35.73104754680385
2026-12-18,0.2299794661190965,340.0,16.2,16.0,16.4,132,1573,put,337.1700134277344,0.2588751766828053,16.200000000000014,-0.4661245897938127,0.009486516132556319,64.20725537700324,-27.734844448050616,-39.86998404594461
2026-12-18,0.2299794661190965,345.0,18.775,18.6,18.95,5,638,put,337.1700134277344,0.25747458930815686,18.775000000000038,-0.5132838420885891,0.009565773129043251,64.39340620971522,-26.74382672449373,-44.119012386192715
2026-12-18,0.2299794661190965,350.0,21.6,21.3,21.9,18,1464,put,337.1700134277344,0.25640526258315505,21.599999999888247,-0.5599442926899488,0.009500419427957157,63.68786078980865,-25.29592965032846,-48.386857422409555
2026-12-18,0.2299794661190965,360.0,28.225,27.5,28.95,42,371,put,337.1700134277344,0.2595377150732848,28.224999999861392,-0.6455999354452286,0.008849211633524312,60.047095654551164,-21.937924269475225,-56.55239662653356
2026-12-18,0.2299794661190965,370.0,35.45,34.55,36.35,1,321,put,337.1700134277344,0.2600013083520039,35.449999998818505,-0.7230177994225437,0.007944063574182906,54.00142153411706,-16.94513522551635,-64.2171481879346
2026-12-18,0.2299794661190965,380.0,44.25,43.35,45.15,20,94,put,337.1700134277344,0.2797678039436268,44.25000000076238,-0.7700558204509946,0.006689311992796014,48.92897679690319,-14.9528572393785,-69.88839816858496
2026-12-18,0.2299794661190965,390.0,52.85,51.5,54.2,2,3,put,337.1700134277344,0.28822012800370994,52.85000000000007,-0.816097562376977,0.0056818006867775115,42.815128280635136,-10.81997324340717,-75.4363986022146
2026-12-18,0.2299794661190965,400.0,62.75,61.6,63.9,2,44,put,337.1700134277344,0.3219726695731342,62.750000000805585,-0.83000864173601,0.004837450436289878,40.721379758170684,-11.746348087793104,-78.79189073217253
2026-12-18,0.2299794661190965,410.0,99.35,97.65,101.05,1,0,put,337.1700134277344,0.8402538616036118,99.35000000126298,-0.6005146558722545,0.0028380728913685706,62.347782313079435,-98.9126729221795,-69.41367530502951
2026-12-18,0.2299794661190965,440.0,204.175,202.2,206.15,4,0,put,337.1700134277344,2.135897379325129,204.17500000000007,-0.3958003824676364,0.0011145798125914118,62.24127830794064,-271.80096923224085,-77.64728186937849
2026-12-18,0.2299794661190965,450.0,191.75,189.9,193.6,8,0,put,337.1700134277344,1.8181347945736308,191.74999999999997,-0.45269233572993317,0.0013461415106112268,63.98876714482185,-235.4468730509673,-79.20131306503023
2026-12-18,0.2299794661190965,460.0,201.75,199.9,203.6,0,0,put,337.1700134277344,1.8541624918129695,201.75,-0.45660937174583893,0.0013214561672832952,64.06008365673098,-240.15308340154795,-81.80484323677756
2027-01-15,0.3066392881587953,5.0,332.42499999999995,330.65,334.2,1,7,call,337.1700134277344,4.10009322377811,332.42499999999995,0.9971044857370764,5.8418050457368874e-06,0.8349615475439197,-4.100935881524066,1.155641556797584
2027-01-15,0.3066392881587953,50.0,287.95,286.2,289.7,1,120,call,337.1700134277344,1.570538813609032,287.95000000000795,0.9944054618686892,4.0959909732144677e-05,2.242504634318412,-6.575074849716201,14.514372972641972
2027-01-15,0.3066392881587953,60.0,278.3,276.55,280.05,1,131,call,337.1700134277344,1.4885375968691774,278.29999999999995,0.9926794837469151,5.925178377622076e-05,3.074587960259726,-8.778363150249895,17.29499396252151
2027-01-15,0.3066392881587953,80.0,258.5,256.65,260.35,6,283,call,337.1700134277344,1.2101589777196347,258.4999999999981,0.9923327929369644,7.673906520475171e-05,3.237312439765875,-8.747637198912685,23.330607653295004
2027-01-15,0.3066392881587953,85.0,253.675,251.95,255.4,1,116,call,337.1700134277344,1.1876869357451825,253.675,0.9912637152627077,9.012015638294656e-05,3.7312092084702844,-9.823926809712974,24.699610734515907
2027-01-15,0.3066392881587953,90.0,248.65,246.8,250.5,3,273,call,337.1700134277344,1.1118115121333232,248.64999999999768,0.9918539601352031,8.927136278456126e-05,3.459943569967451,-9.146398648202322,26.301498322791797
2027-01-15,0.3066392881587953,95.0,243.675,241.8,245.55,5,24,call,337.1700134277344,1.0524920321528939,243.67500000000004,0.9920921878598317,9.12920087721248e-05,3.349479040753551,-8.889689279222667,27.85165904408479
2027-01-15,0.3066392881587953,100.0,238.775,236.9,240.65,4,594,call,337.1700134277344,1.0176323071763276,238.775,0.9916226469565578,0.00010054129305406724,3.5666544641333986,-9.31176643051205,29.30564592261154
2027-01-15,0.3066392881587953,110.0,228.9,227.05,230.75,12,219,call,337.1700134277344,0.9328469365590196,228.89999999999932,0.9914375637372494,0.00011229343289543633,3.6516608292958117,-9.468359959967424,32.3145732181835
2027-01-15,0.3066392881587953,125.0,214.125,212.25,216.0,10,334,call,337.1700134277344,0.8293453770462136,214.12499999999997,0.9907687586752861,0.00013683993532331197,3.9561611419049636,-10.036108962509834,36.776021231015754
2027-01-15,0.3066392881587953,130.0,209.325,207.55,211.1,1,479,call,337.1700134277344,0.8260801826194284,209.32500000000945,0.9889520971086838,0.00016543852612356947,4.764140277676752,-11.32838448988596,38.060065950689356
2027-01-15,0.3066392881587953,145.0,194.575,192.8,196.35,1,6413,call,337.1700134277344,0.7409887205440256,194.57499999999743,0.9876920385956582,0.00020557183625544205,5.310077955392741,-12.088348984127798,42.45271853953704
2027-01-15,0.3066392881587953,150.0,189.10000000000002,187.65,190.55,5,1699,call,337.1700134277344,0.5053288729860252,189.10000000000002,0.9974585795529431,3.599079211018618e-05,0.6340028392375067,-6.643135125099102,45.141327140548015
2027-01-15,0.3066392881587953,155.0,184.725,182.95,186.5,5,82,call,337.1700134277344,0.6860425372766754,184.725,0.9870150138562788,0.00023411865518448613,5.599029423774955,-12.446924728668314,45.40311822924916
2027-01-15,0.3066392881587953,160.0,179.7,178.05,181.35,1,650,call,337.1700134277344,0.64142918630571,179.70000000002952,0.9882497115393455,0.00022673439447601815,5.069811442483108,-11.772417162469837,47.07163551835832
2027-01-15,0.3066392881587953,165.0,174.75,173.55,175.95,20,440,call,337.1700134277344,0.6117066432085936,174.74999999999986,0.9883823264957025,0.00023505733012692262,5.012364904613514,-11.73390574531504,48.60321099845213
2027-01-15,0.3066392881587953,170.0,169.8,168.6,171.0,30,976,call,337.1700134277344,0.582797942193082,169.8,0.9885501968458846,0.00024312897708169648,4.939470738957018,-11.693428685775338,50.13843151864704
2027-01-15,0.3066392881587953,175.0,164.7,163.3,166.1,1,1149,call,337.1700134277344,0.5182827646895252,164.6999999999491,0.9919054798732764,0.00019018390620535483,3.436103322626356,-10.227914374493798,52.04919316745319
2027-01-15,0.3066392881587953,180.0,159.77499999999998,158.35,161.2,1,1050,call,337.1700134277344,0.496695102127116,159.77499999999998,0.9917781966915612,0.00020184866437193737,3.494953823173779,-10.413590223505517,53.54623190782401
2027-01-15,0.3066392881587953,185.0,155.125,153.45,156.8,6,826,call,337.1700134277344,0.5328333605156836,155.12500000001808,0.9856703923550543,0.0003318839372177027,6.16457763242471,-13.08657823140602,54.34062131601217
2027-01-15,0.3066392881587953,190.0,150.2,149.05,151.35,10,797,call,337.1700134277344,0.5111541849719329,150.2000000000704,0.9852747842856516,0.00035518621979230345,6.32897985635479,-13.260310692793235,55.809918060844495
2027-01-15,0.3066392881587953,195.0,145.425,144.1,146.75,1,639,call,337.1700134277344,0.5111409313643318,145.42500000000226,0.9818315547325103,0.00043357839349214214,7.725631272388437,-14.621571145300384,56.918126628907125
2027-01-15,0.3066392881587953,200.0,140.4,139.25,141.55,3,12586,call,337.1700134277344,0.4767018267515254,140.40000000001731,0.9833446440809233,0.000428403604888964,7.1191085886105885,-14.00709531470109,58.61542671340145
2027-01-15,0.3066392881587953,205.0,135.875,134.35,137.4,2,118,call,337.1700134277344,0.5016313072700942,135.8749999999999,0.9748289351603018,0.0005952254123292024,10.408587140069754,-17.0891185642228,59.122533984030724
2027-01-15,0.3066392881587953,210.0,130.75,129.5,132.0,1,2324,call,337.1700134277344,0.46047952741533055,130.74999999999244,0.9779271703708824,0.0005759128474179768,9.244699052582462,-15.838552282040462,61.014385551031005
2027-01-15,0.3066392881587953,215.0,126.325,125.15,127.5,1,248,call,337.1700134277344,0.484733707343792,126.32499999999999,0.9674476031790563,0.0007727310973506999,13.057417643259216,-19.282649574336144,61.28778642492902
2027-01-15,0.3066392881587953,220.0,121.325,120.2,122.45,1,7232,call,337.1700134277344,0.4580836393470333,121.32500000000002,0.9676361574295981,0.0008135712432501122,12.991702142149485,-18.934204392451313,62.840477409156115
2027-01-15,0.3066392881587953,225.0,116.125,115.25,117.0,1,484,call,337.1700134277344,0.41553925304283706,116.12499999999537,0.9721268085198065,0.000786796244269382,11.397248498639739,-17.30086673818989,64.89928820586965
2027-01-15,0.3066392881587953,230.0,111.1,110.1,112.1,1,10509,call,337.1700134277344,0.38746503181707515,111.10000000000002,0.9734291599272141,0.0008087414969141219,10.92365376165929,-16.767320460868362,66.57480018465155
2027-01-15,0.3066392881587953,235.0,106.275,105.1,107.45,3,381,call,337.1700134277344,0.37738269400712354,106.2749999997952,0.9699524292922828,0.0009255810723448762,12.176490377521572,-17.55812847830276,67.69487705462588
2027-01-15,0.3066392881587953,240.0,101.4,100.4,102.4,1,9172,call,337.1700134277344,0.36273723536188707,101.40000000013505,0.9675035046797887,0.0010310774961314075,13.037944602412438,-17.995614061963973,68.9365503145311
2027-01-15,0.3066392881587953,245.0,96.65,95.45,97.85,1,3312,call,337.1700134277344,0.35666782167558286,96.6499999999856,0.9618046535169227,0.0012049932651775972,14.982153194859182,-19.156804916504097,69.8038851455478
2027-01-15,0.3066392881587953,250.0,92.1,91.65,92.55,337,23699,call,337.1700134277344,0.36029954821090865,92.1000000000105,0.9513559858744801,0.001461470980172401,18.35606548000919,-21.299738225160176,70.11881062167409
2027-01-15,0.3066392881587953,255.0,87.725,86.9,88.55,226,5815,call,337.1700134277344,0.36772707962527684,87.72499999999766,0.9374881810208068,0.0017565715267905384,22.51734261984074,-24.024625545771066,70.02657108640811
2027-01-15,0.3066392881587953,260.0,83.025,82.2,83.85,367,11081,call,337.1700134277344,0.3573744812134793,83.02500000000019,0.9300216508671744,0.0019770761698427747,24.630465733962954,-25.00415213752086,70.69581437708005
2027-01-15,0.3066392881587953,265.0,77.8,77.5,78.1,175,3559,call,337.1700134277344,0.32541435749406933,77.79999999999991,0.9328431446279692,0.002101711188997277,23.841601858216393,-23.624577218427987,72.58971769259529
2027-01-15,0.3066392881587953,270.0,73.55000000000001,72.95,74.15,246,9327,call,337.1700134277344,0.3315299941822805,73.5500000000002,0.9151279924372868,0.002476016140588269,28.61554238022857,-26.38159851235127,72.06137264831115
2027-01-15,0.3066392881587953,275.0,69.0,68.35,69.65,24,2001,call,337.1700134277344,0.32381629332589434,68.99999999999994,0.9032433112942863,0.002799319818946134,31.59925914987333,-27.64591187208285,72.22782930193524
2027-01-15,0.3066392881587953,280.0,64.125,63.65,64.6,179,31642,call,337.1700134277344,0.3050871119432658,64.12500000000317,0.8968246019854617,0.00311650047407536,33.14490232826041,-27.604291566786102,73.05906821766142
2027-01-15,0.3066392881587953,285.0,59.675,59.45,59.9,6,3179,call,337.1700134277344,0.298259470661474,59.674999999998434,0.8815219068089233,0.0035257688670349307,36.658421956608976,-28.932228705598963,72.84147393135694
2027-01-15,0.3066392881587953,290.0,55.05,54.95,55.15,5,10660,call,337.1700134277344,0.28536383526606945,55.05000000000214,0.8685569910281616,0.003966708870018204,39.4598059402298,-29.500205472201117,72.91924353375538
2027-01-15,0.3066392881587953,295.0,50.925,50.75,51.1,52,8064,call,337.1700134277344,0.28323677746622145,50.92499999932165,0.8458203253493707,0.004458296768053427,44.01941869739776,-31.319809692733802,71.83339644378302
2027-01-15,0.3066392881587953,300.0,46.925,46.7,47.15,39,64709,call,337.1700134277344,0.28109974974000146,46.925000000116356,0.8206787050243781,0.00495811730285265,48.5850820951449,-33.064221786217104,70.46057220860942
2027-01-15,0.3066392881587953,305.0,43.125,42.6,43.65,77,5170,call,337.1700134277344,0.28015647578508185,43.125,0.7923376119483976,0.005446197891755453,53.188748019546246,-34.83525287861858,68.69562799483448
2027-01-15,0.3066392881587953,310.0,39.025,38.75,39.3,59,27778,call,337.1700134277344,0.2712141173470781,39.02499999999977,0.7668936320451796,0.006015271332339944,56.87130557651772,-35.493766880741134,67.32220686106379
2027-01-15,0.3066392881587953,315.0,35.25,34.95,35.55,36,13935,call,337.1700134277344,0.2658965982717997,35.24999999997285,0.7363234184218745,0.006556434436263471,60.77237212040223,-36.397346813700004,65.31912884371366
2027-01-15,0.3066392881587953,320.0,31.7,31.5,31.9,30,36979,call,337.1700134277344,0.2618121017161673,31.69999999999998,0.7024323896366146,0.007063979391056674,64.47106213332681,-37.211240632114404,62.90371932521704
2027-01-15,0.3066392881587953,325.0,28.425,28.25,28.6,42,8610,call,337.1700134277344,0.25932815978135787,28.425000000000015,0.6654884858858584,0.007499390846278213,67.7955754098935,-37.93157295090664,60.08834856366706
2027-01-15,0.3066392881587953,330.0,25.175,25.1,25.25,125,21365,call,337.1700134277344,0.25455605198554115,25.17500000111182,0.6273488161976963,0.007943721030183785,70.49090646063303,-38.07778844903116,57.141682090008295
2027-01-15,0.3066392881587953,335.0,22.225,22.0,22.45,62,7032,call,337.1700134277344,0.25138315627668445,22.224999999999994,0.5868338088832009,0.008280760890677596,72.56581942492949,-38.064248709379314,53.85743868788968
2027-01-15,0.3066392881587953,340.0,19.549999999999997,19.45,19.65,252,10586,call,337.1700134277344,0.24924339275525198,19.54999999999997,0.5449779647140376,0.00850317873998272,73.88063968522371,-37.80979368607388,50.35024093144575
2027-01-15,0.3066392881587953,345.0,17.125,17.05,17.2,31,6756,call,337.1700134277344,0.2477087569476257,17.12499999999991,0.5026292425702938,0.008612400708199916,74.36888538143512,-37.26527201369627,46.71542490967549
2027-01-15,0.3066392881587953,350.0,14.8,14.75,14.85,207,55003,call,337.1700134277344,0.24475189431503316,14.799999999973876,0.4597898814977035,0.008673992582521944,74.0066580049178,-36.19205514432788,42.99921800979285
2027-01-15,0.3066392881587953,355.0,12.825,12.75,12.9,38,13475,call,337.1700134277344,0.24377716685390774,12.824999999999964,0.41806603666337944,0.008569289478165506,72.82215452565212,-35.03300259562754,39.291020106482655
2027-01-15,0.3066392881587953,360.0,10.95,10.9,11.0,149,25532,call,337.1700134277344,0.24144499911219397,10.949999999999983,0.3765284751928465,0.00841351048529314,70.81432819308306,-33.39272775460926,35.571418031786436
2027-01-15,0.3066392881587953,365.0,9.325,9.25,9.4,105,5422,call,337.1700134277344,0.23991623912496593,9.324999999999994,0.33681450161505616,0.008142563670427495,68.09990289129226,-31.597701350663694,31.963696108437684
2027-01-15,0.3066392881587953,370.0,7.9,7.85,7.95,130,10256,call,337.1700134277344,0.23865383251502578,7.900000000000034,0.29911323324638917,0.0077860592751390735,64.77565351612286,-29.629269817860635,28.50273905941405
2027-01-15,0.3066392881587953,375.0,6.7,6.65,6.75,94,5102,call,337.1700134277344,0.23828507421934114,6.699999999905585,0.2644727273944075,0.007349237751832726,61.047069580744896,-27.644578307314468,25.28923909995035
2027-01-15,0.3066392881587953,380.0,5.575,5.5,5.65,169,11582,call,337.1700134277344,0.23657323535128083,5.57500000000047,0.23082109627243147,0.006883561042781948,56.76811346469171,-25.338565307440792,22.15498052980949
2027-01-15,0.3066392881587953,385.0,4.675,4.6,4.75,113,8303,call,337.1700134277344,0.23629078710765483,4.674999999997265,0.2012907580071108,0.006366486763001403,52.44116292392345,-23.215061152798373,19.377826828133003
2027-01-15,0.3066392881587953,390.0,3.875,3.8,3.95,52,5868,call,337.1700134277344,0.23549592615464068,3.8750000000001017,0.17382169272424244,0.005834298808488468,47.89583525319226,-20.999545959331133,16.783123330937148
2027-01-15,0.3066392881587953,395.0,3.225,3.1,3.35,18,1956,call,337.1700134277344,0.23547991349448716,3.2249999999978742,0.1498947880814078,0.00529797570900456,43.49001073511487,-18.953808845716342,14.508646416256461
2027-01-15,0.3066392881587953,400.0,2.675,2.65,2.7,228,10603,call,337.1700134277344,0.23554788011008665,2.6750000003993617,0.12862003011557283,0.004772488186963542,39.18769747015654,-16.991033138717047,12.477709884855084
2027-01-15,0.3066392881587953,410.0,1.85,1.82,1.88,215,4120,call,337.1700134277344,0.23674065409063585,1.8500000000880543,0.09427955580217735,0.0038009026011918243,31.367887274339715,-13.536563505915145,9.180240325031091
2027-01-15,0.3066392881587953,420.0,1.29,1.23,1.35,71,3425,call,337.1700134277344,0.23892918996098095,1.2899999999937073,0.06894674084745568,0.0029738352703578682,24.769189923802625,-10.69738418094299,6.732809407754255
2027-01-15,0.3066392881587953,430.0,0.885,0.85,0.92,20,4656,call,337.1700134277344,0.24058955438556381,0.8849999999999809,0.04956388437844439,0.00227928960832468,19.116217481915687,-8.254548483792002,4.853013067427811
2027-01-15,0.3066392881587953,440.0,0.595,0.58,0.61,13,4132,call,337.1700134277344,0.24166002430915837,0.5949999999999965,0.03491966485042672,0.0017088548278940353,14.395795514940716,-6.206217382630277,3.4278788584508164
2027-01-15,0.3066392881587953,450.0,0.41000000000000003,0.39,0.43,153,17739,call,337.1700134277344,0.24394353895541504,0.41000000000706366,0.024936466013171444,0.0012801521707160985,10.886207334167086,-4.712047486791816,2.4524484627388077
2027-01-15,0.3066392881587953,460.0,0.29000000000000004,0.26,0.32,2,456,call,337.1700134277344,0.24715308353713908,0.28999999999996284,0.018112630966641053,0.0009642135549019365,8.307396710417137,-3.625673220225898,1.7837317862784607
2027-01-15,0.3066392881587953,470.0,0.175,0.1,0.25,5,448,call,337.1700134277344,0.2451712364472475,0.1750000000000017,0.011579899708034061,0.0006614161088294118,5.652882648675795,-2.4379967805491023,1.143579009679841
2027-01-15,0.3066392881587953,480.0,0.11499999999999999,0.08,0.15,1,8866,call,337.1700134277344,0.24627557279648962,0.11499999999999928,0.007881675837088382,0.0004704101969668509,4.0385340568900805,-1.7432259562677381,0.7796195804416252
2027-01-15,0.3066392881587953,490.0,0.1,0.05,0.15,2,1005,call,337.1700134277344,0.25514943066753476,0.09999999999907418,0.006727418900597831,0.0003948883911628356,3.5123246751459036,-1.5648509806304467,0.6648810380767773
2027-01-15,0.3066392881587953,500.0,0.10500000000000001,0.07,0.14,54,12707,call,337.1700134277344,0.2690297342358897,0.10499999999960857,0.00671544163641939,0.0003739252737463465,3.5067983004364067,-1.6414621284317445,0.6621095174078285
2027-01-15,0.3066392881587953,510.0,0.065,0.0,0.13,7,197,call,337.1700134277344,0.2672503749289091,0.0650000000000007,0.0043533073568332754,0.00025606024841681225,2.3855370728118848,-1.1065627776807854,0.430155034621096
2027-01-15,0.3066392881587953,520.0,0.08,0.0,0.16,1,4640,call,337.1700134277344,0.28464375342941606,0.0800000000000031,0.004983701227491518,0.00027124408235607456,2.691458044089722,-1.3256155901611502,0.4907315983486116
2027-01-15,0.3066392881587953,530.0,0.065,0.03,0.1,4,5217,call,337.1700134277344,0.2897454712877318,0.0649999999999906,0.004054450014925661,0.00022162480600606968,2.238518612105058,-1.1197683176841124,0.39925630168145665
2027-01-15,0.3066392881587953,540.0,0.09,0.0,0.18,3,732,call,337.1700134277344,0.3107357629861541,0.09000000000000985,0.005142301336835975,0.00025549638883827177,2.7675896029571643,-1.4807351107748297,0.5040628030349853
2027-01-15,0.3066392881587953,550.0,0.04,0.03,0.05,190,11996,call,337.1700134277344,0.29713113744501785,0.039999999999806475,0.0025332995068497797,0.0001415573006879234,1.466243576842729,-0.7492687618821533,0.24965118252981555
2027-01-15,0.3066392881587953,560.0,0.055,0.01,0.1,13,54,call,337.1700134277344,0.31638264250930587,0.054999999999996434,0.0032172526298536548,0.00016492194049016405,1.8189332826895572,-0.9875181538930032,0.3157652144824517
2027-01-15,0.3066392881587953,570.0,0.030000000000000002,0.01,0.05,2,69,call,337.1700134277344,0.30888740766984174,0.0299999999999834,0.0018745519200871294,0.0001036388599321043,1.1159597099943637,-0.5908187220147092,0.18460994376311918
2027-01-15,0.3066392881587953,580.0,0.095,0.0,0.19,1,127,call,337.1700134277344,0.3547363504985638,0.09500000000000036,0.00481550389020911,0.00021109093826004373,2.6103633816006644,-1.5828022644330897,0.46874215816068054
2027-01-15,0.3066392881587953,590.0,0.049999999999999996,0.01,0.09,4,129,call,337.1700134277344,0.342690025228102,0.04999999999999905,0.002746303467131693,0.00013202290914525038,1.577162514238554,-0.9230892014013002,0.26860717812899615
2027-01-15,0.3066392881587953,600.0,0.025,0.01,0.04,25,13424,call,337.1700134277344,0.3312630254405411,0.024999999998429955,0.0014869465787254337,7.82591875070086e-05,0.9037201863607097,-0.5108853287151586,0.1460687895049303
2027-01-15,0.3066392881587953,10.0,0.11,0.0,0.22,10,143,put,337.1700134277344,2.496813536459353,0.11000000000083246,-0.0005834488865871904,4.396797452110252e-06,0.38269100470322115,-1.5427600771748191,-0.09405285289443722
2027-01-15,0.3066392881587953,15.0,0.525,0.0,1.05,1,90,put,337.1700134277344,2.673771546151999,0.5250000000000038,-0.0021658384591276745,1.3650267904232672e-05,1.2723047742964648,-5.4841162665126655,-0.38491073955590727
2027-01-15,0.3066392881587953,20.0,0.505,0.0,1.01,20,3434,put,337.1700134277344,2.3827882622502488,0.5049999999999928,-0.0024595446946815407,1.7186686316450636e-05,1.42758930954042,-5.4800816730320046,-0.40914411604646306
2027-01-15,0.3066392881587953,30.0,0.02,0.0,0.04,1,46,put,337.1700134277344,1.4205735446105703,0.01999999999997023,-0.00024329603867671694,3.4304208666103142e-06,0.16987787214580302,-0.388500649845053,-0.03128705929166737
2027-01-15,0.3066392881587953,35.0,0.565,0.0,1.13,10,128,put,337.1700134277344,1.9104778416345085,0.5649999999999953,-0.0036309017367609636,3.0447199324252492e-05,2.0277529404910153,-6.228122802887642,-0.5486485776369856
2027-01-15,0.3066392881587953,85.0,0.05,0.0,0.1,10,361,put,337.1700134277344,0.8802021013384078,0.0500000000000287,-0.0009630302100104101,1.9789565332602095e-05,0.6072175858367684,-0.8532672881801564,-0.11489924651647332
2027-01-15,0.3066392881587953,90.0,0.05,0.0,0.1,9,1756,put,337.1700134277344,0.8449681101485272,0.04999999999999876,-0.001005398414316188,2.1445818698504585e-05,0.631696736595038,-0.8514229083310298,-0.11927967706443145
2027-01-15,0.3066392881587953,95.0,0.05,0.0,0.1,1,929,put,337.1700134277344,0.8117052490362106,0.04999999997608307,-0.001048636147386002,2.3203904076796646e-05,0.6565761460447538,-0.8493904790711575,-0.12375000781260846
2027-01-15,0.3066392881587953,100.0,0.02,0.01,0.03,46,3197,put,337.1700134277344,0.719718713852339,0.019999999989824775,-0.0005076079663582674,1.3410032236101687e-05,0.3364482715798577,-0.3855667547159125,-0.05861415660550601
2027-01-15,0.3066392881587953,105.0,0.02,0.01,0.03,4,1541,put,337.1700134277344,0.6920150888235679,0.01999999999037395,-0.0005285899109667769,1.447954410449509e-05,0.3492980302810041,-0.38452829675387673,-0.060783470897484974
2027-01-15,0.3066392881587953,110.0,0.04,0.01,0.07,5,792,put,337.1700134277344,0.7069944887258115,0.03999999999719498,-0.0009844732864389336,2.5141043753787925e-05,0.6196194140616361,-0.6962514044751685,-0.11404984414775159
2027-01-15,0.3066392881587953,115.0,0.030000000000000002,0.01,0.05,8,794,put,337.1700134277344,0.6630035090685,0.029999999999871556,-0.0008054023282245192,2.22913933855631e-05,0.51520340856123,-0.542351597146336,-0.09246938137733293
2027-01-15,0.3066392881587953,120.0,0.05,0.0,0.1,1,3110,put,337.1700134277344,0.6685775043542852,0.04999999999998121,-0.0012815651536609758,3.385246374938535e-05,0.7889831459241632,-0.8367341837379367,-0.14783243829611856
2027-01-15,0.3066392881587953,125.0,0.034999999999999996,0.01,0.06,2,850,put,337.1700134277344,0.6227364859931328,0.03499999998315437,-0.0009905745783804682,2.870503034742597e-05,0.623143410026815,-0.6148668358951661,-0.11314745767066212
2027-01-15,0.3066392881587953,130.0,0.060000000000000005,0.02,0.1,11,4947,put,337.1700134277344,0.6307080232735869,0.059999999999710694,-0.0016092304626960142,4.417489975520082e-05,0.9712468267479131,-0.9696257278107415,-0.18477600753485954
2027-01-15,0.3066392881587953,135.0,0.04,0.01,0.07,10,1587,put,337.1700134277344,0.5842817281115698,0.03999999994313026,-0.001195803128717054,3.635777704729691e-05,0.7405345264847963,-0.6840477318204745,-0.13589914626659452
2027-01-15,0.3066392881587953,140.0,0.060000000000000005,0.02,0.1,5,2104,put,337.1700134277344,0.584743930673618,0.05999999999999953,-0.001737364795857147,5.1090250178238024e-05,1.0414284475003144,-0.961675039701528,-0.19802376151506906
2027-01-15,0.3066392881587953,145.0,0.135,0.0,0.27,1,8856,put,337.1700134277344,0.6132714089685166,0.13499999999999437,-0.003482606154347719,9.136466690033913e-05,1.9532448047647084,-1.889703919848983,-0.4014614667991557
2027-01-15,0.3066392881587953,150.0,0.065,0.03,0.1,364,5218,put,337.1700134277344,0.5463085298206056,0.06500000000000247,-0.002002544150711607,6.222165889534872e-05,1.1849642599248522,-1.0197116163427988,-0.22697373819774777
2027-01-15,0.3066392881587953,155.0,0.05,0.0,0.1,1,1240,put,337.1700134277344,0.5123759687654955,0.04999999999222102,-0.0016767730442743467,5.6452153626935826e-05,1.0083120369816903,-0.8126274849460681,-0.18869281331332546
2027-01-15,0.3066392881587953,160.0,0.08,0.05,0.11,10,5372,put,337.1700134277344,0.5169011595204434,0.0799999999999984,-0.002561128876197067,8.21791650722593e-05,1.4807949187417984,-1.2023966136069815,-0.2893251637198697
2027-01-15,0.3066392881587953,165.0,0.08499999999999999,0.05,0.12,1,3802,put,337.1700134277344,0.5004783741694592,0.08499999999839188,-0.0027958558559689145,9.186999537699278e-05,1.6028197871939087,-1.2582598937574307,-0.31512668234829105
2027-01-15,0.3066392881587953,170.0,0.08,0.05,0.11,10,7680,put,337.1700134277344,0.47825187545735276,0.0800000000000019,-0.002766544733645066,9.52296703381797e-05,1.5876495594642615,-1.189079557071728,-0.3105630214895334
2027-01-15,0.3066392881587953,175.0,0.1,0.05,0.15,1,3626,put,337.1700134277344,0.4709429071336461,0.10000000000016215,-0.0034455145152163654,0.00011783805902372191,1.934548068533374,-1.4244965377002106,-0.3868942029854763
2027-01-15,0.3066392881587953,180.0,0.12000000000000001,0.07,0.17,1,9077,put,337.1700134277344,0.46189561084855824,0.11999999999959149,-0.004147837578783934,0.00014188664105515105,2.2846044979543207,-1.6471786793822614,-0.46563987033274173
2027-01-15,0.3066392881587953,185.0,0.115,0.04,0.19,2,5488,put,337.1700134277344,0.4415294692843802,0.11499999998797916,-0.004170658297204722,0.00014916171501506094,2.295845971773749,-1.579299049839912,-0.46646609821931967
2027-01-15,0.3066392881587953,190.0,0.165,0.11,0.22,1,7337,put,337.1700134277344,0.44224343699376434,0.1649999999999755,-0.005781775471248973,0.00019922886989079384,3.071421023091241,-2.112524862455552,-0.6483707791568496
2027-01-15,0.3066392881587953,195.0,0.2,0.15,0.25,1,5713,put,337.1700134277344,0.43461859053522295,0.20000000000000287,-0.006999179896557678,0.00024007653307977762,3.6373382902074094,-2.453834999386205,-0.7849700778289229
2027-01-15,0.3066392881587953,200.0,0.23500000000000001,0.2,0.27,25,21278,put,337.1700134277344,0.42556132087781445,0.23499999998667262,-0.008262728956993669,0.00028376434288326073,4.209646760858029,-2.7749437780985273,-0.9263402506146126
2027-01-15,0.3066392881587953,205.0,0.225,0.13,0.32,2,195,put,337.1700134277344,0.40549991501927,0.22499999999892148,-0.008325760503784335,0.0002997971406606509,4.23783397551969,-2.6553862108223703,-0.9297906624390704
2027-01-15,0.3066392881587953,210.0,0.28500000000000003,0.26,0.31,127,15910,put,337.1700134277344,0.40081515628343606,0.285000000098439,-0.010412922144212406,0.0003688649279021123,5.1539141951208345,-3.1847695632731416,-1.1639797703487
2027-01-15,0.3066392881587953,215.0,0.315,0.28,0.35,7,566,put,337.1700134277344,0.38888888068522054,0.3150000000000057,-0.011725026198217596,0.0004215161850060062,5.714331949027405,-3.4170864388934405,-1.3088368267150714
2027-01-15,0.3066392881587953,220.0,0.375,0.35,0.4,9,17092,put,337.1700134277344,0.3812374843510721,0.37500000000367945,-0.013962970577401645,0.0005001113702449285,6.646423465985126,-3.88581778042404,-1.558615297556885
2027-01-15,0.3066392881587953,225.0,0.435,0.41,0.46,9,1821,put,337.1700134277344,0.37230756281377575,0.4349999999999329,-0.016297235819907555,0.000584855162741455,7.590595886295611,-4.3212671229667325,-1.8183523413172047
2027-01-15,0.3066392881587953,230.0,0.495,0.47,0.52,2,25702,put,337.1700134277344,0.3624087676943821,0.49500000000000227,-0.0187474608137111,0.0006771453008820236,8.55472886416331,-4.725655624201636,-2.09007841423964
2027-01-15,0.3066392881587953,235.0,0.54,0.48,0.6,2,1919,put,337.1700134277344,0.3501663188984758,0.5400000001780754,-0.020913081945928596,0.0007689496480113505,9.386376226496798,-4.992299117866916,-2.3277798261975047
2027-01-15,0.3066392881587953,240.0,0.6799999999999999,0.65,0.71,22,59428,put,337.1700134277344,0.34644680280393575,0.6799999999821346,-0.025869508305457003,0.000929556957217694,11.226341470646602,-5.887149001096406,-2.883152130931195
2027-01-15,0.3066392881587953,245.0,0.8300000000000001,0.76,0.9,1,4710,put,337.1700134277344,0.3412294965628921,0.8299999997251207,-0.031229747129199084,0.0011038286246064367,13.130277417036295,-6.756296872733168,-3.4833408267369075
2027-01-15,0.3066392881587953,250.0,0.9450000000000001,0.9,0.99,301,26045,put,337.1700134277344,0.33180864890659567,0.9449999999768323,-0.035877547330212464,0.0012725039946915886,14.718804639881972,-7.332738864335507,-3.9991384226874174
2027-01-15,0.3066392881587953,255.0,1.115,1.07,1.16,211,5623,put,337.1700134277344,0.32479150198925755,1.1149999999967117,-0.04221449517527892,0.0014840791157125475,16.80302199124936,-8.156556478639654,-4.706441432909348
2027-01-15,0.3066392881587953,260.0,1.3,1.27,1.33,222,13180,put,337.1700134277344,0.3171262293163923,1.299999999872238,-0.049227759862484365,0.0017198288205666076,19.012668270117345,-8.965836991072932,-5.488268141867264
2027-01-15,0.3066392881587953,265.0,1.565,1.53,1.6,274,4355,put,337.1700134277344,0.31185503166808504,1.564999999999755,-0.05854732017650428,0.0020062743357983264,21.8106574961042,-10.060337370026051,-6.533072913806409
2027-01-15,0.3066392881587953,270.0,1.865,1.83,1.9,192,18178,put,337.1700134277344,0.3061349864049979,1.865000000285499,-0.06904783082967342,0.00232361135222162,24.797171151996046,-11.161868563414973,-7.7107080120674345
2027-01-15,0.3066392881587953,275.0,2.2199999999999998,2.17,2.27,40,7264,put,337.1700134277344,0.3005975582311908,2.219999999851648,-0.08121801565650245,0.002678286615416217,28.065202745592075,-12.324010881629013,-9.077835170663365
2027-01-15,0.3066392881587953,280.0,2.665,2.61,2.72,61,21152,put,337.1700134277344,0.29606346269574285,2.664999999999408,-0.09579227558643777,0.0030751443786413302,31.737740844675745,-13.629998970580523,-10.721116163515969
2027-01-15,0.3066392881587953,285.0,3.175,3.1,3.25,22,4182,put,337.1700134277344,0.2912791785262645,3.1749999995040903,-0.11218780881503208,0.003505118945587496,35.590811132088426,-14.92006139666001,-12.572629378395108
2027-01-15,0.3066392881587953,290.0,3.7750000000000004,3.7,3.85,41,10268,put,337.1700134277344,0.2867140516550454,3.775000000000823,-0.13087636972487443,0.003968291141189879,39.662326922515376,-16.224347195613387,-14.688815282138545
2027-01-15,0.3066392881587953,295.0,4.449999999999999,4.3,4.6,12,11136,put,337.1700134277344,0.281734314841682,4.450000000903494,-0.15155923108966282,0.004460833247112778,43.810823859068954,-17.437564693683385,-17.034189004901425
2027-01-15,0.3066392881587953,300.0,5.275,5.2,5.35,329,14606,put,337.1700134277344,0.27778480433610725,5.275000000409983,-0.17541436209313535,0.004974821035420397,48.17388054353547,-18.70187143639174,-19.753538223546137
2027-01-15,0.3066392881587953,305.0,6.300000000000001,6.15,6.45,214,8881,put,337.1700134277344,0.27534365287514345,6.299999999999999,-0.20283476957076313,0.00548853130386796,52.68135051465859,-20.035732908517055,-22.90282771180284
2027-01-15,0.3066392881587953,310.0,7.35,7.25,7.45,82,25468,put,337.1700134277344,0.270788925270259,7.349999999999692,-0.2312958688419409,0.006020679309045913,56.83319588425058,-20.961426136689635,-26.16737986245102
2027-01-15,0.3066392881587953,315.0,8.65,8.55,8.75,80,14481,put,337.1700134277344,0.2680565488609592,8.649999999932254,-0.2634252163543835,0.006519815373879579,60.92385896757957,-21.907306002427358,-29.887850454095762
2027-01-15,0.3066392881587953,320.0,10.125,10.1,10.15,113,11722,put,337.1700134277344,0.2654833808801372,10.124999999999968,-0.2978935053755986,0.00698622843670684,64.65554939073324,-22.631087836427355,-33.903805084853786
2027-01-15,0.3066392881587953,325.0,11.725,11.6,11.85,94,5816,put,337.1700134277344,0.2621676707142034,11.72499999999996,-0.33410465444651294,0.007428021110738304,67.88564510460108,-22.991497427783212,-38.13828318278417
2027-01-15,0.3066392881587953,330.0,13.575,13.45,13.7,201,5349,put,337.1700134277344,0.25984760203950047,13.575000001509027,-0.3725420680767674,0.007791501236097848,70.57738154556813,-23.15504996897072,-42.67959364518286
2027-01-15,0.3066392881587953,335.0,15.725000000000001,15.65,15.8,258,2057,put,337.1700134277344,0.25901336799159047,15.725000000000039,-0.41255499358040226,0.008041019217406551,72.6037351222009,-23.1533334007178,-47.475787392800854
2027-01-15,0.3066392881587953,340.0,17.95,17.75,18.15,249,2894,put,337.1700134277344,0.2564775497130365,17.94999999999997,-0.4532117916524695,0.008262668962973903,73.8746427901398,-22.608709104474777,-52.36154879734951
2027-01-15,0.3066392881587953,345.0,20.575000000000003,20.3,20.85,61,627,put,337.1700134277344,0.25665148709658003,20.574999999999914,-0.4940189634895214,0.008311900915930811,74.36521313567813,-22.035405735948995,-57.38551299649974
2027-01-15,0.3066392881587953,350.0,23.299999999999997,22.95,23.65,56,723,put,337.1700134277344,0.2554977284145872,23.299999999999994,-0.5347136319780953,0.008317005554490069,74.07637461361718,-20.972135793048263,-62.42850945131626
2027-01-15,0.3066392881587953,355.0,26.275,25.7,26.85,5,111,put,337.1700134277344,0.2551058082215502,26.27500000081192,-0.5744462551778585,0.008213452382308284,73.04185175181927,-19.693751570646448,-67.44870027689507
2027-01-15,0.3066392881587953,360.0,29.55,29.25,29.85,9,200,put,337.1700134277344,0.25630899820896524,29.549999999999972,-0.6119821233686246,0.007988011891784302,71.37206140141491,-18.358131191432236,-72.3337613262643
2027-01-15,0.3066392881587953,365.0,32.65,32.0,33.3,3,188,put,337.1700134277344,0.25250780917956267,32.65000000000001,-0.6514813002870661,0.007824096869365013,68.87073488678459,-16.08231398520762,-77.36814615129168
2027-01-15,0.3066392881587953,370.0,36.975,36.5,37.45,2,209,put,337.1700134277344,0.26435519063899526,36.97499999883942,-0.6765581928190361,0.0072568414801046895,66.87459472755731,-15.917251818842422,-81.28705028091193
2027-01-15,0.3066392881587953,375.0,41.0,40.25,41.75,12,34,put,337.1700134277344,0.27011382933477296,40.99999999991183,-0.7035441627616762,0.006835054787533386,64.35977311734334,-14.787495025756298,-85.31134132290288
2027-01-15,0.3066392881587953,380.0,44.625,44.3,44.95,10,15,put,337.1700134277344,0.26762376929457204,44.62499999961718,-0.7356709628059547,0.0065224061926109555,60.849667479783896,-12.282361281688896,-89.74448487780165
2027-01-15,0.3066392881587953,385.0,49.025,48.65,49.4,10,5,put,337.1700134277344,0.27603288787743674,49.02499999999999,-0.7553590028663054,0.006070004377473375,58.40842800507647,-11.466095152255866,-93.12923579901309
2027-01-15,0.3066392881587953,390.0,52.875,52.0,53.75,56,28,put,337.1700134277344,0.2732746396757862,52.87499999877128,-0.7837315575745909,0.005718931942647616,54.48035680085774,-8.78983078007994,-97.24322337158863
2027-01-15,0.3066392881587953,395.0,74.95,73.65,76.25,2,0,put,337.1700134277344,0.5546092918907519,74.94999999999993,-0.6222672043646491,0.003661766548350392,70.79514553510627,-49.979306759160416,-87.31855514015591
2027-01-15,0.3066392881587953,400.0,62.225,61.35,63.1,2,9,put,337.1700134277344,0.29409388809347004,62.22500000000005,-0.8086398457007048,0.004936364886957843,50.607972432945466,-7.88365304803736,-102.68555798742797
2027-01-15,0.3066392881587953,410.0,72.32499999999999,71.35,73.3,1,1,put,337.1700134277344,0.3276006087503172,72.32499999999959,-0.816338026991773,0.004319240305147698,49.32621047643141,-9.30406081858198,-106.57852647366794
2027-01-15,0.3066392881587953,420.0,99.875,98.35,101.4,10,0,put,337.1700134277344,0.6457923656033103,99.8750000000677,-0.6523218077932718,0.0030565174452094083,68.80903544346401,-56.606383155217,-98.0688720098783
2027-01-15,0.3066392881587953,430.0,109.75,108.1,111.4,5,0,put,337.1700134277344,0.6778557825464675,109.7499999999758,-0.6621093497401368,0.002880416279333314,68.06412197571534,-58.69872586357622,-102.10886476210389
2027-01-15,0.3066392881587953,440.0,177.39999999999998,175.6,179.2,20,0,put,337.1700134277344,1.5007505788956135,177.4,-0.4543476424817351,0.0014125497202675226,73.89889551879374,-164.0821392582575,-101.37261842639211
2027-01-15,0.3066392881587953,530.0,267.35,265.5,269.2,10,0,put,337.1700134277344,1.7613857452065496,267.3500000000001,-0.48367823416423467,0.0012103070171216779,74.31486840231753,-191.44084512693482,-131.98729974340884
2027-01-15,0.3066392881587953,550.0,291.9,290.0,293.8,0,0,put,337.1700134277344,1.8718693925082732,291.9,-0.47519089371966516,0.0011376632561414938,74.23606771081981,-203.4245442351253,-138.63779176403563
2027-01-15,0.3066392881587953,600.0,289.35,287.65,291.05,0,0,put,337.1700134277344,1.2587454049206748,289.34999999854523,-0.6752083431725394,0.0015266811781845112,66.99030175821338,-111.23339484249442,-158.53558025145912
2027-02-19,0.4024640657084189,55.0,283.4,281.7,285.1,4,19,call,337.1700134277344,1.38782916799132,283.4,0.9921611283390438,5.5809850760217477e-05,3.5438217445039006,-7.1472296327545966,20.57677262639034
2027-02-19,0.4024640657084189,80.0,258.82500000000005,257.1,260.55,1,62,call,337.1700134277344,1.0822034839481158,258.82500000000005,0.9911863063540045,8.207204918623086e-05,4.063770762671442,-7.7874201690077705,30.33504485351571
2027-02-19,0.4024640657084189,90.0,248.9,247.05,250.75,1,35,call,337.1700134277344,0.9640904843349615,248.89999999999986,0.9917375717271572,8.549301839516948e-05,3.77114684185425,-7.3755742199434335,34.404306763249984
2027-02-19,0.4024640657084189,125.0,214.425,212.65,216.2,14,82,call,337.1700134277344,0.6858632372576441,214.42499999996585,0.9924969408546263,0.00010713433229616152,3.3619495252856395,-7.562855194924383,48.38230091888062
2027-02-19,0.4024640657084189,130.0,209.6,207.75,211.45,27,89,call,337.1700134277344,0.6793857519625138,209.5999999999909,0.9912771394576345,0.00012919041589159547,4.015796783717397,-8.323652708764849,50.15866443249074
2027-02-19,0.4024640657084189,140.0,199.9,198.15,201.65,6,68,call,337.1700134277344,0.6501561080984032,199.90000000000467,0.9894453159727382,0.00016695739819183922,4.966475665001477,-9.430160938345301,53.81398959469476
2027-02-19,0.4024640657084189,145.0,195.025,193.25,196.8,15,71,call,337.1700134277344,0.6303457759935557,195.02500000001066,0.9888326743656976,0.00018297831195235854,5.277198863936594,-9.799719266555869,55.69286717526942
2027-02-19,0.4024640657084189,150.0,190.0,188.35,191.65,5,71,call,337.1700134277344,0.5809464893877443,189.99999999999494,0.9905453839739976,0.0001655242610899619,4.399697179603633,-9.136570271028129,57.94766176878529
2027-02-19,0.4024640657084189,155.0,184.9,183.5,186.3,7,49,call,337.1700134277344,0.49965980036068,184.89999999999998,0.9942179562512852,0.00010514021392145912,2.403633581796973,-7.782940644718188,60.49859220786599
2027-02-19,0.4024640657084189,160.0,180.0,178.6,181.4,20,77,call,337.1700134277344,0.4788014574430036,180.00000000000003,0.9941990743537057,0.00011021282130334611,2.4144186671542207,-7.986464356112893,62.46810387872134
2027-02-19,0.4024640657084189,170.0,170.575,168.8,172.35,6,41,call,337.1700134277344,0.5265787090010529,170.57500000005746,0.9865521549261675,0.00026591243114260863,6.406590017149845,-11.117192767338217,65.2236497975719
2027-02-19,0.4024640657084189,175.0,165.39999999999998,163.95,166.85,2,80,call,337.1700134277344,0.452419558336897,165.4,0.9917171774387888,0.00018270875351095715,3.7820365603570076,-9.409649348539283,68.00728876915
2027-02-19,0.4024640657084189,180.0,160.525,159.05,162.0,1,26,call,337.1700134277344,0.4398897298611602,160.5250000000803,0.9910141059232443,0.0002064174022814176,4.154465219122334,-9.801303700183144,69.87389511832095
2027-02-19,0.4024640657084189,190.0,150.97500000000002,149.3,152.65,1,48,call,337.1700134277344,0.4478323005198297,150.97500000002375,0.9851050929565096,0.0003466809986744963,7.103468353979834,-11.89353166249481,72.915580891768
2027-02-19,0.4024640657084189,200.0,141.475,140.5,142.45,1,467,call,337.1700134277344,0.4454205610523469,141.4750000000177,0.9782298658929596,0.000502852851990013,10.247930580838265,-14.004519571417012,75.80602935447713
2027-02-19,0.4024640657084189,210.0,131.85,130.35,133.35,10,42,call,337.1700134277344,0.42408127304393617,131.84999999999332,0.9734030332455772,0.0006351447591265433,12.323861542173534,-15.258562337992172,79.02475051918479
2027-02-19,0.4024640657084189,220.0,121.925,120.75,123.1,305,499,call,337.1700134277344,0.37841313026508316,121.92499999999949,0.9741307262330077,0.000694062089209712,12.016818923816764,-14.952814808947341,83.11795344700836
2027-02-19,0.4024640657084189,230.0,112.375,111.2,113.55,1,188,call,337.1700134277344,0.36271357824186407,112.37500000000006,0.9667032987383927,0.0009077154140201382,15.063938039445677,-16.477459546302423,85.95359216917197
2027-02-19,0.4024640657084189,240.0,102.475,101.7,103.25,1,109,call,337.1700134277344,0.3228053924386404,102.47500000028377,0.9663785265243838,0.001028679580557788,15.193082519914542,-16.301827781092502,89.89391521516735
2027-02-19,0.4024640657084189,250.0,93.825,92.95,94.7,8,555,call,337.1700134277344,0.3460842252932589,93.82499999999995,0.9387504402302378,0.0015924648636594849,25.216026937677334,-21.06196210055015,89.62613082832299
2027-02-19,0.4024640657084189,260.0,84.35,83.25,85.45,1,746,call,337.1700134277344,0.3227689323380205,84.34999999999933,0.9268109773709826,0.0019689698916801005,29.077415175931424,-22.188889388950983,91.81930689587006
2027-02-19,0.4024640657084189,270.0,75.425,74.85,76.0,2,283,call,337.1700134277344,0.31387500704382526,75.42499999999929,0.9034706832960456,0.0025067478867803316,35.99916186145774,-24.661962400683443,92.24404844768908
2027-02-19,0.4024640657084189,280.0,66.45,65.45,67.45,3,857,call,337.1700134277344,0.2980503639432675,66.45000000000174,0.8790964162923771,0.0031154430356883736,42.48488704070098,-26.436974750106856,92.54860430220157
2027-02-19,0.4024640657084189,290.0,58.3,57.8,58.8,1,1936,call,337.1700134277344,0.29468330512147617,58.3000000003858,0.840365412490337,0.0038197641262358545,51.50116751480133,-29.365229716052454,90.57293513959796
2027-02-19,0.4024640657084189,300.0,50.025,49.5,50.55,15,2601,call,337.1700134277344,0.28165191081774316,50.02499999994072,0.8010477428769642,0.004600356071709361,59.28285987383879,-31.05658964342562,88.5679641304718
2027-02-19,0.4024640657084189,310.0,42.75,42.4,43.1,1,1539,call,337.1700134277344,0.2781485645247415,42.74999999999978,0.7482820773195713,0.005332767262665461,67.86634332501774,-33.296258545789826,84.33565194924913
2027-02-19,0.4024640657084189,320.0,35.75,35.5,36.0,6,3479,call,337.1700134277344,0.2706888782468826,35.74999999999883,0.6910267661693107,0.006060027415331479,75.05333550765368,-34.52858680831061,79.38342256577698
2027-02-19,0.4024640657084189,330.0,29.5,29.3,29.7,21,4995,call,337.1700134277344,0.2654295295523478,29.500000000000206,0.626740069080993,0.006648388862470691,80.74035362861449,-35.20434276836307,73.17519439736454
2027-02-19,0.4024640657084189,340.0,23.95,23.65,24.25,11,4392,call,337.1700134277344,0.2608432594761416,23.949999999999214,0.5580876339173998,0.007057079141080129,84.22278591934212,-35.055882733962754,66.09281590199069
2027-02-19,0.4024640657084189,350.0,19.1,18.95,19.25,40,5067,call,337.1700134277344,0.25658587545200584,19.099999999376443,0.48730702937492104,0.007251096684917103,85.12584544312612,-34.00980836861627,58.43992249923085
2027-02-19,0.4024640657084189,360.0,15.024999999999999,14.85,15.2,33,3761,call,337.1700134277344,0.2535271741630323,15.025000000003963,0.4172357397562995,0.007186393104788813,83.36053291152967,-32.21224464803181,50.57137263927519
2027-02-19,0.4024640657084189,370.0,11.524999999999999,11.45,11.6,179,7990,call,337.1700134277344,0.24955240832702552,11.524999999997917,0.34914939633790665,0.006923967506501307,79.05726451859194,-29.550041649753403,42.74076078788856
2027-02-19,0.4024640657084189,380.0,8.85,8.7,9.0,27,3166,call,337.1700134277344,0.24844850082754802,8.849999998478054,0.28807017290776693,0.006414123170680884,72.911943138522,-26.69806850645854,35.528973957940124
2027-02-19,0.4024640657084189,390.0,6.725,6.6,6.85,31,1658,call,337.1700134277344,0.24780663306230902,6.724999999999993,0.2339351060118045,0.005777735546334864,65.50818749826544,-23.59708763969847,29.038145699595173
2027-02-19,0.4024640657084189,400.0,5.025,4.95,5.1,12,6934,call,337.1700134277344,0.2468692193460393,5.024999999966744,0.1865140033247943,0.005076681440630508,57.34187013179684,-20.33883969007279,23.287347197291314
2027-02-19,0.4024640657084189,410.0,3.7,3.55,3.85,2,1676,call,337.1700134277344,0.24590130148910797,3.6999999999999886,0.14614702668982413,0.004353394275278033,48.97944117416291,-17.132128072887497,18.34286121248576
2027-02-19,0.4024640657084189,420.0,2.785,2.69,2.88,93,1662,call,337.1700134277344,0.24734174270354056,2.784999999808976,0.11515768051012594,0.003670214947986079,41.534971103866056,-14.479168130985787,14.505898295858314
2027-02-19,0.4024640657084189,430.0,2.08,2.0,2.16,104,572,call,337.1700134277344,0.24860553090521106,2.079999999280444,0.08983477675555912,0.0030480364204219005,34.67016711962151,-12.051691358335738,11.353347444745614
2027-02-19,0.4024640657084189,440.0,1.54,1.46,1.62,30,406,call,337.1700134277344,0.24965015626274942,1.539999999998863,0.06935793259219952,0.002495434973891425,28.503821937248784,-9.881400365775693,8.791994563517163
2027-02-19,0.4024640657084189,450.0,1.1099999999999999,1.07,1.15,11,639,call,337.1700134277344,0.2496154052675042,1.1100000000000034,0.052330075071020395,0.0020020984944463874,22.865558855788343,-7.878902437412902,6.654394033709603
2027-02-19,0.4024640657084189,460.0,0.865,0.8,0.93,4,521,call,337.1700134277344,0.2534451262328077,0.8649999999919544,0.04160061494126309,0.0016403570521150552,19.021612526723494,-6.616699859482504,5.297022710631875
2027-02-19,0.4024640657084189,470.0,0.615,0.59,0.64,9,320,call,337.1700134277344,0.25317048765579764,0.6149999999999901,0.03085932902169153,0.001285767195823293,14.893625044065308,-5.1512633984340805,3.9400589622186133
2027-02-19,0.4024640657084189,480.0,0.45499999999999996,0.42,0.49,4,55,call,337.1700134277344,0.2547254090884496,0.4550000000345609,0.02350710148409487,0.0010182787586822976,11.86762868043495,-4.111925818565966,3.0067646523797635
2027-02-19,0.4024640657084189,490.0,0.32,0.2,0.44,2,131,call,337.1700134277344,0.25449034795770686,0.31999999999996487,0.01717965238160358,0.0007812471084892938,9.096718070865743,-3.1371448949080936,2.2024699596325834
2027-02-19,0.4024640657084189,500.0,0.24000000000000002,0.14,0.34,1,2719,call,337.1700134277344,0.2566028107692449,0.24000000000000174,0.013170162165022594,0.0006166135045116357,7.239347731837626,-2.508257630838954,1.6905840159940795
2027-02-19,0.4024640657084189,510.0,0.18,0.07,0.29,1,55,call,337.1700134277344,0.25862576730059167,0.1799999999719377,0.010084781067382706,0.000485217337463822,5.741602193670381,-1.998467326271741,1.2960493029053743
2027-02-19,0.4024640657084189,520.0,0.135,0.03,0.24,1,745,call,337.1700134277344,0.2605605476445407,0.13499999999996892,0.007714320702139364,0.00038081496941619564,4.539914424279509,-1.5872950623241138,0.992491524612602
2027-02-19,0.4024640657084189,530.0,0.11499999999999999,0.02,0.21,1,154,call,337.1700134277344,0.2660742488889986,0.11499999999999945,0.006544274174403546,0.00032254919561707375,3.926664577040679,-1.397803196080943,0.8417668792744359
2027-02-19,0.4024640657084189,540.0,0.095,0.01,0.18,1,24,call,337.1700134277344,0.2703951767843498,0.09499999993918432,0.005418008235587278,0.0002684594097938192,3.3212576534916893,-1.1983431312899853,0.6969832079725858
2027-02-19,0.4024640657084189,550.0,0.08,0.01,0.15,1,49,call,337.1700134277344,0.275001903575773,0.08000000000000054,0.004559804829571108,0.00022637547263161187,2.8483284430682585,-1.0426816834008863,0.586562984189754
2027-02-19,0.4024640657084189,560.0,0.08,0.01,0.15,1,13,call,337.1700134277344,0.2841999434760965,0.07999999999999997,0.004430604770229987,0.00021349809314367643,2.776150359437893,-1.0476547125647035,0.5690306893117044
2027-02-19,0.4024640657084189,570.0,0.07500000000000001,0.01,0.14,1,15,call,337.1700134277344,0.29130410926527484,0.07499999999999374,0.004086162481615891,0.00019375167256560662,2.582361676065042,-0.9967147848727528,0.5243025994326301
2027-02-19,0.4024640657084189,580.0,0.07,0.01,0.13,31,28,call,337.1700134277344,0.2980262458829128,0.06999999998510562,0.003758930171610769,0.00017573704436456682,2.396309043435479,-0.9443633319147652,0.48190988325330486
2027-02-19,0.4024640657084189,590.0,0.08,0.01,0.15,1,17,call,337.1700134277344,0.31060622965334306,0.0799999999995235,0.0041003091534120425,0.00018227418402305936,2.5903611694516653,-1.0616904396591837,0.5242099656952738
2027-02-19,0.4024640657084189,600.0,0.055,0.03,0.08,5,6038,call,337.1700134277344,0.3077578160067808,0.0549999999961596,0.0029253414286411258,0.00013583490238205977,1.9126938565332652,-0.775732353010314,0.3748298400837318
2027-02-19,0.4024640657084189,50.0,0.030000000000000002,0.01,0.05,3,251,put,337.1700134277344,1.0125598148729924,0.03000000000000039,-0.0004453459570527758,7.369979701249416e-06,0.3414380960427253,-0.42071470260256727,-0.07250684035855548
2027-02-19,0.4024640657084189,60.0,0.030000000000000002,0.01,0.05,3,724,put,337.1700134277344,0.9168125797223655,0.029999999999996446,-0.0004964139432007103,9.000817799324149e-06,0.3775613504502592,-0.42041807156505007,-0.07943670553462037
2027-02-19,0.4024640657084189,65.0,0.14,0.0,0.28,6,15,put,337.1700134277344,1.0167376264914523,0.13999999999650328,-0.0018347260578773074,2.695052133206601e-05,1.2537214694709593,-1.5465133362169976,-0.30531512007222383
2027-02-19,0.4024640657084189,80.0,0.145,0.0,0.29,4,43,put,337.1700134277344,0.895313103681172,0.14500000000077823,-0.002176496853937649,3.5739970976562e-05,1.4640440128636956,-1.585530998955504,-0.3537053322377783
2027-02-19,0.4024640657084189,85.0,0.145,0.0,0.29,1,21,put,337.1700134277344,0.8589765895277683,0.14500000000303867,-0.0022756668803392277,3.878665482283951e-05,1.5243638801885269,-1.5822054864584096,-0.3671625872492752
2027-02-19,0.4024640657084189,90.0,0.15,0.0,0.3,2,5,put,337.1700134277344,0.8279305160079845,0.1499999999724293,-0.0024413982821551816,4.288497175362832e-05,1.6245160824804772,-1.6234778024855194,-0.39166446230725127
2027-02-19,0.4024640657084189,95.0,0.15,0.0,0.3,5,4,put,337.1700134277344,0.7955801733347067,0.1499999999985127,-0.0025469927848568727,4.637063803503475e-05,1.6879206241888758,-1.6191471744251302,-0.40599351114565346
2027-02-19,0.4024640657084189,100.0,0.15,0.0,0.3,5,8,put,337.1700134277344,0.7649571830805884,0.14999999999998864,-0.002654795436152417,5.006751879923911e-05,1.7523392684694887,-1.6144063454763866,-0.42062220312044324
2027-02-19,0.4024640657084189,105.0,0.034999999999999996,0.01,0.06,2,11,put,337.1700134277344,0.6362305955149662,0.035000000001527386,-0.0008429043312442487,2.1142647714239464e-05,0.6154587069047799,-0.47097363821533034,-0.1284673607358264
2027-02-19,0.4024640657084189,110.0,0.065,0.01,0.12,2,13,put,337.1700134277344,0.6486879324449615,0.06499999999992646,-0.001464233441402129,3.439573722425977e-05,1.0208582381094582,-0.7955626374008414,-0.22485490633135266
2027-02-19,0.4024640657084189,115.0,0.049999999999999996,0.01,0.09,4,37,put,337.1700134277344,0.6087737505957354,0.049999999999999434,-0.0012271731069280656,3.11881259551851e-05,0.8687007453186033,-0.6344947350720688,-0.18664913900709162
2027-02-19,0.4024640657084189,120.0,0.055,0.01,0.1,2,32,put,337.1700134277344,0.5914180956344219,0.05499999996961221,-0.0013804198716835957,3.574979508299279e-05,0.9673712182776381,-0.6855166418034888,-0.20945686361735522
2027-02-19,0.4024640657084189,125.0,0.045,0.01,0.08,2,27,put,337.1700134277344,0.558717096669002,0.0449999999978849,-0.0012154796556897072,3.3685890945274175e-05,0.8611226168379931,-0.575666321556668,-0.183050031207952
2027-02-19,0.4024640657084189,130.0,0.07500000000000001,0.01,0.14,3,23,put,337.1700134277344,0.5654765777272845,0.07500000000000108,-0.001922965698198754,5.057112078187563e-05,1.3084050038462158,-0.8840816053947332,-0.2911289703807362
2027-02-19,0.4024640657084189,135.0,0.08,0.01,0.15,1,30,put,337.1700134277344,0.5482191829463691,0.08000000000000013,-0.002105740072227855,5.664474207780917e-05,1.42081923614253,-0.9293696901262742,-0.31794355657487333
2027-02-19,0.4024640657084189,140.0,0.075,0.04,0.11,2,199,put,337.1700134277344,0.5245197732777291,0.07499999999163548,-0.0020753042390464025,5.842731779822426e-05,1.4021769099582446,-0.8761462432163204,-0.3118011297637759
2027-02-19,0.4024640657084189,145.0,0.13999999999999999,0.04,0.24,8,47,put,337.1700134277344,0.540243031586106,0.13999999999997995,-0.003566699549925798,9.248585251225719e-05,2.286069737066012,-1.4691957329359029,-0.5403418695845308
2027-02-19,0.4024640657084189,150.0,0.08,0.02,0.14,1,34,put,337.1700134277344,0.4896517574866323,0.07999999999999978,-0.0023599284681792274,7.031919858659333e-05,1.5753832615273158,-0.9158995283204464,-0.35243662054964797
2027-02-19,0.4024640657084189,155.0,0.135,0.1,0.17,12,58,put,337.1700134277344,0.49900442359389074,0.13500000000000112,-0.0037371425812960973,0.00010441180946979733,2.383850492730143,-1.4101986966016737,-0.5614584665423512
2027-02-19,0.4024640657084189,160.0,0.14500000000000002,0.1,0.19,1,39,put,337.1700134277344,0.4843738172944561,0.14500000000000346,-0.004108980390719831,0.00011710506353156481,2.595262730523078,-1.4875407561925265,-0.6159410571018646
2027-02-19,0.4024640657084189,165.0,0.16,0.1,0.22,6,178,put,337.1700134277344,0.4716164545440951,0.15999999999999323,-0.004615030976854439,0.00013342664978767372,2.879098525710417,-1.6037258380630801,-0.6906484826721587
2027-02-19,0.4024640657084189,170.0,0.16999999999999998,0.1,0.24,1,58,put,337.1700134277344,0.457103226027456,0.16999999999997067,-0.005030031184630067,0.00014864638233107235,3.1088060399064905,-1.6750144082259846,-0.7509881595163618
2027-02-19,0.4024640657084189,175.0,0.19,0.13,0.25,2,205,put,337.1700134277344,0.44567459316329,0.18999999999999365,-0.005705051163271095,0.00017051941267243832,3.4770961604178203,-1.822805713868542,-0.8506368516548254
2027-02-19,0.4024640657084189,180.0,0.22,0.12,0.32,5,72,put,337.1700134277344,0.4364604898461472,0.219999999999999,-0.006649875935317886,0.00019943454186973505,3.9826332223221033,-2.040241872591315,-0.9909223750455116
2027-02-19,0.4024640657084189,185.0,0.255,0.15,0.36,1,117,put,337.1700134277344,0.42757863263426205,0.2549999999886034,-0.007752518411766311,0.00023307433844999722,4.559691403288999,-2.2831296540875754,-1.1546358941449513
2027-02-19,0.4024640657084189,190.0,0.3,0.19,0.41,1,340,put,337.1700134277344,0.4198046147496973,0.29999999999987864,-0.009135679093388147,0.00027418508394896223,5.26642652876265,-2.5829144772802235,-1.3604400417812124
2027-02-19,0.4024640657084189,195.0,0.32,0.28,0.36,1,101,put,337.1700134277344,0.4067095969566384,0.32000000009171586,-0.009984483085022238,0.0003058689687516384,5.69173715147929,-2.697338725451261,-1.483671018488254
2027-02-19,0.4024640657084189,200.0,0.39,0.36,0.42,1,561,put,337.1700134277344,0.40140795864048434,0.3899999999999994,-0.012070860273549786,0.00036553341294480777,6.71333094402011,-3.131830495076485,-1.7949624140068767
2027-02-19,0.4024640657084189,210.0,0.51,0.48,0.54,7,190,put,337.1700134277344,0.3841711072764658,0.5099999999999895,-0.01598995769303586,0.0004867022908248053,8.554863538492961,-3.797198177717538,-2.3750749753874327
2027-02-19,0.4024640657084189,220.0,0.685,0.65,0.72,10,533,put,337.1700134277344,0.3693205923868629,0.684999999997661,-0.02154990593057299,0.0006526862110724682,11.028919270858013,-4.6752641061308635,-3.199984571061956
2027-02-19,0.4024640657084189,230.0,0.86,0.77,0.95,1,1159,put,337.1700134277344,0.35093320689312024,0.8599999999999466,-0.027613926153903602,0.0008458035407613049,13.580600086833758,-5.428392609585502,-4.093296137602468
2027-02-19,0.4024640657084189,240.0,1.24,1.19,1.29,1,2709,put,337.1700134277344,0.3422298011863163,1.2399999999987226,-0.03884524572883427,0.0011490330074792334,17.99182947034085,-6.955155079410722,-5.770309233475789
2027-02-19,0.4024640657084189,250.0,1.635,1.52,1.75,4,2542,put,337.1700134277344,0.3284049489336684,1.6349999999961726,-0.05116787793008019,0.001494842714837951,22.461056948908688,-8.249187223248576,-7.601449119907591
2027-02-19,0.4024640657084189,260.0,2.2800000000000002,2.24,2.32,2,3441,put,337.1700134277344,0.31962557920364637,2.2799999998791383,-0.06950654758408831,0.001952325933868802,28.550837219407757,-10.091388615564084,-10.349574172681406
2027-02-19,0.4024640657084189,270.0,3.1,3.0,3.2,27,13317,put,337.1700134277344,0.3101047594625372,3.1000000000008607,-0.09225904348671969,0.0024922835762753947,35.36151668328995,-11.965861356346352,-13.767081426128586
2027-02-19,0.4024640657084189,280.0,4.15,3.95,4.35,3,7550,put,337.1700134277344,0.3004288817608494,4.150000000000882,-0.12045644775307233,0.003119369474990198,42.877898894100674,-13.83417762818952,-18.016023024326177
2027-02-19,0.4024640657084189,290.0,5.6,5.45,5.75,29,8793,put,337.1700134277344,0.2929815707393799,5.600000000767086,-0.15648508457240182,0.0038236756953341634,51.25619345685368,-15.827093399850268,-23.48863922215125
2027-02-19,0.4024640657084189,300.0,7.475,7.35,7.6,186,4501,put,337.1700134277344,0.28624614338601895,7.474999999992199,-0.19994053209189844,0.004567941199230233,59.82533587488938,-17.642862971919218,-30.140112054358376
2027-02-19,0.4024640657084189,310.0,9.9,9.65,10.15,5,3259,put,337.1700134277344,0.2808651068753325,9.899999999999753,-0.2512337429705748,0.005298244363075911,68.0855217001018,-19.166503584244563,-38.07651531871486
2027-02-19,0.4024640657084189,320.0,12.8,12.65,12.95,63,2204,put,337.1700134277344,0.27462415712641286,12.799999999998983,-0.30862285336836537,0.005987327914071581,75.23099015645424,-19.993993102184575,-47.031295351963095
2027-02-19,0.4024640657084189,330.0,16.525,16.4,16.65,131,1741,put,337.1700134277344,0.2713928766416033,16.525000000000137,-0.3725466236599338,0.006509560908296434,80.83047592593056,-20.34795603123248,-57.20485383976985
2027-02-19,0.4024640657084189,340.0,20.9,20.6,21.2,8,788,put,337.1700134277344,0.2681788635817932,20.89999999999917,-0.439699220403512,0.006863516321685869,84.21631095560346,-19.83458573832085,-68.07816189185351
2027-02-19,0.4024640657084189,350.0,26.1,25.9,26.3,11,403,put,337.1700134277344,0.26690893712341685,26.099999999704398,-0.5076745772199718,0.0069719986168610155,85.14230527045437,-18.633048172182864,-79.39515036448626
2027-02-19,0.4024640657084189,360.0,32.025,31.5,32.55,4,136,put,337.1700134277344,0.2665774859084323,32.02500000000175,-0.57364768147807,0.006859222794529852,83.66106211228438,-16.72568351520511,-90.73222198661861
2027-02-19,0.4024640657084189,370.0,38.825,38.1,39.55,1,49,put,337.1700134277344,0.2696454512946271,38.82499999999845,-0.633565204983952,0.006504725259113565,80.25037177256463,-14.571882862928224,-101.5997145373089
2027-02-19,0.4024640657084189,380.0,46.625,46.1,47.15,3,53,put,337.1700134277344,0.27913505353703466,46.6249999999994,-0.682181228138077,0.005949278084129961,75.98076191803638,-12.837149007713442,-111.33607095459298
2027-02-19,0.4024640657084189,390.0,54.775,53.75,55.8,2,2,put,337.1700134277344,0.2882745259166456,54.77499999999293,-0.7239048850134516,0.005396896515182383,71.18284698618353,-10.874341526829662,-120.27800386216565
2027-02-19,0.4024640657084189,400.0,63.224999999999994,62.8,63.65,37,46,put,337.1700134277344,0.2973400431935751,63.22500000000003,-0.7593529923921286,0.0048682171243350225,66.22902117319862,-8.824550991193608,-128.4890913628006
2027-02-19,0.4024640657084189,410.0,99.6,97.65,101.55,0,0,put,337.1700134277344,0.6689850319298659,99.59999999999894,-0.5793004732776693,0.002725529777712036,83.42425341065852,-54.68056501018402,-118.69580837234048
2027-03-19,0.4791238877481177,45.0,293.15,291.35,294.95,1,1,call,337.1700134277344,1.3902695218705683,293.15,0.992927676311942,4.199869256147638e-05,3.1803907628985755,-5.147006810746666,19.948532901031246
2027-03-19,0.4791238877481177,80.0,258.975,257.15,260.8,1,4,call,337.1700134277344,0.98545309786707,258.975,0.9911221686440456,7.917591531600212e-05,4.249861357586702,-6.685323279931295,36.030918848163346
2027-03-19,0.4791238877481177,90.0,249.175,247.35,251.0,1,7,call,337.1700134277344,0.8970511301682944,249.17500000000004,0.9909540306749682,8.896952367212001e-05,4.347145472883429,-6.901007638478938,40.69917089682585
2027-03-19,0.4791238877481177,100.0,239.425,237.6,241.25,5,13,call,337.1700134277344,0.8292900186781439,239.42500000000183,0.9903707042470651,0.00010365145488773347,4.681958406212522,-7.39066979489768,45.27639463011026
2027-03-19,0.4791238877481177,115.0,224.8,222.95,226.65,1,2,call,337.1700134277344,0.7400125040037524,224.80000000010176,0.9894509102648709,0.0001290569174380506,5.2019485952678455,-8.116268006815243,52.134992258721525
2027-03-19,0.4791238877481177,125.0,215.0,213.15,216.85,1,44,call,337.1700134277344,0.6777513238972618,215.0,0.989400648697814,0.00014167520879848524,5.23009944365914,-8.31677380248696,56.82228679315244
2027-03-19,0.4791238877481177,130.0,209.925,208.5,211.35,1,26,call,337.1700134277344,0.6097930986421695,209.9250000000429,0.9918108667847962,0.0001158380245380307,3.8475064632870812,-7.374010825461049,59.643202115052574
2027-03-19,0.4791238877481177,135.0,204.925,203.4,206.45,8,31,call,337.1700134277344,0.5501608142752328,204.92500000006103,0.9936438454406727,9.148809902239291e-05,2.7415739724363153,-6.79429225906785,62.334932304373275
2027-03-19,0.4791238877481177,140.0,200.075,198.55,201.6,8,44,call,337.1700134277344,0.5383826800481928,200.07499999999996,0.9930459094172657,0.00010600494382912599,3.1085861722303876,-7.2141700129901905,64.56208886297286
2027-03-19,0.4791238877481177,150.0,190.425,189.0,191.85,1,62,call,337.1700134277344,0.5256185529959571,190.42499999999998,0.9908927232807773,0.00015307646378374566,4.382529194866118,-8.348149138859755,68.83779532499439
2027-03-19,0.4791238877481177,160.0,180.7,179.3,182.1,20,257,call,337.1700134277344,0.4928940323683853,180.69999999999905,0.9899257393628598,0.00018380591274046702,4.934677196365716,-8.982267740505772,73.3410625485321
2027-03-19,0.4791238877481177,165.0,175.85,174.45,177.25,5,551,call,337.1700134277344,0.47942498166570374,175.8499999999991,0.9891739478152161,0.0002051326273720535,5.356746733186091,-9.368956602933006,75.54336433063355
2027-03-19,0.4791238877481177,175.0,166.15,164.75,167.55,1,123,call,337.1700134277344,0.4525635804479947,166.15,0.9875558567559752,0.00025339039048587826,6.246193772247495,-10.126780155271087,79.92946956751192
2027-03-19,0.4791238877481177,180.0,161.5,160.25,162.75,215,102,call,337.1700134277344,0.4653494095576819,161.50000000000006,0.9830487886101922,0.000339737011947847,8.611280589994646,-11.53217565052834,81.42929587889907
2027-03-19,0.4791238877481177,190.0,151.8,150.55,153.05,1,29,call,337.1700134277344,0.43580549079874537,151.79999999993277,0.9809963332836287,0.0004062386923047081,9.643167129871552,-12.216858330747908,85.74523121567867
2027-03-19,0.4791238877481177,200.0,141.825,141.1,142.55,1,107,call,337.1700134277344,0.37763286951374503,141.825,0.984317514426251,0.00038700133302728066,7.960272961503523,-11.55066685923289,91.06101621449503
2027-03-19,0.4791238877481177,210.0,132.45,131.3,133.6,3,168,call,337.1700134277344,0.3831266455563454,132.4499999999996,0.9751644182670383,0.0005967103556183737,12.452359279965382,-13.741070146725862,94.07415468921461
2027-03-19,0.4791238877481177,220.0,122.5,121.8,123.2,1,118,call,337.1700134277344,0.3353855091727059,122.49999999999997,0.9776815465239581,0.0006163989233042892,11.260349653420077,-13.271563341698542,99.24806989642146
2027-03-19,0.4791238877481177,230.0,113.4,113.05,113.75,1,396,call,337.1700134277344,0.34893021164070925,113.39999999999938,0.9617393346475225,0.0009676871917499066,18.39159001978915,-16.251739763313513,101.03269340449026
2027-03-19,0.4791238877481177,240.0,103.95,102.95,104.95,1,469,call,337.1700134277344,0.33216961546340573,103.950000000018,0.9525363926186928,0.0012236629062959677,22.139479656503134,-17.581141448454012,104.07371375957743
2027-03-19,0.4791238877481177,250.0,94.6,94.05,95.15,10,1172,call,337.1700134277344,0.3168971158935797,94.5999999999995,0.9404845436656338,0.0015489087911610942,26.73559427034453,-19.048741651266663,106.6065916163061
2027-03-19,0.4791238877481177,260.0,85.9,85.05,86.75,1,2074,call,337.1700134277344,0.31831100773665977,85.89999999914055,0.9161678221488825,0.0020271243244351714,35.146149581187274,-21.9495647764233,106.84669529623507
2027-03-19,0.4791238877481177,270.0,76.92500000000001,76.65,77.2,4,1798,call,337.1700134277344,0.30481537768170536,76.92500000037667,0.8953577783983229,0.0025056504915168154,41.60093344947868,-23.646705403166422,107.78504853892443
2027-03-19,0.4791238877481177,280.0,68.875,68.25,69.5,6,2265,call,337.1700134277344,0.30632523424033775,68.87499999999935,0.860243450306394,0.0030709315559580373,51.23876128050526,-26.65155392934119,105.96940929750147
2027-03-19,0.4791238877481177,290.0,60.5,60.05,60.95,1,2082,call,337.1700134277344,0.294499175031011,60.499999999999986,0.8279844165313566,0.0036733613564628627,58.92416622987255,-28.302951308820532,104.77074728807845
2027-03-19,0.4791238877481177,300.0,52.375,52.15,52.6,31,3733,call,337.1700134277344,0.2820394365947141,52.375000000089976,0.7902036991444296,0.0043421314444221145,66.70501946221931,-29.646083439256003,102.56029725924567
2027-03-19,0.4791238877481177,310.0,45.425,45.0,45.85,130,5019,call,337.1700134277344,0.2807792072123113,45.424999999969174,0.7396655984266229,0.004923907598087509,75.30443395385387,-31.62853190128727,97.72596976557008
2027-03-19,0.4791238877481177,320.0,38.349999999999994,38.15,38.55,3,6252,call,337.1700134277344,0.2711895336033178,38.350000001945766,0.6879822515370383,0.005563633652456892,82.18208589860966,-32.35985983494244,92.76652258096392
2027-03-19,0.4791238877481177,330.0,32.15,31.95,32.35,26,8946,call,337.1700134277344,0.26596015494199976,32.150000000000524,0.6291995062719271,0.006064502628296283,87.85317803203013,-32.86262653946348,86.24096111218364
2027-03-19,0.4791238877481177,340.0,26.625,26.4,26.85,46,5030,call,337.1700134277344,0.2617451605693286,26.624999999997232,0.5666827950126482,0.006420065296835867,91.53007462472891,-32.76157932487334,78.78878297233292
2027-03-19,0.4791238877481177,350.0,21.85,21.75,21.95,267,6922,call,337.1700134277344,0.2590510263286092,21.849999999997436,0.5026399581759409,0.006582506729622274,92.88002840922407,-32.08578013415936,70.7307221172144
2027-03-19,0.4791238877481177,360.0,17.6,17.55,17.65,56,6671,call,337.1700134277344,0.2554427022517504,17.600000000000467,0.43851634134893425,0.006599060233594543,91.81662032969524,-30.640023823802913,62.40807151993871
2027-03-19,0.4791238877481177,370.0,14.075,14.05,14.1,126,6311,call,337.1700134277344,0.25331711531039863,14.07500000181708,0.3769668819548817,0.006413855474373279,88.49717632782115,-28.749544720358358,54.15390147440457
2027-03-19,0.4791238877481177,380.0,11.125,11.05,11.2,53,6184,call,337.1700134277344,0.2514902215059069,11.124999999973921,0.31919727623204786,0.006077925207448888,83.25726983813769,-26.427019760299245,46.23485622128496
2027-03-19,0.4791238877481177,390.0,8.7,8.65,8.75,130,2682,call,337.1700134277344,0.24999145011463073,8.700000000219564,0.26641102081067813,0.005622452656069331,76.55907426815085,-23.823571292376002,38.86931226876745
2027-03-19,0.4791238877481177,400.0,6.725,6.65,6.8,31,5092,call,337.1700134277344,0.24861522261426486,6.725000000000005,0.21915345015838827,0.005086559669022543,68.88070298353168,-21.061332570437806,32.18130062480949
2027-03-19,0.4791238877481177,410.0,5.199999999999999,5.05,5.35,22,2791,call,337.1700134277344,0.24833795065104472,5.199999999948366,0.17888534049262203,0.004505739505099145,60.9473578671955,-18.41452822280105,26.40680414728384
2027-03-19,0.4791238877481177,420.0,4.025,4.0,4.05,12,3976,call,337.1700134277344,0.2488231785721792,4.025000000043677,0.14518878803214225,0.003925215237345506,53.19857757271945,-15.950229543026603,21.526224453947396
2027-03-19,0.4791238877481177,430.0,3.12,2.99,3.25,10,793,call,337.1700134277344,0.24983143556604917,3.120000001046218,0.11735592953809679,0.003374874764922611,45.92513648619565,-13.707408642655896,17.463538833673297
2027-03-19,0.4791238877481177,440.0,2.355,2.27,2.44,72,1647,call,337.1700134277344,0.24946498987780516,2.354999999999821,0.09285903957478468,0.002852820601083056,38.76410645280144,-11.469666275399831,13.87268893512785
2027-03-19,0.4791238877481177,450.0,1.81,1.74,1.88,75,835,call,337.1700134277344,0.25054629037773113,1.8100000003486187,0.07403115109382921,0.0023955738193087105,32.692132134532095,-9.649983357316101,11.092237471334625
2027-03-19,0.4791238877481177,460.0,1.375,1.34,1.41,10,259,call,337.1700134277344,0.25117897362985697,1.374999999737139,0.058361098595806196,0.0019873897134566605,27.19017668228636,-7.998826524796759,8.769218807821847
2027-03-19,0.4791238877481177,470.0,1.07,1.02,1.12,3,281,call,337.1700134277344,0.2531149154706658,1.0699999999999918,0.04666829614640723,0.001651416179401797,22.767743162852245,-6.7125284297871275,7.026423700775861
2027-03-19,0.4791238877481177,480.0,0.8300000000000001,0.79,0.87,20,295,call,337.1700134277344,0.25487058855785494,0.8299999999997222,0.03716466421607114,0.0013638672886351145,18.93378955204847,-5.593416147943009,5.606137736440216
2027-03-19,0.4791238877481177,490.0,0.63,0.59,0.67,5,466,call,337.1700134277344,0.2557036009617711,0.6300000000000899,0.02906971072041624,0.0011102867576265074,15.463853070908641,-4.563530310173975,4.394253475537375
2027-03-19,0.4791238877481177,500.0,0.485,0.44,0.53,20,311,call,337.1700134277344,0.2571427206486318,0.4850000000553996,0.02293876249779782,0.0009055895447489827,12.683857229791611,-3.7492120700210583,3.473295004476311
2027-03-19,0.4791238877481177,510.0,0.36,0.23,0.49,12,67,call,337.1700134277344,0.2572521057550568,0.3599999999999818,0.01756906140114669,0.0007219857073193619,10.116569027271117,-2.9811642186589555,2.6657306420096756
2027-03-19,0.4791238877481177,520.0,0.285,0.16,0.41,2,143,call,337.1700134277344,0.2596515734162928,0.284999999999997,0.014129855242750207,0.000593412183864064,8.392534363096162,-2.4876576136694513,2.146074221321713
2027-03-19,0.4791238877481177,530.0,0.22499999999999998,0.1,0.35,2,33,call,337.1700134277344,0.26182620306042437,0.22499999996735964,0.011332728525218074,0.00048621994282551837,6.934123720739523,-2.066126450351815,1.7229564410248466
2027-03-19,0.4791238877481177,540.0,0.18000000000000002,0.08,0.28,2,233,call,337.1700134277344,0.264295768107546,0.17999999999998711,0.009182149111795407,0.0004009115591538743,5.771444157223822,-1.7308961173849162,1.397099067435777
2027-03-19,0.4791238877481177,550.0,0.145,0.05,0.24,8,57,call,337.1700134277344,0.2668316827074445,0.1450000000031889,0.007479616179218481,0.0003316576694738744,4.820289811244943,-1.455614185939915,1.1388306648218645
2027-03-19,0.4791238877481177,560.0,0.125,0.02,0.23,1,83,call,337.1700134277344,0.27121031413103097,0.12499999999831701,0.0064403158969040695,0.0002859313623026285,4.22390075767986,-1.2930854816631017,0.9805181233455
2027-03-19,0.4791238877481177,570.0,0.135,0.06,0.21,32,1384,call,337.1700134277344,0.2821224106372157,0.13500000008842994,0.0066781935105696645,0.0002838305808608665,4.3615663407506675,-1.3850360183799355,1.0141551108010585
2027-03-19,0.4791238877481177,580.0,0.09,0.05,0.13,2,128,call,337.1700134277344,0.2783843922578844,0.08999999999999929,0.004659027820908309,0.00020892249918803482,3.167931669986218,-0.990960949287739,0.7095271259788434
2027-03-19,0.4791238877481177,590.0,0.085,0.01,0.16,1,7,call,337.1700134277344,0.28471105833370464,0.08500000000000052,0.004334958469912565,0.0001915432924118219,2.970414077368013,-0.9482111812605495,0.6595705707435751
2027-03-19,0.4791238877481177,600.0,0.055,0.03,0.08,49,5951,call,337.1700134277344,0.2804319512728096,0.054999999998226475,0.0029401746892393664,0.00013724486684908667,2.096376653997853,-0.6581755057033148,0.44862225709565157
2027-03-19,0.4791238877481177,5.0,0.105,0.0,0.21,2,3,put,337.1700134277344,2.4551761254104805,0.10500000003891816,-0.00041606827509692247,2.6154519563054756e-06,0.34976400210814734,-0.8838497016112921,-0.11752226020406657
2027-03-19,0.4791238877481177,10.0,0.26,0.0,0.52,0,1,put,337.1700134277344,2.231625566415719,0.2599999999778368,-0.0010868326189769238,6.976598457094051e-06,0.8480291216314995,-1.9435722034875502,-0.30014589876686526
2027-03-19,0.4791238877481177,50.0,0.034999999999999996,0.01,0.06,3,655,put,337.1700134277344,0.9424978989686499,0.03499999999887043,-0.0005051628063805369,8.155174972315763e-06,0.4186579906430038,-0.40174624117929103,-0.09837647169512087
2027-03-19,0.4791238877481177,60.0,0.145,0.0,0.29,1,12,put,337.1700134277344,0.9822406810985463,0.14500000000000013,-0.0017869766824517256,2.4961323292606736e-05,1.3354610714685669,-1.3322930431070585,-0.3581522699603748
2027-03-19,0.4791238877481177,70.0,0.145,0.0,0.29,3,44,put,337.1700134277344,0.8963770375180911,0.14500000000070523,-0.0019770594490921343,2.9984302251310107e-05,1.4639639429190237,-1.32975881688299,-0.38885942005405233
2027-03-19,0.4791238877481177,80.0,0.15,0.0,0.3,2,126,put,337.1700134277344,0.8257273488504218,0.1499999999822439,-0.0022297248599156237,3.630167390168497e-05,1.632709917600605,-1.3628788400441216,-0.4320721784107485
2027-03-19,0.4791238877481177,85.0,0.15,0.0,0.3,1,64,put,337.1700134277344,0.7922944253104264,0.14999999999933591,-0.0023311691321039655,3.938926648827842e-05,1.6998484521409116,-1.3597835850679594,-0.4484601158803593
2027-03-19,0.4791238877481177,90.0,0.155,0.0,0.31,11,7,put,337.1700134277344,0.7636590492942317,0.15499999999999786,-0.0024984614276299592,4.3510888338369365e-05,1.8098524213643312,-1.3936801933152911,-0.47788117123331103
2027-03-19,0.4791238877481177,95.0,0.065,0.01,0.12,2,48,put,337.1700134277344,0.6701002471745647,0.0650000000293212,-0.001292644048928785,2.7231933343823222e-05,0.993948686305374,-0.6707004449140903,-0.2399647966836033
2027-03-19,0.4791238877481177,100.0,0.065,0.01,0.12,2,91,put,337.1700134277344,0.6442764706763174,0.06500000001729239,-0.00134692097747366,2.9408568900257995e-05,1.0320289321923637,-0.6686393364801865,-0.2487330286480003
2027-03-19,0.4791238877481177,105.0,0.065,0.01,0.12,6,34,put,337.1700134277344,0.6197519659525181,0.06499999999844175,-0.0014024788659748647,3.172223266231963e-05,1.0708468653142496,-0.6664330970671605,-0.25770819483224533
2027-03-19,0.4791238877481177,110.0,0.055,0.01,0.1,6,71,put,337.1700134277344,0.5868235956117958,0.05499999999999921,-0.0012721615697813863,3.064555149222261e-05,0.9795367172818884,-0.576356913234147,-0.23186469096222162
2027-03-19,0.4791238877481177,115.0,0.055,0.01,0.1,1,62,put,337.1700134277344,0.5648739115135505,0.054999999999320655,-0.0013231489381348082,3.3001004740961345e-05,1.015370147007381,-0.5742177105320716,-0.2401015069582399
2027-03-19,0.4791238877481177,120.0,0.08499999999999999,0.05,0.12,2,127,put,337.1700134277344,0.5679295322948105,0.08500000000000078,-0.001964579086858049,4.70535869668209e-05,1.4555693399502703,-0.8263795435500958,-0.3580958315996185
2027-03-19,0.4791238877481177,125.0,0.065,0.01,0.12,1,33,put,337.1700134277344,0.5323636838067574,0.06499999999999972,-0.0016401642186022695,4.259767858194393e-05,1.2352079108312386,-0.6562418452331809,-0.29610536216760536
2027-03-19,0.4791238877481177,130.0,0.07,0.01,0.13,15,84,put,337.1700134277344,0.5165476950305161,0.069999999999766,-0.001810798529935537,4.8040334027145374e-05,1.351643489610087,-0.6955931376668391,-0.32606630749975146
2027-03-19,0.4791238877481177,135.0,0.095,0.05,0.14,45,115,put,337.1700134277344,0.5134503617600448,0.09500000000000097,-0.0024117220246162416,6.267857948480953e-05,1.7529249397633164,-0.8951892739347935,-0.4351213163563828
2027-03-19,0.4791238877481177,140.0,0.10500000000000001,0.05,0.16,3,87,put,337.1700134277344,0.4999243808428462,0.10499999992451708,-0.002715794611891367,7.166723969643828e-05,1.9515096611510947,-0.968598004789283,-0.4890343285270558
2027-03-19,0.4791238877481177,145.0,0.14500000000000002,0.1,0.19,36,75,put,337.1700134277344,0.4991300002625229,0.14500000000000163,-0.0036527845546100923,9.372785667035532e-05,2.5481680754660667,-1.2604819480466267,-0.6595664559401473
2027-03-19,0.4791238877481177,150.0,0.15000000000000002,0.1,0.2,1,196,put,337.1700134277344,0.48268969821431756,0.1500000000000091,-0.003896725489904655,0.00010270369310311461,2.7002240504689548,-1.289144808039892,-0.701369808370123
2027-03-19,0.4791238877481177,155.0,0.16999999999999998,0.1,0.24,2,63,put,337.1700134277344,0.4717584345743576,0.16999999999999427,-0.004468293855232118,0.0001187697694039059,3.0519070150320937,-1.4211698156241075,-0.8032869879653449
2027-03-19,0.4791238877481177,160.0,0.185,0.1,0.27,7,97,put,337.1700134277344,0.4589266177896352,0.18499999999998926,-0.004959962441901824,0.0001340048893566912,3.34972845585181,-1.5141831879473484,-0.8899010418863518
2027-03-19,0.4791238877481177,165.0,0.175,0.1,0.25,3,1882,put,337.1700134277344,0.4389179616064233,0.17499999999993282,-0.004930453329964447,0.00013937079849564522,3.3319682346131883,-1.4371119591070542,-0.880342717883781
2027-03-19,0.4791238877481177,170.0,0.25,0.17,0.33,1,497,put,337.1700134277344,0.44157876526644824,0.24999999991372698,-0.006768478791030107,0.00018350253629971652,4.413630403271344,-1.9110925252454263,-1.2132030522515254
2027-03-19,0.4791238877481177,175.0,0.28500000000000003,0.17,0.4,36,1560,put,337.1700134277344,0.4322707881987235,0.2849999999957306,-0.007779549798466274,0.00021193581796854596,4.99006219793725,-2.1100337395593085,-1.3933070752939305
2027-03-19,0.4791238877481177,180.0,0.29,0.21,0.37,1,733,put,337.1700134277344,0.4168095995724312,0.2899999999997406,-0.008191688434600925,0.00023000259215126372,5.22175094252304,-2.12336248290492,-1.4622821284346104
2027-03-19,0.4791238877481177,185.0,0.33999999999999997,0.31,0.37,15,598,put,337.1700134277344,0.4095544481476937,0.3400000000710579,-0.009614345123759496,0.0002693381837935832,6.0083508517304205,-2.3943449655644145,-1.7160631157998245
2027-03-19,0.4791238877481177,190.0,0.385,0.35,0.42,37,995,put,337.1700134277344,0.40059144955133336,0.38500000000000467,-0.010981912402936875,0.00030922224086143204,6.747114943633652,-2.6224649709671812,-1.9585489983930893
2027-03-19,0.4791238877481177,195.0,0.42500000000000004,0.39,0.46,31,1004,put,337.1700134277344,0.3903886066941904,0.42500000013250877,-0.012301582085299164,0.0003501541860489429,7.445642291052765,-2.8117269458020315,-2.1909015865233696
2027-03-19,0.4791238877481177,200.0,0.515,0.5,0.53,87,2608,put,337.1700134277344,0.38579239273474353,0.5149999999999915,-0.014764277054088476,0.0004147757062515479,8.715908889441133,-3.2427992080033867,-2.6318617692022284
2027-03-19,0.4791238877481177,210.0,0.675,0.65,0.7,7,2055,put,337.1700134277344,0.3706818899926949,0.6750000000000039,-0.01949711729751812,0.0005475060753389629,11.054421547279157,-3.9248958978925392,-3.4730939840550388
2027-03-19,0.4791238877481177,220.0,0.905,0.89,0.92,18,2569,put,337.1700134277344,0.35780768821866976,0.9049999999999684,-0.02609099054178874,0.0007250841999692876,14.13135544307958,-4.806392386589626,-4.648507694676549
2027-03-19,0.4791238877481177,230.0,1.22,1.19,1.25,187,3564,put,337.1700134277344,0.34619438392534807,1.2199999999997848,-0.03490767647224096,0.0009538727038939821,17.986892953858277,-5.868667481722677,-6.2237338955601595
2027-03-19,0.4791238877481177,240.0,1.635,1.6,1.67,6,6570,put,337.1700134277344,0.33511726042765727,1.6350000000008296,-0.046304575185310205,0.0012395116913328276,22.625236890434483,-7.076414971014862,-8.263696075221207
2027-03-19,0.4791238877481177,250.0,2.19,2.15,2.23,23,10312,put,337.1700134277344,0.3249710728316504,2.189999999997618,-0.0610859392767581,0.0015920076517106612,28.17964810056477,-8.45188424873247,-10.91748314601748
2027-03-19,0.4791238877481177,260.0,2.875,2.8,2.95,37,5925,put,337.1700134277344,0.31421171910510404,2.874999999997881,-0.0791550381522768,0.0020099030528070217,34.39879260969424,-9.846012857339462,-14.16467740839953
2027-03-19,0.4791238877481177,270.0,3.85,3.75,3.95,31,6948,put,337.1700134277344,0.30620992416425635,3.85000000013162,-0.103109328193199,0.0025094602826895994,41.854802691477225,-11.501994964804677,-18.5015479124504
2027-03-19,0.4791238877481177,280.0,5.125,5.1,5.15,498,8855,put,337.1700134277344,0.2990977658853909,5.124999999965107,-0.13274306110242043,0.0030722346018862436,50.05105726413416,-13.20247061392214,-23.89964803970892
2027-03-19,0.4791238877481177,290.0,6.725,6.65,6.8,381,9638,put,337.1700134277344,0.29211064417098986,6.724999999999982,-0.16807691955580178,0.003681694253727677,58.57884611025415,-14.780468300184598,-30.37429709545882
2027-03-19,0.4791238877481177,300.0,8.825,8.6,9.05,220,8128,put,337.1700134277344,0.28704563130492633,8.82499999850407,-0.21049141635283777,0.004303661669257576,67.28755908037463,-16.281812687571435,-38.23235836661824
2027-03-19,0.4791238877481177,310.0,11.375,11.3,11.45,643,7325,put,337.1700134277344,0.28192249772287786,11.374999999968422,-0.2585348092963595,0.004909771090254566,75.39398334617186,-17.394338259513127,-47.215352214490814
2027-03-19,0.4791238877481177,320.0,14.4,14.15,14.65,267,6108,put,337.1700134277344,0.27649785317506526,14.400000001520683,-0.311691627650537,0.005472573418920752,82.41932831354399,-17.974039113628034,-57.25198439235814
2027-03-19,0.4791238877481177,330.0,18.200000000000003,18.05,18.35,370,14126,put,337.1700134277344,0.2737815711236694,18.2000000000003,-0.36998890813898927,0.005899457850131828,87.97555686899013,-18.182991437615982,-68.49035974519867
2027-03-19,0.4791238877481177,340.0,22.625,22.45,22.8,255,1476,put,337.1700134277344,0.27145120656050925,22.62499999999584,-0.4307401327698294,0.006190009240533166,91.52269168565745,-17.756138759679477,-80.42461289863404
2027-03-19,0.4791238877481177,350.0,27.75,27.5,28.0,3,1294,put,337.1700134277344,0.2702390701816435,27.749999999996124,-0.4921080681281505,0.0063093875301863155,92.8711988115203,-16.75585110672571,-92.79388005274654
2027-03-19,0.4791238877481177,360.0,33.6,33.35,33.85,37,211,put,337.1700134277344,0.2705589493493804,33.60000000000016,-0.5517371101653501,0.00624698979806277,92.06157721305571,-15.283162367444952,-105.22960040391611
2027-03-19,0.4791238877481177,370.0,40.05,39.65,40.45,11,116,put,337.1700134277344,0.2714810213101892,40.05000000073023,-0.6080782030231863,0.006043128679084959,89.36079562134324,-13.352907140800054,-117.42163936715906
2027-03-19,0.4791238877481177,380.0,47.675,46.85,48.5,142,51,put,337.1700134277344,0.28036364140208203,47.67499999996799,-0.6540992282513589,0.005613261078259411,85.72009520449082,-11.967119388242494,-128.50948110936656
2027-03-19,0.4791238877481177,390.0,55.45,54.9,56.0,17,37,put,337.1700134277344,0.2865918119875692,55.44999999999229,-0.6963234812819099,0.005201438413174867,81.19568490052472,-10.075665326826396,-139.05583728521725
2027-03-19,0.4791238877481177,400.0,64.25,63.45,65.05,6,22,put,337.1700134277344,0.30191905978087785,64.25000000166257,-0.7250452351515674,0.00470889704142462,77.43823320321358,-9.259283422436589,-147.91201791334836
2027-03-19,0.4791238877481177,410.0,73.1,72.4,73.8,2,11,put,337.1700134277344,0.31529529736230255,73.09999999999877,-0.7504569722158165,0.0042874063953295925,73.6305179071755,-8.207066070725066,-156.25743407204638
2027-03-19,0.4791238877481177,440.0,102.375,100.9,103.85,4,0,put,337.1700134277344,0.38339717545183655,102.37500000000126,-0.7815118731266064,0.0032717918008450366,68.32510052029531,-9.263043768560571,-175.3005873574422
2027-03-19,0.4791238877481177,450.0,122.475,120.55,124.4,2,0,put,337.1700134277344,0.5421613372309044,122.47499999999951,-0.6968909708094335,0.0027472017514049616,81.1268865308592,-28.130530534007274,-171.26079164259966
2027-03-19,0.4791238877481177,600.0,262.35,260.8,263.9,0,0,put,337.1700134277344,0.7072971904972762,262.34999999999997,-0.810098973329104,0.0016291016518322442,62.76186314836247,-19.310159451446033,-256.5665689258162
2027-04-16,0.5557837097878165,195.0,147.95,146.45,149.45,22,11,call,337.1700134277344,0.4221839375621948,147.9500000000303,0.9735473105465825,0.0005259383914158982,14.029438176543547,-13.243210873210648,100.20833629899414
2027-04-16,0.5557837097878165,200.0,143.675,142.35,145.0,2,3,call,337.1700134277344,0.44091356194453296,143.67499999999748,0.9640187884846948,0.0006673530211520244,18.591429669650964,-15.361523539594417,100.79872759799859
2027-04-16,0.5557837097878165,210.0,133.025,132.3,133.75,1,2,call,337.1700134277344,0.3481052110907861,133.025,0.9774383716103072,0.0005480992597993148,12.055172800579582,-12.543965832117351,109.23256811161646
2027-04-16,0.5557837097878165,215.0,128.85000000000002,127.65,130.05,4,5,call,337.1700134277344,0.37750588256268014,128.84999999999997,0.9640113048079608,0.0007795894676817509,18.594880272587567,-15.087779363152674,109.0368187024705
2027-04-16,0.5557837097878165,220.0,123.675,123.0,124.35,0,2,call,337.1700134277344,0.34403828134445796,123.67499999999937,0.968386030506895,0.0007610818661240573,16.544050367556498,-14.238245196237866,112.73279500226114
2027-04-16,0.5557837097878165,225.0,118.975,118.15,119.8,2,3,call,337.1700134277344,0.3380672600230393,118.97499999999913,0.9641947655236485,0.0008665729100243247,18.510234551155097,-14.928629867526148,114.55956220076061
2027-04-16,0.5557837097878165,230.0,114.775,113.9,115.65,1,18,call,337.1700134277344,0.35355637027306175,114.77499999999993,0.9512820587389652,0.0010839073769507367,24.213330973288738,-17.014163478117254,114.47409516022367
2027-04-16,0.5557837097878165,235.0,109.82499999999999,108.85,110.8,2,17,call,337.1700134277344,0.3342619127553388,109.82499999999865,0.9509065851488248,0.0011539909933028316,24.37210345937923,-16.897889408233123,117.15486317557776
2027-04-16,0.5557837097878165,240.0,105.44999999999999,104.35,106.55,12,14,call,337.1700134277344,0.33706791715145396,105.4499999999941,0.9408572258140093,0.0013378640686049434,28.49266730675394,-18.278153844431305,117.70323127349255
2027-04-16,0.5557837097878165,245.0,100.5,99.65,101.35,10,28,call,337.1700134277344,0.31838968792520667,100.50000000000027,0.9399171469351931,0.0014349146461829162,28.86614318305831,-18.15348861395549,120.27819587071487
2027-04-16,0.5557837097878165,250.0,96.2,95.75,96.65,20,69,call,337.1700134277344,0.320850625815247,96.2,0.9282032450510272,0.0016458251886255014,33.364935928827094,-19.55427983583974,120.47295556823232
2027-04-16,0.5557837097878165,255.0,91.55000000000001,90.65,92.45,15,46,call,337.1700134277344,0.3112161733084144,91.5499999999999,0.9217765848547971,0.0018165557164263703,35.72025750065794,-20.066972828464102,121.8530348228644
2027-04-16,0.5557837097878165,260.0,87.1,86.7,87.5,411,449,call,337.1700134277344,0.3063791109202238,87.1,0.9119471375048732,0.0020241009187860737,39.182759031813106,-20.94266469757937,122.48429679773885
2027-04-16,0.5557837097878165,265.0,82.975,82.25,83.7,1,7,call,337.1700134277344,0.30796083544361624,82.9750000000047,0.8972445410638209,0.002265101811478736,44.07445150113408,-22.3343444745363,122.0217321110592
2027-04-16,0.5557837097878165,270.0,78.725,78.3,79.15,2,48,call,337.1700134277344,0.30477423527455627,78.72499999999981,0.8841712103412732,0.002501059191175321,48.16215599864101,-23.342446620461633,121.9339543579089
2027-04-16,0.5557837097878165,275.0,74.375,74.05,74.7,24,44,call,337.1700134277344,0.2983381973735687,74.37499999997596,0.8719932602746645,0.0027462797494670088,51.767517093535304,-24.06470296873909,122.06954358103351
2027-04-16,0.5557837097878165,280.0,70.65,69.85,71.45,6,261,call,337.1700134277344,0.30212760790421467,70.6500000000014,0.8521337830114727,0.0029997421287060485,57.26351916782747,-25.611029140149295,120.41829894379521
2027-04-16,0.5557837097878165,285.0,66.125,65.7,66.55,2,2182,call,337.1700134277344,0.290491344042085,66.12500000000001,0.8408544409405574,0.0032792582210349397,60.1883602493464,-25.833216569979058,120.81954370422355
2027-04-16,0.5557837097878165,290.0,62.675,61.95,63.4,7,105,call,337.1700134277344,0.2951639713812805,62.67499999840432,0.8179273760922217,0.003524384361437925,65.72798376992296,-27.369004814191726,118.44061226406268
2027-04-16,0.5557837097878165,295.0,58.5,57.7,59.3,20,32,call,337.1700134277344,0.2871326685321561,58.49999999999994,0.80172491184546,0.003821799050613261,69.33526107055732,-27.78496612009135,117.7247711330142
2027-04-16,0.5557837097878165,300.0,54.675,54.3,55.05,4,121,call,337.1700134277344,0.28308964602002007,54.674999999979846,0.7817112124140426,0.004107087501015388,73.46181272542573,-28.462532189580084,116.10020461933883
2027-04-16,0.5557837097878165,305.0,51.125,50.1,52.15,1,17,call,337.1700134277344,0.2813690728904888,51.12499999978797,0.7590674963245132,0.004371488607659156,77.71581580544999,-29.247310761480012,113.82994929359752
2027-04-16,0.5557837097878165,310.0,47.349999999999994,47.05,47.65,4,85,call,337.1700134277344,0.27543125336035823,47.349999999764385,0.7374292824042032,0.004676902059934308,81.3907768112221,-29.592648921493524,111.87316997465973
2027-04-16,0.5557837097878165,315.0,43.825,43.3,44.35,60,158,call,337.1700134277344,0.27134621686815225,43.82499999999979,0.713419659741192,0.0049603610505396835,85.04342833055266,-29.983438978221503,109.33305790464934
2027-04-16,0.5557837097878165,320.0,40.8,40.5,41.1,3,112,call,337.1700134277344,0.27164192919073377,40.79999999918481,0.6864049848212561,0.005164608261091988,88.64166223916675,-30.608505359716606,105.95192641703481
2027-04-16,0.5557837097878165,325.0,37.925,37.3,38.55,1,183,call,337.1700134277344,0.2719893104854876,37.92500000009779,0.6588211133811047,0.005340554943324317,91.77870452597136,-31.109762920933896,102.38076358645337
2027-04-16,0.5557837097878165,330.0,34.8,34.35,35.25,7,158,call,337.1700134277344,0.26814518228451517,34.800000000000885,0.6316635112646198,0.005569187483572584,94.35513420104061,-31.139983319640802,99.02842682739185
2027-04-16,0.5557837097878165,335.0,31.7,31.15,32.25,1,1003,call,337.1700134277344,0.2632458907269268,31.699999999999992,0.603571112777012,0.005801816166520718,96.5004334752527,-30.941814687345072,95.48702061744667
2027-04-16,0.5557837097878165,340.0,29.075000000000003,28.85,29.3,6,1665,call,337.1700134277344,0.26188185141941434,29.075000000000045,0.5743150947364144,0.005933854098825306,98.1851857471802,-30.885959310045884,91.46356228724858
2027-04-16,0.5557837097878165,345.0,26.825000000000003,26.55,27.1,5,359,call,337.1700134277344,0.26286404480319286,26.824999999999992,0.5450409686303682,0.0059799727625222425,99.31940106738396,-30.886409509076454,87.22829173029054
2027-04-16,0.5557837097878165,350.0,24.375,24.2,24.55,12,1052,call,337.1700134277344,0.2603988430236516,24.37499999999919,0.5153606142076672,0.006072635696458563,99.91253501911982,-30.454589408273453,83.02805332824819
2027-04-16,0.5557837097878165,355.0,22.125,21.9,22.35,1,278,call,337.1700134277344,0.25854101864703577,22.12500000063436,0.485657410072082,0.006118451834679533,99.94813642214997,-29.934409190924995,78.71237629391813
2027-04-16,0.5557837097878165,360.0,20.0,19.9,20.1,11,1598,call,337.1700134277344,0.25654418861809264,20.000000000000075,0.455948783384815,0.006133837684639774,99.42558623576757,-29.26607528054689,74.32621014508443
2027-04-16,0.5557837097878165,365.0,18.049999999999997,17.9,18.2,2,301,call,337.1700134277344,0.25492754077843355,18.050000000011913,0.4266380876367352,0.006106588360539595,98.36013175860535,-28.506101143139897,69.9173515582794
2027-04-16,0.5557837097878165,370.0,16.299999999999997,16.2,16.4,12,418,call,337.1700134277344,0.2539880636327457,16.300000000666355,0.39819847151733656,0.006031874121971206,96.79864468047809,-27.69865493679053,65.56057097744196
2027-04-16,0.5557837097878165,375.0,14.7,14.55,14.85,9,214,call,337.1700134277344,0.253275067837191,14.699999999999996,0.3706202007153757,0.005922717555940091,94.78009998451617,-26.815100490818907,61.281833441516625
2027-04-16,0.5557837097878165,380.0,13.275,13.0,13.55,2,465,call,337.1700134277344,0.25312691682323535,13.274999999999478,0.34436662627424075,0.005776577928058209,92.38738305884065,-25.908229835288278,57.15407337715215
2027-04-16,0.5557837097878165,385.0,11.825,11.6,12.05,2,168,call,337.1700134277344,0.25142176953269496,11.824999999755766,0.3176903210113247,0.005632293283770912,89.47296710545331,-24.75242160648633,52.96099085476591
2027-04-16,0.5557837097878165,390.0,10.7,10.5,10.9,10,207,call,337.1700134277344,0.2521111564605717,10.699999999894063,0.2942835842094738,0.005430393836683904,86.50218786951133,-23.814925555620796,49.199974833768465
2027-04-16,0.5557837097878165,395.0,9.425,9.3,9.55,2,858,call,337.1700134277344,0.2498256041710049,9.424999999998498,0.26899921309987634,0.0052482412178369115,82.84273603810301,-22.4729680089435,45.170469715170896
2027-04-16,0.5557837097878165,400.0,8.425,8.25,8.6,7,594,call,337.1700134277344,0.2495990912020029,8.425000000000013,0.24696349054623878,0.005025592106460548,79.25632601453135,-21.347139320954458,41.596900027373024
2027-04-16,0.5557837097878165,405.0,7.475,7.3,7.65,4,200,call,337.1700134277344,0.24883012231761134,7.474999999921295,0.22553369726281192,0.004795657600945869,75.39713104013927,-20.131936759949493,38.109088421961076
2027-04-16,0.5557837097878165,410.0,6.6,6.45,6.75,2,123,call,337.1700134277344,0.24786468551722282,6.600000000000025,0.20508193406883998,0.00455624386009331,71.35514866685016,-18.8805239099964,34.76286961847126
2027-04-16,0.5557837097878165,420.0,5.25,5.1,5.4,1,311,call,337.1700134277344,0.24832683540392908,5.24999999978626,0.17060900257147818,0.004059263052399832,63.69048406308593,-16.711520851915168,29.053170860207192
2027-04-16,0.5557837097878165,430.0,4.1,4.0,4.2,2,184,call,337.1700134277344,0.2478089287815793,4.100000000045871,0.13976428904742874,0.0035659628144846514,55.83383517918942,-14.492066435218673,23.912220190562806
2027-04-16,0.5557837097878165,440.0,3.325,3.2,3.45,8,263,call,337.1700134277344,0.250314919962618,3.3250000000098403,0.11666750295090836,0.0031140872733126748,49.25169890743993,-12.802977332245096,20.014762650007444
2027-04-16,0.5557837097878165,450.0,2.575,2.5,2.65,5,91,call,337.1700134277344,0.2499041699663307,2.5749999999883197,0.09432157528022186,0.0026745308410318336,42.230362851198855,-10.884330832188244,16.244116580876486
2027-04-16,0.5557837097878165,460.0,2.0149999999999997,1.96,2.07,4,154,call,337.1700134277344,0.25043919894878736,2.015000000002116,0.07649630681168947,0.002281225920112314,36.09726546274471,-9.264046775835112,13.21501421316376
2027-04-16,0.5557837097878165,470.0,1.585,1.53,1.64,26,85,call,337.1700134277344,0.2514112654389157,1.584999999936668,0.06208895860985098,0.0019349130742272983,30.736180145045044,-7.872677472071978,10.754156349560434
2027-04-16,0.5557837097878165,480.0,1.2650000000000001,1.2,1.33,52,62,call,337.1700134277344,0.2531571794335752,1.265000000000001,0.05080744098329325,0.0016406443364698233,26.242692508846176,-6.73194969677924,8.817922925089276
2027-04-16,0.5557837097878165,195.0,0.5549999999999999,0.54,0.57,50,98,put,337.1700134277344,0.37949711736750374,0.554999999981891,-0.014914642469431132,0.0003949026344981277,9.468958478729567,-2.9619746062354633,-3.10336851728673
2027-04-16,0.5557837097878165,200.0,0.635,0.61,0.66,353,301,put,337.1700134277344,0.37238096517951547,0.6350000000000005,-0.0171167703515927,0.00045287016297301835,10.655280364365895,-3.2588997219463387,-3.5604958875429134
2027-04-16,0.5557837097878165,210.0,0.8400000000000001,0.8,0.88,20,414,put,337.1700134277344,0.359445616854113,0.8399999999972089,-0.02266261308150365,0.0005953681045560836,13.521424780064285,-3.9611041663721154,-4.713686987187009
2027-04-16,0.5557837097878165,215.0,0.985,0.96,1.01,3,85,put,337.1700134277344,0.35454759350306764,0.9850000000602667,-0.026397826009210004,0.000686043563565846,15.368445305823109,-4.422515992169773,-5.494230625762809
2027-04-16,0.5557837097878165,220.0,1.145,1.12,1.17,33,40,put,337.1700134277344,0.34936613499917624,1.1450000000000018,-0.030522870456092054,0.0007856085366559709,17.34166127339178,-4.895819822386332,-6.356162952036446
2027-04-16,0.5557837097878165,225.0,1.31,1.28,1.34,20,42,put,337.1700134277344,0.34337048072839216,1.3099999999944107,-0.03487113290686973,0.0008921036215517199,19.35450010497712,-5.344942256423002,-7.2627038224233536
2027-04-16,0.5557837097878165,230.0,1.5150000000000001,1.48,1.55,9,88,put,337.1700134277344,0.3383329133265874,1.5149999998517738,-0.04008711046636268,0.0010145426052544332,21.687936745179115,-5.872186316452725,-8.354080299896216
2027-04-16,0.5557837097878165,235.0,1.7349999999999999,1.71,1.76,1,162,put,337.1700134277344,0.3328462283749407,1.734999999994987,-0.04573095944802703,0.0011470807371531239,24.123556004203262,-6.391452433868197,-9.53397389969428
2027-04-16,0.5557837097878165,240.0,2.04,1.97,2.11,21,249,put,337.1700134277344,0.3295474831713887,2.039999999999404,-0.052994097967545534,0.0013032424613664648,27.13606809372542,-7.079271729657616,-11.064553612132519
2027-04-16,0.5557837097878165,245.0,2.3049999999999997,2.27,2.34,19,266,put,337.1700134277344,0.32353151263082,2.3050000000000037,-0.05978931719512243,0.0014598860750598983,29.84277840586316,-7.596199253065052,-12.485216895133316
2027-04-16,0.5557837097878165,250.0,2.635,2.61,2.66,29,181,put,337.1700134277344,0.3186207159849084,2.634999999999164,-0.06787412758762583,0.0016360513104275067,32.93628629221746,-8.202746862542377,-14.183667251343705
2027-04-16,0.5557837097878165,255.0,3.045,2.99,3.1,76,132,put,337.1700134277344,0.3148529792346016,3.0450000001309427,-0.07744029233495973,0.0018315127263864358,36.43522431206514,-8.905635572657266,-16.20417663115967
2027-04-16,0.5557837097878165,260.0,3.45,3.35,3.55,187,2722,put,337.1700134277344,0.30970323697912666,3.449999999761398,-0.08719989400577567,0.002036022938598128,39.84117250091783,-9.506380265249689,-18.25815593378485
2027-04-16,0.5557837097878165,265.0,3.9749999999999996,3.9,4.05,85,221,put,337.1700134277344,0.3062866170984669,3.975000000004513,-0.09897665802565495,0.00226075694213072,43.7507592349238,-10.242764864428395,-20.756832598099965
2027-04-16,0.5557837097878165,270.0,4.575,4.5,4.65,103,488,put,337.1700134277344,0.30314150403162704,4.574999999999457,-0.11204334717667,0.002498466357158416,47.85448057700418,-10.994849154682548,-23.538916755715952
2027-04-16,0.5557837097878165,275.0,5.15,5.05,5.25,31,356,put,337.1700134277344,0.2981787763346939,5.149999999973681,-0.12512983656461535,0.0027461884606256536,51.73813454278061,-11.580721197165404,-26.310816758272622
2027-04-16,0.5557837097878165,280.0,5.925,5.8,6.05,2,233,put,337.1700134277344,0.29572605227770793,5.925000000041982,-0.14102187900700366,0.0030063795950920637,56.17422645548879,-12.348480756497102,-29.71961619220496
2027-04-16,0.5557837097878165,285.0,6.75,6.65,6.85,7,442,put,337.1700134277344,0.2926782450703568,6.750000000000012,-0.1577886685425945,0.0032741232999087704,60.54651805056328,-13.030609586085653,-33.32012681923049
2027-04-16,0.5557837097878165,290.0,7.725,7.65,7.8,7,355,put,337.1700134277344,0.2906097769586042,7.724999999999951,-0.17645249292442994,0.0035437214823148206,65.06890558003533,-13.746547304545075,-37.35949719360301
2027-04-16,0.5557837097878165,295.0,8.774999999999999,8.6,8.95,103,711,put,337.1700134277344,0.2881742196555379,8.774999999999906,-0.19614010006401084,0.003815538100460599,69.4727707822214,-14.371400820116659,-41.63240168371477
2027-04-16,0.5557837097878165,300.0,9.825,9.65,10.0,108,814,put,337.1700134277344,0.2843464956825209,9.824999999975681,-0.21625579291388053,0.004097074559130164,73.6080728425452,-14.80880148560856,-45.985526696554544
2027-04-16,0.5557837097878165,305.0,11.175,11.0,11.35,101,686,put,337.1700134277344,0.283137112731565,11.174999999774904,-0.2391232174363964,0.004353805856899663,77.88782171046078,-15.377208460301215,-51.02104372905848
2027-04-16,0.5557837097878165,310.0,12.575,12.4,12.75,4,680,put,337.1700134277344,0.2810389578200237,12.574999999778264,-0.2626095338578683,0.0046089711991609515,81.84162056224535,-15.775527701911797,-56.20032632867356
2027-04-16,0.5557837097878165,315.0,14.1,13.95,14.25,1,417,put,337.1700134277344,0.279000670997831,14.099999999999886,-0.2871944790544486,0.004851540589824455,85.52412049574016,-16.071040972659766,-61.65495789434463
2027-04-16,0.5557837097878165,320.0,15.7,15.35,16.05,1,335,put,337.1700134277344,0.27640769438247204,15.699999998354405,-0.3125658222795106,0.005087838888696379,88.8560858852117,-16.204665690060533,-67.2986391955037
2027-04-16,0.5557837097878165,325.0,17.55,17.3,17.8,26,157,put,337.1700134277344,0.2751811943926742,17.550000000079987,-0.3392948824502312,0.005283929408270654,91.87121458922388,-16.322414265306758,-73.33569389342246
2027-04-16,0.5557837097878165,330.0,19.525,19.2,19.85,5,212,put,337.1700134277344,0.2738466467912203,19.5250000000006,-0.3666474883560218,0.0054585937249224,94.44781143498619,-16.299532215951718,-79.5590700346772
2027-04-16,0.5557837097878165,335.0,21.825,21.45,22.2,12,149,put,337.1700134277344,0.2744682135834887,21.82500000000001,-0.39469847358309645,0.005568615998589,96.57017673213807,-16.3005183494958,-86.09394769746076
2027-04-16,0.5557837097878165,340.0,23.975,23.6,24.35,22,241,put,337.1700134277344,0.27210256340395944,23.97499999998933,-0.42279840425215387,0.0057106546039795624,98.17981887753655,-15.920299990688013,-92.55462986639091
2027-04-16,0.5557837097878165,345.0,26.450000000000003,26.05,26.85,5,144,put,337.1700134277344,0.2716616295570858,26.450000000000017,-0.4511313251200564,0.005784491595102054,99.28809899428386,-15.56249294612855,-99.23960261334814
2027-04-16,0.5557837097878165,350.0,29.1,28.65,29.55,47,27,put,337.1700134277344,0.2715979271386613,29.099999999999337,-0.47930470539774145,0.005820536723573832,99.88336948227095,-15.105837443476894,-105.99194062382263
2027-04-16,0.5557837097878165,355.0,31.925,31.4,32.45,2,2,put,337.1700134277344,0.2719347921350062,31.924999998483685,-0.5070563622640369,0.005818871075096104,99.97863676616032,-14.560551498026246,-112.76251251402721
2027-04-16,0.5557837097878165,360.0,34.900000000000006,34.45,35.35,0,63,put,337.1700134277344,0.2724615082718468,34.90000000000005,-0.5342303024458187,0.0057856344218930825,99.60011606579906,-13.917682968327124,-119.50819155257865
2027-04-16,0.5557837097878165,375.0,44.724999999999994,43.9,45.55,2,5,put,337.1700134277344,0.27574599964096913,44.724999998809245,-0.610374281573975,0.005511734455302737,96.02873466749641,-11.572981984339016,-139.23766093565825
2027-04-16,0.5557837097878165,380.0,48.925,47.85,50.0,2,5,put,337.1700134277344,0.2842751187039977,48.92499999999996,-0.6284643181001884,0.005268261741442035,94.62587165392536,-11.435671981014863,-144.96190960234514
2027-04-16,0.5557837097878165,385.0,52.55,51.8,53.3,3,3,put,337.1700134277344,0.2858095562653036,52.54999999999929,-0.6502337487244488,0.005130428462451081,92.64758040610029,-10.513186924486702,-151.05607754437594
2027-04-16,0.5557837097878165,390.0,56.275,55.55,57.0,2,4,put,337.1700134277344,0.28743472537272696,56.27499999969222,-0.6709266741171901,0.004981380105218001,90.4675056804043,-9.552585105352302,-157.00409366550173
2027-04-16,0.5557837097878165,395.0,60.1,59.1,61.1,4,5,put,337.1700134277344,0.2892247840286426,60.099999999759376,-0.690463120286264,0.004822902165744742,88.13484750494791,-8.572420177002064,-162.79097135173438
2027-04-16,0.5557837097878165,400.0,64.67500000000001,63.95,65.4,2,3,put,337.1700134277344,0.298804334397579,64.67499999988279,-0.7020488598478678,0.004588187841983645,86.62271318219645,-8.495508638229449,-167.5047752795289
2027-04-16,0.5557837097878165,410.0,73.44999999999999,72.55,74.35,1,41,put,337.1700134277344,0.3119998955479296,73.44999999999919,-0.7269833016236614,0.004212079847922506,83.03376753724422,-7.647838202449106,-177.05433216358145
2027-06-17,0.7255304585900069,40.0,298.45,296.65,300.25,1,3,call,337.1700134277344,1.2847517641933845,298.44999999999254,0.9906468531531736,4.423339993975701e-05,4.687303563536529,-4.365019626857732,25.80451577453402
2027-06-17,0.7255304585900069,50.0,288.725,286.85,290.6,1,10,call,337.1700134277344,1.1277237328076095,288.725,0.9902516072241905,5.34619099345342e-05,4.972796944394095,-4.5886840118815355,32.7636116132052
2027-06-17,0.7255304585900069,55.0,284.0,282.35,285.65,1,73,call,337.1700134277344,1.0873687877523694,283.99999999999557,0.9894269952015026,6.199597663599238e-05,5.560244694909497,-5.127677217253866,35.9900205703829
2027-06-17,0.7255304585900069,90.0,250.225,248.35,252.1,1,30,call,337.1700134277344,0.787827240770392,250.22499999999997,0.9871667870559917,0.00010959135130829295,7.1213250786170565,-6.580935321909231,59.94190361253053
2027-06-17,0.7255304585900069,95.0,245.39999999999998,243.7,247.1,1,100,call,337.1700134277344,0.7557682962471951,245.39999999999998,0.9868662489730428,0.00011749347703512002,7.324128609462512,-6.780089585959447,63.36906831120864
2027-06-17,0.7255304585900069,100.0,240.525,238.75,242.3,5,165,call,337.1700134277344,0.7187105382894294,240.525,0.9869848799872394,0.00012220327444397878,7.244199328245099,-6.81374910826233,66.9350496595239
2027-06-17,0.7255304585900069,115.0,226.275,224.5,228.05,1,0,call,337.1700134277344,0.6638323782986041,226.27499999999995,0.9840921808054944,0.00016713535926436468,9.151247605949306,-8.120650193155619,76.56622604058593
2027-06-17,0.7255304585900069,125.0,216.325,214.9,217.75,1,241,call,337.1700134277344,0.5795023979566198,216.32500000000104,0.9864483142440963,0.00015909626295625983,7.604466512077901,-7.536567896487721,84.36162822793544
2027-06-17,0.7255304585900069,135.0,206.72500000000002,205.3,208.15,1,195,call,337.1700134277344,0.541755116745512,206.72500000000326,0.9854002119023526,0.0001857315138566362,8.299313235642472,-8.090007637686481,91.07032637887309
2027-06-17,0.7255304585900069,140.0,202.175,200.5,203.85,1,0,call,337.1700134277344,0.5499852858330457,202.17500000015312,0.9819790643647079,0.00023136512457548204,10.495484738887606,-9.155260765124236,93.53458451505577
2027-06-17,0.7255304585900069,145.0,197.125,195.7,198.55,1,176,call,337.1700134277344,0.5065747880852844,197.1250000000003,0.98426577036595,0.0002163358122035054,9.039106964543127,-8.637501277751097,97.75790362175985
2027-06-17,0.7255304585900069,150.0,192.375,190.95,193.8,1,1453,call,337.1700134277344,0.4950181107800532,192.375,0.9830248269520008,0.000240877495254173,9.834920432748964,-9.06866309095274,100.90060489349386
2027-06-17,0.7255304585900069,155.0,187.575,186.15,189.0,1,141,call,337.1700134277344,0.4785662263702869,187.57499999999374,0.9823756725492824,0.00025957270297127013,10.246005894846505,-9.336628179899659,104.22435032635119
2027-06-17,0.7255304585900069,160.0,183.15,181.4,184.9,4,319,call,337.1700134277344,0.4936300158022624,183.15,0.9770298783931074,0.00033188822362276865,13.512849445846197,-10.702335182315222,106.12709640665834
2027-06-17,0.7255304585900069,165.0,177.925,176.4,179.45,2,200,call,337.1700134277344,0.442480950186198,177.92499999999933,0.9816908894972192,0.00029252270268582617,10.675978516572423,-9.713309997415413,111.05820274967988
2027-06-17,0.7255304585900069,170.0,173.475,172.25,174.7,4,267,call,337.1700134277344,0.45544745234697004,173.47500000000014,0.9762175659354962,0.00037248885467680527,13.992815103217197,-10.997040353225012,112.94788994096714
2027-06-17,0.7255304585900069,175.0,168.52499999999998,167.1,169.95,2,438,call,337.1700134277344,0.4290705046231769,168.52499999985957,0.9773345758393605,0.00037670905707107023,13.331783696427152,-10.827647800573631,116.81251662070082
2027-06-17,0.7255304585900069,180.0,164.0,162.65,165.35,195,1099,call,337.1700134277344,0.4326756897077474,164.00000000000003,0.9727120519372522,0.00044892572562029706,16.021033322639845,-11.827661557532862,118.96474726200036
2027-06-17,0.7255304585900069,185.0,159.15,157.4,160.9,12,177,call,337.1700134277344,0.41450773639551675,159.14999999999998,0.9723439812593877,0.0004747194321546841,16.230174377791545,-11.937906799681459,122.39352991831676
2027-06-17,0.7255304585900069,190.0,154.325,152.9,155.75,2,681,call,337.1700134277344,0.39835943293519754,154.32499999994477,0.9716253825980627,0.0005063299816892326,16.63651230689428,-12.112934325517323,125.71842566407524
2027-06-17,0.7255304585900069,195.0,149.75,148.65,150.85,1,344,call,337.1700134277344,0.3964974508648687,149.74999999999997,0.9673297247556094,0.0005814098952646803,19.014125420166,-12.914214638637139,127.98689312935605
2027-06-17,0.7255304585900069,200.0,145.05,143.9,146.2,3,7496,call,337.1700134277344,0.3870796384607035,145.0499999999978,0.9646619022868596,0.0006405215622642799,20.449731809604163,-13.379687947192485,130.74426457229546
2027-06-17,0.7255304585900069,210.0,135.825,134.6,137.05,12,3612,call,337.1700134277344,0.37493354108048405,135.825,0.9565774624010934,0.0007965127337639532,24.63204972425188,-14.647250281435598,135.45960985146576
2027-06-17,0.7255304585900069,220.0,126.3,125.35,127.25,3,4303,call,337.1700134277344,0.3495054215226362,126.29999999995474,0.9519764249041947,0.0009335462428843905,26.911833557860938,-15.195077201707916,141.24474894315668
2027-06-17,0.7255304585900069,230.0,117.325,116.75,117.9,1,3912,call,337.1700134277344,0.34231265709985725,117.32499999999374,0.9391997046962717,0.0011658458505523325,32.91680120890241,-16.74717486878692,144.63085261218254
2027-06-17,0.7255304585900069,240.0,108.65,108.1,109.2,10,1680,call,337.1700134277344,0.3388892097407188,108.64999999992476,0.9220901291078878,0.0014426512147711246,40.324837193665125,-18.58250189051345,146.73936323459336
2027-06-17,0.7255304585900069,250.0,99.69999999999999,99.35,100.05,1,2885,call,337.1700134277344,0.3247872986419283,99.70000000000718,0.9074640055032109,0.001723709706160835,46.176041529245595,-19.73790994493468,149.65491442569328
2027-06-17,0.7255304585900069,260.0,91.6,90.6,92.6,2,4114,call,337.1700134277344,0.3245740539353643,91.59999999999991,0.8825556926645368,0.002064938882556075,55.28082780153945,-21.79386716616766,149.43846244436068
2027-06-17,0.7255304585900069,270.0,82.775,82.45,83.1,3,5733,call,337.1700134277344,0.30741921371796604,82.77500000000002,0.8638678430505692,0.0024251743544717727,61.493259003567886,-22.62175464276694,151.2697140147962
2027-06-17,0.7255304585900069,280.0,75.075,74.25,75.9,10,8179,call,337.1700134277344,0.30499218876888473,75.07499999999997,0.8332167971730109,0.0028098699981145303,70.68519813480326,-24.36295413897584,149.35822163757717
2027-06-17,0.7255304585900069,290.0,67.3,66.55,68.05,8,4998,call,337.1700134277344,0.29705303799607014,67.3000000016582,0.8021268751445916,0.0032196431244317747,78.88515257879932,-25.563775414287427,147.39378303715662
2027-06-17,0.7255304585900069,300.0,59.675,59.3,60.05,194,9245,call,337.1700134277344,0.28741670293402716,59.67499999938697,0.7680958803805222,0.003657343564699791,86.70243568695163,-26.44166631775009,144.60104873404467
2027-06-17,0.7255304585900069,310.0,53.225,52.7,53.75,50,6837,call,337.1700134277344,0.28699712361461827,53.22499999999329,0.7258897695960858,0.004007854357734515,94.87308244515397,-27.69140149338374,138.95596109752253
2027-06-17,0.7255304585900069,320.0,46.625,46.3,46.95,15,8212,call,337.1700134277344,0.2805081525625826,46.62499999940896,0.6833134306110322,0.0043888466188727205,101.54286836622127,-28.21723080468627,133.32913517424223
2027-06-17,0.7255304585900069,330.0,40.675,40.15,41.2,69,6704,call,337.1700134277344,0.27630268374348504,40.675000000001575,0.6371307332296517,0.004700031725983902,107.11232062713552,-28.55136388933855,126.34850140380433
2027-06-17,0.7255304585900069,340.0,35.175,34.95,35.4,35,5816,call,337.1700134277344,0.2721053327330261,35.17500000002221,0.5888454765355771,0.004953653447743833,111.17732220991299,-28.513849329793583,118.52703590975997
2027-06-17,0.7255304585900069,350.0,30.275,29.95,30.6,44,10960,call,337.1700134277344,0.26914595120568835,30.275000000000173,0.5393096117443537,0.005114908536017563,113.54793983676404,-28.184818511299316,109.96431949046047
2027-06-17,0.7255304585900069,360.0,25.775,25.6,25.95,130,5692,call,337.1700134277344,0.2656132013771949,25.77500000060564,0.48923324025209386,0.005209522459771833,114.13033889705052,-27.44303764068488,100.97916829264616
2027-06-17,0.7255304585900069,370.0,21.924999999999997,21.65,22.2,155,5506,call,337.1700134277344,0.2637740683655911,21.925000000008044,0.44027755981868066,0.00519139013507549,112.94559590464438,-26.494764902288317,91.79657371755363
2027-06-17,0.7255304585900069,380.0,18.35,18.1,18.6,15,6820,call,337.1700134277344,0.2604532295790457,18.349999999999987,0.39172180287792885,0.005122302629983294,110.03947663585716,-25.118299086084512,82.51229039593763
2027-06-17,0.7255304585900069,390.0,15.425,15.25,15.6,27,3456,call,337.1700134277344,0.2592430229790245,15.424999999985468,0.34661597457834525,0.004945867928841018,105.75554018175372,-23.686191845122323,73.60035836484201
2027-06-17,0.7255304585900069,400.0,12.825,12.7,12.95,125,5795,call,337.1700134277344,0.2574714063442309,12.824999999425279,0.3036732323155435,0.00471836270380909,100.20141704183092,-22.014376400926412,64.98177843061809
2027-06-17,0.7255304585900069,410.0,10.649999999999999,10.45,10.85,21,1422,call,337.1700134277344,0.2564331872314046,10.649999998622027,0.2644625708657466,0.004435012562717367,93.8042726745354,-20.292855821376214,56.9678162119054
2027-06-17,0.7255304585900069,420.0,8.8,8.65,8.95,14,1352,call,337.1700134277344,0.25552408622030826,8.800000000270073,0.22868688872658757,0.00411790439695626,86.78839147913496,-18.517678074714212,49.558345669380884
2027-06-17,0.7255304585900069,430.0,7.3,7.1,7.5,35,1366,call,337.1700134277344,0.25551466819186586,7.30000000000002,0.19733871310991488,0.003778980988903245,79.6423524110599,-16.83093789413635,42.9780276126124
2027-06-17,0.7255304585900069,440.0,5.975,5.8,6.15,28,2096,call,337.1700134277344,0.2547071483986322,5.974999999999095,0.16843695173637624,0.0034344405373495906,72.15238163506059,-15.07436384432633,36.86920098247941
2027-06-17,0.7255304585900069,450.0,4.975,4.8,5.15,1,2458,call,337.1700134277344,0.25561096895332613,4.975000000000624,0.1447318521404482,0.0030972404709957192,65.29921311837532,-13.581441420549103,31.795821328810458
2027-06-17,0.7255304585900069,460.0,4.075,3.95,4.2,5,519,call,337.1700134277344,0.25546069841791225,4.074999999997561,0.12283296509891181,0.002768666067904831,58.337553087793836,-12.042356908248214,27.09173719457715
2027-06-17,0.7255304585900069,470.0,3.35,3.25,3.45,7,1170,call,337.1700134277344,0.25577344109976813,3.349999999998178,0.10421915545444452,0.00245960239825935,51.88883140629158,-10.65541268221385,23.064304234527217
2027-06-17,0.7255304585900069,480.0,2.81,2.71,2.91,1,151,call,337.1700134277344,0.25743341640514555,2.8099999999878085,0.08942666901518422,0.002183996483640509,46.37355506729182,-9.525520323463018,19.83744740877411
2027-06-17,0.7255304585900069,490.0,2.335,2.23,2.44,5,226,call,337.1700134277344,0.2585015229497517,2.334999999999926,0.07615691753858679,0.0019274162005780303,41.095299216306046,-8.429767320811404,16.935933363207567
2027-06-17,0.7255304585900069,500.0,1.9,1.85,1.95,3,544,call,337.1700134277344,0.25845406156621187,1.8999999999898027,0.06382912405575598,0.0016828855910423167,35.87496526189911,-7.32214935034313,14.235826565275952
2027-06-17,0.7255304585900069,510.0,1.56,1.51,1.61,5,223,call,337.1700134277344,0.2589772369192592,1.5600000000000296,0.05374414868492195,0.0014674588240837017,31.345922308421216,-6.381568836305413,12.01544849677118
2027-06-17,0.7255304585900069,520.0,1.3,1.25,1.35,1,230,call,337.1700134277344,0.26024104336735254,1.299999999999993,0.04568200093664878,0.0012827460737290543,27.53404521681875,-5.608528108450917,10.231866475953861
2027-06-17,0.7255304585900069,530.0,1.0550000000000002,1.01,1.1,35,3928,call,337.1700134277344,0.26027615707383994,1.0549999999999642,0.038044063408214805,0.0011059764953799689,23.74290303693411,-4.818550285418364,8.541174820263521
2027-06-17,0.7255304585900069,540.0,0.895,0.85,0.94,10,248,call,337.1700134277344,0.26226340629817346,0.8949999998095025,0.03271094727047763,0.0009697390666526294,20.977132683407227,-4.2733517590900325,7.352634881894615
2027-06-17,0.7255304585900069,550.0,0.74,0.7,0.78,5,1106,call,337.1700134277344,0.26308770608327225,0.7400000000012185,0.027572574124803927,0.0008390152426595974,18.206394166292117,-3.7079682403744076,6.20810670716625
2027-06-17,0.7255304585900069,560.0,0.61,0.57,0.65,1,102,call,337.1700134277344,0.2637763377540869,0.6100000000543104,0.02316934186873123,0.0007233338106827538,15.73722433600749,-3.2033859328952063,5.225275665622054
2027-06-17,0.7255304585900069,570.0,0.5449999999999999,0.48,0.61,14,132,call,337.1700134277344,0.2674777103432601,0.5450000001473966,0.020711233457433614,0.0006488816187436255,14.315502742782945,-2.945121573815725,4.671115177664931
2027-06-17,0.7255304585900069,580.0,0.475,0.38,0.57,3,33,call,337.1700134277344,0.2700588940701252,0.4749999999999967,0.01816618417495635,0.0005749434715146221,12.806697975625104,-2.6523011849637634,4.099314247729484
2027-06-17,0.7255304585900069,590.0,0.32999999999999996,0.29,0.37,2,438,call,337.1700134277344,0.264588804123622,0.3300000002291102,0.013314085629170169,0.0004494905864851969,9.8094712818053,-1.9866622244948449,3.017561297703199
2027-06-17,0.7255304585900069,600.0,0.275,0.25,0.3,4,3085,call,337.1700134277344,0.26561696559279174,0.27499999999073466,0.011252620757951512,0.0003870247609327337,8.47906760245349,-1.7196340934024634,2.5531752700813684
2027-06-17,0.7255304585900069,10.0,0.26,0.0,0.52,4,10,put,337.1700134277344,1.8209148472486243,0.26000000000024853,-0.0010802492901531304,6.908886520686468e-06,1.0376508167234482,-1.2708697088804313,-0.45289618598663167
2027-06-17,0.7255304585900069,15.0,0.325,0.0,0.65,1,2,put,337.1700134277344,1.6329757313205158,0.3250000000000005,-0.0015414416491184326,1.0663318502813089e-05,1.4362354684159149,-1.574119724720081,-0.612875821781801
2027-06-17,0.7255304585900069,20.0,0.18,0.0,0.36,1,15,put,337.1700134277344,1.3609144041531154,0.17999999995525334,-0.0011532594865071213,9.815053755375465e-06,1.1017347023990436,-1.005085388047226,-0.41271402292738724
2027-06-17,0.7255304585900069,35.0,0.055,0.01,0.1,0,106,put,337.1700134277344,0.9534803869931311,0.05500000000002521,-0.0005994116479532194,7.672882211830824e-06,0.6034257392626081,-0.3838901960700735,-0.18653651703798887
2027-06-17,0.7255304585900069,40.0,0.28500000000000003,0.02,0.55,0,9,put,337.1700134277344,1.0736884941173406,0.2850000000000005,-0.002346357050492188,2.3756631352095554e-05,2.1038593064144915,-1.5036370315641672,-0.7807587354647183
2027-06-17,0.7255304585900069,45.0,0.29,0.0,0.58,2,83,put,337.1700134277344,1.0160004191398426,0.2900000000000007,-0.002545237751727036,2.7022830883994562e-05,2.264530978822546,-1.5290114364307232,-0.8330379998235297
2027-06-17,0.7255304585900069,50.0,0.055,0.01,0.1,3,717,put,337.1700134277344,0.8033293153828465,0.054999999999999785,-0.0007280024510040672,1.0895811961519372e-05,0.7219493855590998,-0.3849850127717054,-0.2179933141350394
2027-06-17,0.7255304585900069,55.0,0.385,0.0,0.77,2,24,put,337.1700134277344,0.9491870700320811,0.38499999999892665,-0.0035589776496971113,3.912295557912818e-05,3.062929536606297,-1.9255597252413081,-1.1499516594472874
2027-06-17,0.7255304585900069,60.0,0.14,0.0,0.28,3,76,put,337.1700134277344,0.8005925292054454,0.13999999999920934,-0.0017246460222875937,2.4093079835143458e-05,1.5909531419421445,-0.8424431917400951,-0.5234694441078209
2027-06-17,0.7255304585900069,65.0,0.15,0.0,0.3,2,49,put,337.1700134277344,0.7702371547550727,0.14999999999999916,-0.0019174669419807495,2.757619956889209e-05,1.7519125086981895,-0.8909494932927506,-0.5778939738873227
2027-06-17,0.7255304585900069,70.0,0.155,0.0,0.31,1,42,put,337.1700134277344,0.7393184837770291,0.15499999999704736,-0.0020670522814734337,3.075721664427236e-05,1.875565051400699,-0.9139356959619394,-0.6181142561444972
2027-06-17,0.7255304585900069,75.0,0.055,0.0,0.11,1,1556,put,337.1700134277344,0.63648005665306,0.0549999999999926,-0.0009389210268699618,1.7379350925379177e-05,0.9123718736751768,-0.3820837848517127,-0.26958971673618004
2027-06-17,0.7255304585900069,80.0,0.065,0.01,0.12,3,164,put,337.1700134277344,0.6200981315532298,0.06499999998831388,-0.001126448735347987,2.1081684324902897e-05,1.0782494977134365,-0.43910482028734,-0.32271938352082413
2027-06-17,0.7255304585900069,85.0,0.06,0.01,0.11,1,76,put,337.1700134277344,0.5905322347780159,0.05999999999999945,-0.0011021229689598825,2.1698718255327357e-05,1.056893496652016,-0.40910262156036775,-0.3131409891976801
2027-06-17,0.7255304585900069,90.0,0.08,0.01,0.15,2,133,put,337.1700134277344,0.583504551584751,0.07999999999997798,-0.0014549719448602866,2.831103234359508e-05,1.3625532682920738,-0.5201261160745284,-0.4139680251859188
2027-06-17,0.7255304585900069,95.0,0.07,0.01,0.13,6,167,put,337.1700134277344,0.553468224330826,0.07000000000001033,-0.0013604525158719505,2.8071779913704832e-05,1.2814928232396197,-0.46306324591463527,-0.38359070542574397
2027-06-17,0.7255304585900069,100.0,0.095,0.05,0.14,20,1989,put,337.1700134277344,0.5490431408498955,0.09499999999999902,-0.0018167515787651323,3.6834420489334636e-05,1.6680683712627287,-0.5967154327466345,-0.513352089979139
2027-06-17,0.7255304585900069,105.0,0.08,0.01,0.15,6,521,put,337.1700134277344,0.5191383460646986,0.07999999999998553,-0.0016449954067475152,3.558960692949048e-05,1.5239118157313534,-0.5143389546190593,-0.46045291634805136
2027-06-17,0.7255304585900069,110.0,0.09000000000000001,0.01,0.17,11,191,put,337.1700134277344,0.5058351996787417,0.08999999999982307,-0.0018831933736308288,4.130782520780959e-05,1.7234350213928313,-0.565536038105303,-0.5259779022439336
2027-06-17,0.7255304585900069,115.0,0.11000000000000001,0.05,0.17,65,119,put,337.1700134277344,0.497537294344707,0.10999999999999982,-0.002302819855272715,5.040491647110081e-05,2.068483568276404,-0.6661389142508022,-0.6431405267730265
2027-06-17,0.7255304585900069,120.0,0.135,0.11,0.16,80,527,put,337.1700134277344,0.490126198573478,0.1350000000000012,-0.002820597814399789,6.146106696870055e-05,2.4846289920702866,-0.7864314425072377,-0.7879413163126223
2027-06-17,0.7255304585900069,125.0,0.145,0.04,0.25,26,634,put,337.1700134277344,0.4760806027023217,0.14500000000038396,-0.0031022833675246773,6.89417929232582e-05,2.7071766561592336,-0.8303085172658408,-0.8641045449462256
2027-06-17,0.7255304585900069,130.0,0.185,0.09,0.28,2,531,put,337.1700134277344,0.47189514998010884,0.1849999999999901,-0.003908138020559067,8.55828578928591e-05,3.3310859179647716,-1.0102374839149286,-1.090259661739555
2027-06-17,0.7255304585900069,135.0,0.20500000000000002,0.1,0.31,12,532,put,337.1700134277344,0.46047237845862804,0.20499999999999094,-0.004399058797150415,9.749965651359994e-05,3.7030553671094393,-1.0930489044683542,-1.2248628039198253
2027-06-17,0.7255304585900069,140.0,0.235,0.12,0.35,1,318,put,337.1700134277344,0.45136168799591614,0.2349999999999987,-0.005081358224890461,0.00011311718143445399,4.211209079494449,-1.2152307363611348,-1.4135376578867151
2027-06-17,0.7255304585900069,145.0,0.275,0.25,0.3,4,430,put,337.1700134277344,0.44382517143638917,0.27499999995488517,-0.00595852289467772,0.0001325207817074486,4.85120306836143,-1.3727925794624753,-1.657137138278306
2027-06-17,0.7255304585900069,150.0,0.325,0.22,0.43,1,4608,put,337.1700134277344,0.4372766387637771,0.32499999999901374,-0.007032183112238111,0.00015573422775821779,5.616863702362969,-1.561604694451971,-1.9560600621775104
2027-06-17,0.7255304585900069,155.0,0.31,0.26,0.36,5,811,put,337.1700134277344,0.4189121395921628,0.30999999999986944,-0.007037782683634862,0.00016267561441702402,5.620810418067925,-1.4923619296986537,-1.946546912292309
2027-06-17,0.7255304585900069,160.0,0.38,0.35,0.41,5,1600,put,337.1700134277344,0.41499465992058965,0.38000000001971757,-0.00853129560390196,0.00019451193131049142,6.657976993086341,-1.745929356526814,-2.3626878005091796
2027-06-17,0.7255304585900069,165.0,0.44499999999999995,0.41,0.48,1,1733,put,337.1700134277344,0.4089031960100796,0.44500000000000106,-0.009974092635090002,0.00022633471389418183,7.633526356602949,-1.9660900534657122,-2.7627945548014576
2027-06-17,0.7255304585900069,170.0,0.505,0.48,0.53,3,1729,put,337.1700134277344,0.40130602532187015,0.5050000000575938,-0.011377867471800166,0.0002586402444381563,8.561016187749757,-2.1567320484143577,-3.1497277700216597
2027-06-17,0.7255304585900069,175.0,0.575,0.54,0.61,48,2169,put,337.1700134277344,0.3941906306581547,0.5749999999998995,-0.01300130621381737,0.0002955734314680803,9.610040697859834,-2.369743107910803,-3.597652037051497
2027-06-17,0.7255304585900069,180.0,0.665,0.63,0.7,2,3165,put,337.1700134277344,0.3883027505182104,0.6650000000473393,-0.015014443306975676,0.00033969631383058967,10.87964781015366,-2.6331439622572113,-4.155417696480836
2027-06-17,0.7255304585900069,185.0,0.73,0.67,0.79,10,995,put,337.1700134277344,0.37948990381101744,0.7299999999999992,-0.016679837749184568,0.0003803917692541262,11.906520751702969,-2.8052234914390595,-4.609977813098488
2027-06-17,0.7255304585900069,190.0,0.87,0.84,0.9,21,1666,put,337.1700134277344,0.37602743041556946,0.8699999999986122,-0.019645932675571066,0.0004413571182791892,13.688731281574029,-3.183230217991675,-5.437139320371356
2027-06-17,0.7255304585900069,195.0,0.98,0.95,1.01,1,4972,put,337.1700134277344,0.36930203372693227,0.9799999999999899,-0.022199899269580946,0.0004983676812821178,15.180466089930217,-3.452275432279406,-6.141717149149955
2027-06-17,0.7255304585900069,200.0,1.13,1.1,1.16,76,8820,put,337.1700134277344,0.36434184765039634,1.1299999999999402,-0.02547840345276501,0.0005671577232026086,17.0438005200928,-3.807232122529065,-7.052557736032244
2027-06-17,0.7255304585900069,210.0,1.47,1.44,1.5,95,5297,put,337.1700134277344,0.35377207419517825,1.4699999999593198,-0.03294791600946612,0.0007231903683067284,21.102296319044417,-4.533645250525411,-9.126483395129425
2027-06-17,0.7255304585900069,220.0,1.825,1.71,1.94,3,11266,put,337.1700134277344,0.34081897481569023,1.824999999998341,-0.041145465404185046,0.0009001809581729471,25.305045554623984,-5.180910922315542,-11.389389562071774
2027-06-17,0.7255304585900069,230.0,2.49,2.47,2.51,112,5463,put,337.1700134277344,0.33582023141806466,2.489999999999924,-0.054380193237656686,0.0011422562548532899,31.63908660227504,-6.310192267208114,-15.109440597667367
2027-06-17,0.7255304585900069,240.0,3.1500000000000004,3.1,3.2,8,5938,put,337.1700134277344,0.3261502843340389,3.1500000000064747,-0.06813564695589029,0.0014027592325384641,37.735875730103004,-7.212102876636491,-18.953247651590182
2027-06-17,0.7255304585900069,250.0,4.025,3.95,4.1,23,8528,put,337.1700134277344,0.3183021801795886,4.025000000002485,-0.08545596581098633,0.0017075081879231713,44.82867926958272,-8.237182455065474,-23.825106425989816
2027-06-17,0.7255304585900069,260.0,5.125,5.05,5.2,11,8987,put,337.1700134277344,0.3112753324042699,5.124999999682227,-0.10632990244226133,0.002050556429284244,52.6465560557664,-9.30102702242599,-29.729520815841013
2027-06-17,0.7255304585900069,270.0,6.6,6.35,6.85,16,6598,put,337.1700134277344,0.30675752575139115,6.600000000000024,-0.13211853619195563,0.0024254451808245507,61.3677534950276,-10.485252832321125,-37.108277302674864
2027-06-17,0.7255304585900069,280.0,8.175,8.05,8.3,43,9120,put,337.1700134277344,0.2994613365941364,8.175000000006841,-0.15990283934906202,0.0028244079176720717,69.76244846907764,-11.375991669656695,-45.047781683703434
2027-06-17,0.7255304585900069,290.0,10.275,10.15,10.4,151,12739,put,337.1700134277344,0.2953240384626587,10.274999998085406,-0.19327664342100084,0.003228584781262211,78.64380717799038,-12.333215716934875,-54.73553303418782
2027-06-17,0.7255304585900069,300.0,12.725,12.6,12.85,39,8345,put,337.1700134277344,0.2910535177615001,12.724999999454873,-0.23015613510668287,0.003628196286642011,87.09980104011846,-13.071152361376948,-65.53480629273213
2027-06-17,0.7255304585900069,310.0,15.600000000000001,15.4,15.8,38,4490,put,337.1700134277344,0.2871897805394977,15.599999999993374,-0.27056978215792665,0.004005760370256508,94.88716763821749,-13.574049003538361,-77.50698022472275
2027-06-17,0.7255304585900069,320.0,18.975,18.8,19.15,98,3615,put,337.1700134277344,0.28415419756343024,18.974999998481746,-0.3141709502483,0.004339067091144661,101.69602476870057,-13.824369479946743,-90.62167345861975
2027-06-17,0.7255304585900069,330.0,22.9,22.7,23.1,28,1894,put,337.1700134277344,0.28211403157876896,22.900000000000986,-0.36016401816397564,0.004607235673903763,107.20589118373223,-13.80022601863241,-104.72053199929333
2027-06-17,0.7255304585900069,340.0,27.549999999999997,27.2,27.9,146,1401,put,337.1700134277344,0.2824491451529896,27.54999999994241,-0.4074469852570907,0.0047719961099621806,111.1716064705019,-13.585226279875409,-119.66094443502774
2027-06-17,0.7255304585900069,350.0,32.575,32.2,32.95,13,668,put,337.1700134277344,0.2819393425081086,32.575000000000394,-0.4547186104696598,0.004879717520797068,113.47596913899346,-12.962526492754819,-134.8706562613074
2027-06-17,0.7255304585900069,360.0,38.025,37.8,38.25,68,385,put,337.1700134277344,0.28120249973205086,38.02499999936237,-0.5015179109147623,0.004921793923733576,114.15531546909075,-11.990297648008344,-150.27317508702708
2027-06-17,0.7255304585900069,370.0,44.175,43.6,44.75,176,98,put,337.1700134277344,0.2828347642585021,44.17500000000181,-0.5460388026572017,0.004858063388299332,113.33120387273765,-10.911592623623891,-165.62620468818224
2027-06-17,0.7255304585900069,380.0,51.0,50.4,51.6,13,74,put,337.1700134277344,0.2869533956677519,51.00000000199553,-0.5867074897976337,0.004703229857982503,111.31690127796321,-9.815016863624358,-180.52661365375016
2027-06-17,0.7255304585900069,390.0,58.225,57.45,59.0,10,148,put,337.1700134277344,0.29154268109681425,58.22499999999909,-0.6239109865802909,0.004507919279350566,108.40063092119775,-8.596119575082293,-194.86955528156466
2027-06-17,0.7255304585900069,400.0,66.4,65.8,67.0,8,108,put,337.1700134277344,0.30226281738301986,66.39999999994737,-0.6529399127851677,0.0042274734226688425,105.39479120642574,-7.867746530426328,-207.90202923401756
2027-06-17,0.7255304585900069,410.0,74.325,73.5,75.15,14,2,put,337.1700134277344,0.30833614399177967,74.32499999928477,-0.6821659131764809,0.003998994464453865,101.70183188426486,-6.631129229503178,-220.80133026094316
2027-06-17,0.7255304585900069,420.0,83.325,82.4,84.25,8,22,put,337.1700134277344,0.3230986177895786,83.32500000000002,-0.7007951989243605,0.003714439526393836,98.98785831741061,-6.282997418223559,-231.88833280582037
2027-06-17,0.7255304585900069,430.0,92.35,91.6,93.1,2,1,put,337.1700134277344,0.33673311298644465,92.35000000000005,-0.7174706653051113,0.003467747009277145,96.31341165783402,-5.844274265041416,-242.51551641767676
2027-06-17,0.7255304585900069,440.0,102.625,100.9,104.35,1,0,put,337.1700134277344,0.3623322120023094,102.62500000109529,-0.7215674950119814,0.0031995509456249046,95.62016985992277,-6.759418786039276,-250.97253751012994
2027-06-17,0.7255304585900069,450.0,112.275,110.65,113.9,2,0,put,337.1700134277344,0.38062680265655846,112.27499999897748,-0.7299901994860729,0.002998916170420125,94.14932887257359,-6.931392790148852,-260.03432832547566
2027-06-17,0.7255304585900069,460.0,201.825,201.6,202.05,0,0,put,337.1700134277344,1.1226758714141007,201.82500000000013,-0.4232295495472226,0.0012108440870278448,112.12337192441358,-69.20274321397766,-249.96360826699672
2027-06-17,0.7255304585900069,480.0,169.525,167.65,171.4,7,0,put,337.1700134277344,0.7048680137486147,169.52499999998273,-0.5888445735699361,0.0019122959429865353,111.17738187579242,-35.49079561522971,-267.0428998932587
2027-09-17,0.9774127310061602,100.0,241.8,239.9,243.7,6,13,call,337.1700134277344,0.6691947708535885,241.8000000000018,0.9826022153875504,0.0001451917943562936,10.796189258181528,-6.783048095314203,87.48235118360968
2027-09-17,0.9774127310061602,115.0,227.6,225.7,229.5,2,5,call,337.1700134277344,0.6025481768352243,227.59999999999982,0.9806518896838198,0.00018271033695018942,12.232937960575544,-7.5788633121681865,100.71887381275228
2027-09-17,0.9774127310061602,125.0,218.25,216.45,220.05,48,157,call,337.1700134277344,0.5714924545156171,218.25000000000003,0.978278836407344,0.00021943849387656234,13.934750351619368,-8.33919062496391,109.07563302255748
2027-09-17,0.9774127310061602,140.0,204.0,202.1,205.9,8,9,call,337.1700134277344,0.5134802672133868,204.00000000000006,0.9763459555510973,0.00026793760124666627,15.287388464046957,-9.004927096715518,122.36677531211527
2027-09-17,0.9774127310061602,145.0,199.375,197.6,201.15,24,23,call,337.1700134277344,0.5033125501325335,199.3749999999998,0.9744981106172053,0.00029601733774107933,16.555061029601067,-9.467021346498788,126.27834401651336
2027-09-17,0.9774127310061602,150.0,194.575,192.7,196.45,4,71,call,337.1700134277344,0.4828470796831332,194.57500000000005,0.9742354933826409,0.00031188656530224175,16.73332147747589,-9.587883566732312,130.88337849598727
2027-09-17,0.9774127310061602,155.0,189.9,188.0,191.8,10,44,call,337.1700134277344,0.4703064826075717,189.90000000000015,0.9727437690790809,0.0003394153074212039,17.73733088798947,-9.945720719152712,134.96117890903068
2027-09-17,0.9774127310061602,160.0,185.10000000000002,183.4,186.8,1,9,call,337.1700134277344,0.45113536595265585,185.10000000000002,0.9724578819310682,0.00035764509470532547,17.92813133321647,-10.065575570457538,139.55854468931352
2027-09-17,0.9774127310061602,165.0,180.64999999999998,178.85,182.45,1,24,call,337.1700134277344,0.4507269096863944,180.64999999999966,0.9685651076681446,0.0004088789056572857,20.47783649310551,-10.82256741937968,142.62515098656542
2027-09-17,0.9774127310061602,170.0,176.0,174.2,177.8,1,10,call,337.1700134277344,0.4396131337311394,175.99999999999997,0.966604441430434,0.00044485373453059205,21.730202704943892,-11.20250275863647,146.52397426753555
2027-09-17,0.9774127310061602,175.0,171.225,169.35,173.1,2,63,call,337.1700134277344,0.423030818407296,171.22499999999982,0.9658455642244438,0.00047249006159990714,22.209591129903007,-11.362705143616417,150.94102883927852
2027-09-17,0.9774127310061602,180.0,166.6,164.7,168.5,1,6,call,337.1700134277344,0.4134045441731535,166.59999999999997,0.9634665558261757,0.0005158076523181777,23.69402841526425,-11.773887075105929,154.67755035930247
2027-09-17,0.9774127310061602,190.0,157.125,155.7,158.55,26,265,call,337.1700134277344,0.3852910894173041,157.12499999999997,0.9608655900189433,0.0005906442786202867,25.28662363982393,-12.207106790332968,163.08137661423635
2027-09-17,0.9774127310061602,195.0,152.325,151.25,153.4,2,39,call,337.1700134277344,0.36932927587648084,152.32499999999993,0.9602057290820332,0.0006258993143497361,25.685858650578343,-12.319781936554875,167.55549773789917
2027-09-17,0.9774127310061602,200.0,148.025,146.65,149.4,1,108,call,337.1700134277344,0.37177441251508353,148.0250000001917,0.9537231706986515,0.0007144041417974502,29.512047261904723,-13.20257129913573,169.62201772651397
2027-09-17,0.9774127310061602,205.0,143.475,142.75,144.2,2,491,call,337.1700134277344,0.3644405118980236,143.47500000002293,0.9499627738430149,0.0007817625437851166,31.657556044933497,-13.672132195060033,172.82999083601177
2027-09-17,0.9774127310061602,210.0,139.0,137.6,140.4,60,56,call,337.1700134277344,0.359006889275164,138.99999999964103,0.9452459793891052,0.0008593064192050631,34.27888734302159,-14.226386433618034,175.6494730846486
2027-09-17,0.9774127310061602,215.0,134.975,134.0,135.95,67,13,call,337.1700134277344,0.364828981815338,134.97499999979203,0.9357872437692083,0.0009700222301143159,39.323022906400986,-15.330109953185493,176.46639267464118
2027-09-17,0.9774127310061602,220.0,130.225,129.2,131.25,28,46,call,337.1700134277344,0.35095387672777395,130.22499999997748,0.9335544430698208,0.0010379274819634992,40.47556625868385,-15.473532583395642,180.37327415640263
2027-09-17,0.9774127310061602,225.0,125.82499999999999,124.55,127.1,1,152,call,337.1700134277344,0.34557613836190837,125.82500000003016,0.9276144883817494,0.001132218998231167,43.476048362254744,-16.029679278911576,182.7163527795091
2027-09-17,0.9774127310061602,230.0,121.6,120.5,122.7,3,96,call,337.1700134277344,0.343405937971674,121.60000000000349,0.9197938593472409,0.001239321253212973,47.28981074130571,-16.74873494452573,184.26859992538442
2027-09-17,0.9774127310061602,235.0,116.975,115.55,118.4,1,70,call,337.1700134277344,0.33230466614005655,116.97500000000015,0.9156386712394682,0.0013339956625646535,49.25686134086842,-16.99244012108108,187.41977384915762
2027-09-17,0.9774127310061602,240.0,112.8,112.05,113.55,7,578,call,337.1700134277344,0.32987450269360863,112.79999999944327,0.9069364211892804,0.001452817290649904,53.251963592745625,-17.685811099122738,188.63260839437112
2027-09-17,0.9774127310061602,245.0,108.875,108.25,109.5,1,21,call,337.1700134277344,0.33089705306500605,108.87500000035782,0.8958841862213301,0.0015801637413811022,58.09929594254743,-18.5633377806016,188.82664220626182
2027-09-17,0.9774127310061602,250.0,104.475,104.0,104.95,5,279,call,337.1700134277344,0.3229002777500003,104.47500000000058,0.888821730718985,0.0017021806608041306,61.07309770984874,-18.935781934815996,190.7997959004881
2027-09-17,0.9774127310061602,255.0,100.75,99.9,101.6,4,54,call,337.1700134277344,0.325019461110074,100.74999999997212,0.8759014294038958,0.001835298256886851,66.28143402704224,-19.856275825587073,190.1827179376413
2027-09-17,0.9774127310061602,260.0,96.05,95.35,96.75,13,2333,call,337.1700134277344,0.31174581049283207,96.04999999999991,0.8705834698473076,0.001972944115793044,68.34256706898583,-19.8979443108749,193.02400152761615
2027-09-17,0.9774127310061602,265.0,92.67500000000001,91.9,93.45,5,105,call,337.1700134277344,0.3169104918864573,92.6749999998345,0.8546584080210927,0.0021084046278347646,74.24487087742892,-20.956511696157914,191.0745974713992
2027-09-17,0.9774127310061602,270.0,87.975,87.05,88.9,58,2316,call,337.1700134277344,0.30335146583555567,87.97499999883658,0.8483337222808188,0.0022690125986568627,76.48193782286647,-20.935425933775228,193.58411015622713
2027-09-17,0.9774127310061602,275.0,84.9,84.0,85.8,6,105,call,337.1700134277344,0.3100368975450909,84.9,0.8302246525021253,0.002396840008481091,82.57114477454135,-22.03263941619735,190.6217331468513
2027-09-17,0.9774127310061602,280.0,80.94999999999999,79.85,82.05,7,295,call,337.1700134277344,0.30486323586432074,80.94999999999997,0.8179390915582542,0.002551983317574314,86.44875915770706,-22.42935450054048,190.4337544440911
2027-09-17,0.9774127310061602,285.0,77.475,76.7,78.25,5,466,call,337.1700134277344,0.3043982515552548,77.47499999986654,0.80253327603104,0.0026915598613320665,91.03786719188693,-23.058235256501465,188.75321149265727
2027-09-17,0.9774127310061602,290.0,73.675,72.75,74.6,1,211,call,337.1700134277344,0.2995748882950935,73.67499999949968,0.7886973772776478,0.002851275597255515,94.91185929664036,-23.404769862556982,187.9077004453981
2027-09-17,0.9774127310061602,295.0,70.225,69.5,70.95,2,335,call,337.1700134277344,0.2977231297517137,70.22500000000004,0.7727359293222664,0.002995700442442813,99.10300818193524,-23.877708393829977,186.0196111393518
2027-09-17,0.9774127310061602,300.0,66.825,66.15,67.5,15,1034,call,337.1700134277344,0.29555958583651376,66.82500000245437,0.756324930840746,0.003139771722523782,103.1143245014646,-24.28911629158085,183.93449990223556
2027-09-17,0.9774127310061602,305.0,63.3,62.8,63.8,1,424,call,337.1700134277344,0.2914626216953117,63.29999999974416,0.7401040265595108,0.0032975190996263697,106.79380605293615,-24.545917618651124,182.03421161573985
2027-09-17,0.9774127310061602,310.0,60.2,59.55,60.85,13,514,call,337.1700134277344,0.290582885587222,60.19999999999183,0.7220089873698314,0.0034246291056862087,110.57563791453492,-24.931469445947524,179.10089376596514
2027-09-17,0.9774127310061602,315.0,56.6,55.6,57.6,1,593,call,337.1700134277344,0.2844838860790213,56.59999999999967,0.7051334253923146,0.003600233341207783,113.80574845897634,-24.974234722014334,177.05816619660527
2027-09-17,0.9774127310061602,320.0,53.325,52.45,54.2,1,2226,call,337.1700134277344,0.2806310216021921,53.324999999999996,0.6867615219801474,0.003752300628077396,117.0062825085617,-25.085632948941527,174.20465379002886
2027-09-17,0.9774127310061602,325.0,50.875,50.5,51.25,1,660,call,337.1700134277344,0.2829852621908149,50.875000000224496,0.666397215919605,0.0038220019313312775,120.17955685934798,-25.486187935423345,169.888171092498
2027-09-17,0.9774127310061602,330.0,48.175,47.65,48.7,4,964,call,337.1700134277344,0.2823568869804029,48.17500000000344,0.6465810666219475,0.003917188667241409,122.89911412858096,-25.66276417585428,165.9966889765048
2027-09-17,0.9774127310061602,335.0,45.275,44.9,45.65,4,2702,call,337.1700134277344,0.27934184413390867,45.27499999999999,0.6267376610005027,0.00403574029372735,125.26654083748261,-25.644062733485274,162.29170696878484
2027-09-17,0.9774127310061602,340.0,42.6,41.7,43.5,30,1165,call,337.1700134277344,0.2773969121125395,42.599999999691946,0.6064145577117732,0.004130952098224066,127.32909705429202,-25.624977104484415,158.2087206853755
2027-09-17,0.9774127310061602,345.0,40.1,39.75,40.45,1,1047,call,337.1700134277344,0.27607831033510044,40.09999999995726,0.5858487226524977,0.004206757228818192,129.04928894875718,-25.581689374523858,153.8746938835759
2027-09-17,0.9774127310061602,350.0,37.650000000000006,37.35,37.95,4,12115,call,337.1700134277344,0.2744041512482064,37.65000000000163,0.5650881939282165,0.004277257328795582,130.41631785404644,-25.456920312331135,149.42763431803604
2027-09-17,0.9774127310061602,355.0,35.225,34.75,35.7,38,986,call,337.1700134277344,0.27219534604297724,35.225000000010716,0.5440644625248081,0.004345361772980138,131.42637000618313,-25.238475748703763,144.86939986914825
2027-09-17,0.9774127310061602,360.0,33.175,32.85,33.5,147,2171,call,337.1700134277344,0.2721115619049206,33.174999999996295,0.5234946401215821,0.00436741900479254,132.05283601919248,-25.095791506225776,140.09422329246982
2027-09-17,0.9774127310061602,365.0,30.975,30.5,31.45,112,1730,call,337.1700134277344,0.2701710644047106,30.9749999998094,0.5024338472971512,0.004407863844015686,132.32529862144946,-24.77811161054641,135.30385722998275
2027-09-17,0.9774127310061602,370.0,29.1,28.95,29.25,84,902,call,337.1700134277344,0.26997988189193,29.099999999999994,0.48212968878663026,0.004407983793749436,132.23525897929818,-24.523504067777104,130.4451840937134
2027-09-17,0.9774127310061602,375.0,27.0,26.65,27.35,44,2355,call,337.1700134277344,0.267386360712136,27.000000000000654,0.46084713715064646,0.004435043416894748,131.76892532757194,-24.05113725669585,125.48399519609592
2027-09-17,0.9774127310061602,380.0,25.25,25.1,25.4,83,1363,call,337.1700134277344,0.26675605860688323,25.25000000004991,0.44071718324198433,0.004418782091186,130.97631128610138,-23.66745372744366,120.56055533787683
2027-09-17,0.9774127310061602,385.0,23.475,23.05,23.9,87,995,call,337.1700134277344,0.26525426415715697,23.475000001566844,0.4203122134906069,0.004404633756732519,129.82192813847436,-23.174028272205057,115.57091815296363
2027-09-17,0.9774127310061602,390.0,22.125,21.8,22.45,61,511,call,337.1700134277344,0.2663743688177772,22.12499999999998,0.4020718361876337,0.00434105748263848,128.48837844749283,-22.843044153325298,110.87923123079669
2027-09-17,0.9774127310061602,395.0,20.6,20.3,20.9,47,518,call,337.1700134277344,0.2655016078834402,20.599999999998747,0.3828493651115583,0.004297131498460333,126.77151411370949,-22.322221977098103,106.03493834480764
2027-09-17,0.9774127310061602,400.0,19.05,18.85,19.25,78,3140,call,337.1700134277344,0.2637753915026077,19.049999999968048,0.3632824396391272,0.004254273902971359,124.69114183423761,-21.6950355066934,101.10156436217474
2027-09-17,0.9774127310061602,410.0,16.424999999999997,16.15,16.7,48,816,call,337.1700134277344,0.26222579405023005,16.425000000991748,0.32699796372739076,0.004115841969184621,119.92506940973297,-20.508749204616763,91.70956903949008
2027-09-17,0.9774127310061602,420.0,14.275,14.0,14.55,27,1622,call,337.1700134277344,0.2622564613072806,14.274999999569207,0.2943158333403106,0.0039322270968347285,114.5884029030123,-19.379688538396945,83.0404709987154
2027-09-17,0.9774127310061602,430.0,12.225000000000001,11.8,12.65,40,474,call,337.1700134277344,0.260876152610656,12.225000000000016,0.26238085148799045,0.0037385971327034556,108.37245891980386,-18.061053760469594,74.51985766822953
2027-09-17,0.9774127310061602,440.0,10.475,10.1,10.85,2,195,call,337.1700134277344,0.26001315992801977,10.475000000000001,0.23324648171877949,0.003523171039767806,101.78995788493216,-16.758900869739136,66.62897417164707
2027-09-17,0.9774127310061602,450.0,9.0,8.8,9.2,1,442,call,337.1700134277344,0.25974579840436135,8.999999999730209,0.20709702639255714,0.0032947824381577436,95.09356992557898,-15.510170119319522,59.45299345558248
2027-09-17,0.9774127310061602,460.0,7.800000000000001,7.55,8.05,7,130,call,337.1700134277344,0.2604542452119572,7.799999999999995,0.18437363983809643,0.003062373627862649,88.62688690061775,-14.378875284812926,53.13729980921412
2027-09-17,0.9774127310061602,470.0,6.675000000000001,6.45,6.9,7,344,call,337.1700134277344,0.26018304753035165,6.675000001000916,0.16268541684589935,0.0028311826959568688,81.85077003197809,-13.173312654472298,47.08944277281213
2027-09-17,0.9774127310061602,480.0,5.7,5.5,5.9,14,155,call,337.1700134277344,0.25991906722262303,5.699999999999975,0.1430918397027307,0.002603107129857843,75.18064709272664,-12.009950674783331,41.58527329907438
2027-09-17,0.9774127310061602,490.0,4.85,4.65,5.05,3,61,call,337.1700134277344,0.25955287751473255,4.850000000525276,0.12535593542497786,0.0023804837147984688,68.65417310809705,-10.887320980473476,36.57113124571109
2027-09-17,0.9774127310061602,500.0,4.2,4.0,4.4,7,392,call,337.1700134277344,0.2605036207808204,4.199999999902249,0.11088385272508572,0.002174840924844314,62.95310257042203,-9.961207814829379,32.43711296400596
2027-09-17,0.9774127310061602,510.0,3.55,3.45,3.65,2,97,call,337.1700134277344,0.25991515533919135,3.549999999993869,0.09643431436297789,0.001969877088203973,56.89139858037203,-8.936884246900362,28.310524264240033
2027-09-17,0.9774127310061602,520.0,3.0700000000000003,2.99,3.15,1,120,call,337.1700134277344,0.26082200572683556,3.069999999999856,0.08504047841323306,0.0017882354373263886,51.8256556747974,-8.128421454693099,25.02479515868925
2027-09-17,0.9774127310061602,530.0,2.67,2.59,2.75,4,71,call,337.1700134277344,0.26202442907876494,2.669999999995417,0.07522741700910118,0.0016225371673922193,47.240263925519066,-7.40805849555873,22.181824026024998
2027-09-17,0.9774127310061602,540.0,2.3200000000000003,2.23,2.41,2,49,call,337.1700134277344,0.26312169544987335,2.3199999999999568,0.06646578747434945,0.0014692046332238418,42.95510907000425,-6.7345387473116345,19.636486112280537
2027-09-17,0.9774127310061602,550.0,1.9849999999999999,1.92,2.05,60,1281,call,337.1700134277344,0.2633738508964571,1.9849999998100503,0.05805046839882157,0.0013207667371411536,38.652238856518416,-6.041913526015537,17.190615096140615
2027-09-17,0.9774127310061602,560.0,1.73,1.66,1.8,4,442,call,337.1700134277344,0.26455459814245186,1.7300000000000733,0.05133826248392468,0.0011931833205666318,35.075055427567335,-5.486028707436989,15.227819264692423
2027-09-17,0.9774127310061602,570.0,1.505,1.45,1.56,1,42,call,337.1700134277344,0.2655882909118621,1.5049999999999966,0.0453228669770225,0.0010758054913092522,31.748159897630842,-4.967145196114709,13.46533789240169
2027-09-17,0.9774127310061602,580.0,1.2850000000000001,1.24,1.33,3,78,call,337.1700134277344,0.2657212559493518,1.284999999869333,0.039444721098282495,0.0009610113246146683,28.374660890178415,-4.427268933472827,11.74320065672711
2027-09-17,0.9774127310061602,590.0,1.15,1.08,1.22,15,105,call,337.1700134277344,0.26793079655322355,1.1499999999846469,0.035536508806984925,0.0008752604668826268,26.057684786501373,-4.085677085613649,10.58718335150152
2027-09-17,0.9774127310061602,600.0,0.98,0.94,1.02,114,1768,call,337.1700134277344,0.26793016261366687,0.9799999999999996,0.03085240043091958,0.0007790805945208612,23.194225364934603,-3.62640191009977,9.209675629083764
2027-09-17,0.9774127310061602,100.0,0.13,0.07,0.19,435,434,put,337.1700134277344,0.4937241971771319,0.13000000000000136,-0.0023146853969984197,4.396148458952194e-05,2.4117519619244843,-0.5647774641895187,-0.8898780965917519
2027-09-17,0.9774127310061602,105.0,0.215,0.08,0.35,30,94,put,337.1700134277344,0.5034365696204531,0.2150000000000034,-0.003586516850284419,6.398473420914645e-05,3.5792909942134266,-0.8523540294292204,-1.3920956567863194
2027-09-17,0.9774127310061602,110.0,0.15999999999999998,0.03,0.29,3,41,put,337.1700134277344,0.46853392867189525,0.159999999999695,-0.002956031717904003,5.777844956476244e-05,3.0080344606335174,-0.6646469030445858,-1.1305588930444799
2027-09-17,0.9774127310061602,115.0,0.21500000000000002,0.1,0.33,1,6,put,337.1700134277344,0.46729975687502506,0.21499999999999653,-0.0038782430142838492,7.394025181787009e-05,3.8393027357759997,-0.8436217170844137,-1.4882352579470213
2027-09-17,0.9774127310061602,120.0,0.235,0.1,0.37,1,151,put,337.1700134277344,0.455310496555639,0.23499999999999793,-0.004319519394579637,8.35696731664263e-05,4.227973378811168,-0.9024006503289914,-1.6532080251362715
2027-09-17,0.9774127310061602,125.0,0.265,0.11,0.42,1,15,put,337.1700134277344,0.4455648943992559,0.26499999991122103,-0.004925289244859253,9.600759793495814e-05,4.7532696018538925,-0.9896597806009986,-1.882164443922555
2027-09-17,0.9774127310061602,130.0,0.31,0.15,0.47,3,32,put,337.1700134277344,0.43835141588021304,0.30999999999779115,-0.005771514816765476,0.00011236150359354194,5.472878841237684,-1.117405019944272,-2.2050252621234665
2027-09-17,0.9774127310061602,135.0,0.36,0.19,0.53,1,63,put,337.1700134277344,0.4311960569541059,0.3599999999999863,-0.006716711874425203,0.000130643659764134,6.2594906740715155,-1.2529362112068918,-2.5653896190055723
2027-09-17,0.9774127310061602,140.0,0.41,0.23,0.59,1,36,put,337.1700134277344,0.4233489096101373,0.4100000000029695,-0.007692998971041347,0.00014998271017647237,7.055300573168363,-1.3817041373554806,-2.935999830783201
2027-09-17,0.9774127310061602,145.0,0.535,0.41,0.66,3,29,put,337.1700134277344,0.42408332978572694,0.5349999999997958,-0.009744287109452684,0.00018420470236565602,8.68016122463174,-1.6970315830537173,-3.7341871741189405
2027-09-17,0.9774127310061602,150.0,0.54,0.47,0.61,1,74,put,337.1700134277344,0.40972133793477694,0.5399999999992641,-0.010177426547717717,0.00019803835942102042,9.015997447929903,-1.6963734732238336,-3.881817186403369
2027-09-17,0.9774127310061602,155.0,0.5800000000000001,0.54,0.62,2,111,put,337.1700134277344,0.3994781087119494,0.5799999999996461,-0.011129578251168193,0.00021956752882287117,9.746237205061206,-1.7808281823761567,-4.234699349146074
2027-09-17,0.9774127310061602,160.0,0.675,0.64,0.71,1,62,put,337.1700134277344,0.394354927506115,0.6750000000000056,-0.012903782241540237,0.00025285537903628637,11.079887393222501,-1.9905790694810688,-4.9122500481822895
2027-09-17,0.9774127310061602,165.0,0.76,0.71,0.81,23,60,put,337.1700134277344,0.3875551310311126,0.7599999999811355,-0.014587589521636826,0.0002860022428897645,12.3162588548602,-2.1653996246447234,-5.550235998599546
2027-09-17,0.9774127310061602,170.0,0.88,0.84,0.92,11,58,put,337.1700134277344,0.382807249738898,0.8799999999978915,-0.016811032617430596,0.00032701753903500487,13.909998331859407,-2.405238257579125,-6.400270678511495
2027-09-17,0.9774127310061602,175.0,1.0,0.96,1.04,20,96,put,337.1700134277344,0.37719813455432605,0.9999999999732826,-0.01909276832791581,0.00036992157326314393,15.504403905487177,-2.6296897974042377,-7.269515938093176
2027-09-17,0.9774127310061602,180.0,1.135,1.09,1.18,4,140,put,337.1700134277344,0.37180479018395307,1.1349999999997769,-0.021643681890035894,0.00041736609891636177,17.242809446776736,-2.8691159582719976,-8.242131097373028
2027-09-17,0.9774127310061602,185.0,1.23,1.08,1.38,1,52,put,337.1700134277344,0.36361662436749415,1.2299999999999593,-0.0237387353619695,0.0004613196323206831,18.638954403125222,-3.0176460176040454,-9.025419111043659
2027-09-17,0.9774127310061602,190.0,1.395,1.24,1.55,1,43,put,337.1700134277344,0.35867148901890505,1.3949999999682348,-0.02685139738177503,0.0005185270208811596,20.6654147784131,-3.2831891719974,-10.212483251518979
2027-09-17,0.9774127310061602,195.0,1.645,1.55,1.74,1,104,put,337.1700134277344,0.35671919977797895,1.6450000001596414,-0.031144214254677328,0.0005897386887790499,23.375557793266207,-3.674375501491097,-11.871552537938781
2027-09-17,0.9774127310061602,200.0,1.895,1.82,1.97,283,522,put,337.1700134277344,0.3535270697463406,1.8949999999997205,-0.0354987663940278,0.0006627642016235084,26.035000720480106,-4.033435654932706,-13.550966944290003
2027-09-17,0.9774127310061602,205.0,2.2350000000000003,2.1,2.37,1,487,put,337.1700134277344,0.3524803784842191,2.2349999999834704,-0.041016233797490274,0.0007478188184245973,29.289180052985564,-4.498950631473306,-15.701592180109776
2027-09-17,0.9774127310061602,210.0,2.395,2.31,2.48,11,171,put,337.1700134277344,0.3444563417705461,2.3949999999954286,-0.04449792575690541,0.0008173140505337009,31.282325301288594,-4.665106707251827,-17.0053846469811
2027-09-17,0.9774127310061602,215.0,2.67,2.61,2.73,1,203,put,337.1700134277344,0.33964959199975336,2.6699999999998503,-0.04947727249966518,0.0009024426980221938,34.05858575967737,-4.975397941717004,-18.915138097219522
2027-09-17,0.9774127310061602,220.0,2.925,2.75,3.1,56,956,put,337.1700134277344,0.33367188365612666,2.9249999999999257,-0.05437323776631508,0.0009901049520288489,36.70935245077915,-5.230960337625237,-20.777864571873145
2027-09-17,0.9774127310061602,225.0,3.35,3.25,3.45,3,280,put,337.1700134277344,0.3315086264023893,3.350000000466083,-0.06133633312114445,0.0010955464149051506,40.355384904694354,-5.673431599481755,-23.48798274530687
2027-09-17,0.9774127310061602,230.0,3.75,3.65,3.85,10,379,put,337.1700134277344,0.3277688162460276,3.750000000213562,-0.06814490490690944,0.0012023825036056551,43.7911306679996,-6.040913171079082,-26.122741698745305
2027-09-17,0.9774127310061602,235.0,4.199999999999999,4.1,4.3,85,299,put,337.1700134277344,0.3243421330585628,4.200000000017083,-0.07563628954458737,0.0013162125214152887,47.435694622844174,-6.423759742018125,-29.0313951754034
2027-09-17,0.9774127310061602,240.0,4.699999999999999,4.6,4.8,13,1008,put,337.1700134277344,0.32111886702655357,4.699999999999741,-0.08379694493666638,0.0014365025772640051,51.25640119794079,-6.814597635640427,-32.209480319427854
2027-09-17,0.9774127310061602,245.0,5.25,5.15,5.35,11,321,put,337.1700134277344,0.31801441931595875,5.249999999977734,-0.09261479088343692,0.0015627678263581586,55.22263831176074,-7.2065725664303715,-35.653016049319135
2027-09-17,0.9774127310061602,250.0,5.975,5.75,6.2,9,1079,put,337.1700134277344,0.3170631554565353,5.975000000040115,-0.10320863705419236,0.0016968575146261806,59.78153078271102,-7.709252552033156,-39.85288745325485
2027-09-17,0.9774127310061602,255.0,6.625,6.4,6.85,16,274,put,337.1700134277344,0.3138798485146791,6.625000000000014,-0.11326220600060093,0.0018325690726119911,63.914539648749134,-8.078367159267323,-43.80140223943504
2027-09-17,0.9774127310061602,260.0,7.275,7.15,7.4,8,317,put,337.1700134277344,0.3099423951820618,7.274999999998975,-0.12353940571694542,0.001973250855778923,67.9577767889957,-8.389916421605328,-47.823615499366404
2027-09-17,0.9774127310061602,265.0,8.1,7.95,8.25,38,844,put,337.1700134277344,0.30776936824951484,8.099999999999616,-0.13545871164931306,0.0021179933141301905,72.4312292635949,-8.782048229651476,-52.55803909206202
2027-09-17,0.9774127310061602,270.0,8.925,8.8,9.05,40,1103,put,337.1700134277344,0.3047471487666228,8.924999998243567,-0.14757703883629283,0.0022667091034829726,76.75582037040236,-9.104398716965777,-57.35805098605258
2027-09-17,0.9774127310061602,275.0,9.875,9.75,10.0,14,1830,put,337.1700134277344,0.30252094710032706,9.875000000000005,-0.1608195515684527,0.002416750064700512,81.23871928903311,-9.44607386654328,-62.65071961438615
2027-09-17,0.9774127310061602,280.0,10.975000000000001,10.8,11.15,6,2121,put,337.1700134277344,0.30122743919279044,10.975000000000005,-0.17524176989109919,0.002564846997907775,85.84833385194324,-9.810921989457665,-68.47877715783608
2027-09-17,0.9774127310061602,285.0,12.025,11.9,12.15,31,698,put,337.1700134277344,0.2984842179528438,12.024999999934321,-0.18953873377369077,0.0027181782577583246,90.15196254892919,-10.060541306798704,-74.21668592991182
2027-09-17,0.9774127310061602,290.0,13.425,13.1,13.75,2,716,put,337.1700134277344,0.298695794805803,13.424999999522713,-0.20599233142219256,0.0028561004948653703,94.79348081951716,-10.43903141238969,-81.00741701016253
2027-09-17,0.9774127310061602,295.0,14.525,14.4,14.65,3,922,put,337.1700134277344,0.2948832076721261,14.524999999999997,-0.22105249310344594,0.0030141807315843495,98.7632128080618,-10.550944772164103,-87.04571150786728
2027-09-17,0.9774127310061602,300.0,16.125,15.8,16.45,60,1582,put,337.1700134277344,0.29528272254311344,16.125000002392245,-0.23867977070273,0.003141853070776078,103.08602315201527,-10.854021195481524,-94.41871636898622
2027-09-17,0.9774127310061602,305.0,17.65,17.3,18.0,12,660,put,337.1700134277344,0.29402446567270724,17.649999999797725,-0.2560420764682456,0.0032755948977282005,107.01620187947017,-11.01698527609238,-101.63109267284331
2027-09-17,0.9774127310061602,310.0,19.0,18.8,19.2,44,10261,put,337.1700134277344,0.2903684937632694,18.999999999991644,-0.27303940624853207,0.0034266840467492097,110.56035700767768,-10.996649402511048,-108.55214235944204
2027-09-17,0.9774127310061602,315.0,20.675,20.35,21.0,14,624,put,337.1700134277344,0.28890501110831435,20.67499999999981,-0.29138181949720304,0.003553039457827983,114.05937390066717,-11.045368817009235,-116.23412917539108
2027-09-17,0.9774127310061602,320.0,22.65,22.15,23.15,24,1081,put,337.1700134277344,0.28921625756817937,22.64999999834027,-0.3106020682968019,0.003652364249285266,117.37420484533541,-11.138219657579812,-124.49863425759303
2027-09-17,0.9774127310061602,325.0,24.475,24.0,24.95,28,577,put,337.1700134277344,0.2874225284729724,24.475000000158815,-0.32960204227812334,0.0037669926272842704,120.30715415502115,-11.057532931542877,-132.5439349280082
2027-09-17,0.9774127310061602,330.0,26.674999999999997,26.4,26.95,415,611,put,337.1700134277344,0.2879363288867346,26.67500000000205,-0.3492780286434393,0.0038442187767866926,122.99301190712933,-11.049728622913554,-141.17854813403738
2027-09-17,0.9774127310061602,335.0,28.7,28.2,29.2,49,763,put,337.1700134277344,0.28623283938788174,28.700000000000003,-0.36885565958413113,0.003940204486914564,125.31818546434103,-10.858837142995263,-149.60970066275482
2027-09-17,0.9774127310061602,340.0,30.950000000000003,30.55,31.35,70,267,put,337.1700134277344,0.2855710939358684,30.950000000150798,-0.3887040758693026,0.004012689638494564,127.32852075854248,-10.669614865016005,-158.350009520902
2027-09-17,0.9774127310061602,345.0,33.55,33.35,33.75,48,172,put,337.1700134277344,0.28687686979025984,33.549999999972265,-0.40848895655421846,0.004046553012188108,128.99017909671434,-10.540519191647656,-167.41147440662243
2027-09-17,0.9774127310061602,350.0,36.175,35.9,36.45,71,282,put,337.1700134277344,0.28760325743519727,36.17500000000964,-0.4281181852355822,0.0040774898214227025,130.30544514014372,-10.325150890967953,-176.44607882941466
2027-09-17,0.9774127310061602,355.0,38.675,38.1,39.25,126,614,put,337.1700134277344,0.28664441290563347,38.67500000001907,-0.4479050328956226,0.004122313150659179,131.2986736448854,-9.954143713895638,-185.4104506672569
2027-09-17,0.9774127310061602,360.0,41.675,41.2,42.15,1,34,put,337.1700134277344,0.28878242688775185,41.674999999999045,-0.4667864664303349,0.004111699279690617,131.93741888096034,-9.727526902144703,-194.5651457852137
2027-09-17,0.9774127310061602,365.0,44.375,44.0,44.75,1,18,put,337.1700134277344,0.2879549406759042,44.374999999670806,-0.4862288680088847,0.004134263417300161,132.2813312686932,-9.264578166759181,-203.61148649417862
2027-09-17,0.9774127310061602,370.0,47.525,46.3,48.75,50,100,put,337.1700134277344,0.2898643053062025,47.52499999999999,-0.5044030669731985,0.00410809506588222,132.31561553538242,-8.937782767541817,-212.67972135406083
2027-09-17,0.9774127310061602,380.0,53.974999999999994,53.15,54.8,2,67,put,337.1700134277344,0.2929177270907719,53.97500000000545,-0.5396201925760242,0.0040430377434428144,131.59195200245236,-8.12421286915908,-230.58998736453455
2027-09-17,0.9774127310061602,390.0,60.9,59.8,62.0,5,12,put,337.1700134277344,0.29723450572869614,60.900000002352975,-0.5720550346716263,0.003936079523773856,129.99868737026026,-7.280588906870076,-248.04761103207068
2027-09-17,0.9774127310061602,395.0,64.92500000000001,64.45,65.4,2,4,put,337.1700134277344,0.3029341260067572,64.92500000000001,-0.5850380221638694,0.0038356103534567254,129.10960732525075,-7.09839966653109,-256.2602961548954
2027-09-17,0.9774127310061602,400.0,68.625,68.35,68.9,74,122,put,337.1700134277344,0.3056452764989762,68.62499999999962,-0.5993025204234498,0.003767898422965197,127.96545723797578,-6.671610318441355,-264.57764947971634
2027-09-17,0.9774127310061602,410.0,76.6,76.3,76.9,166,117,put,337.1700134277344,0.3142449867782783,76.59999999996481,-0.6236532458752421,0.0035971270709561423,125.60300094431751,-6.03801460213263,-280.3974014047678
2027-09-17,0.9774127310061602,420.0,100.675,99.0,102.35,3,0,put,337.1700134277344,0.4476151051593939,100.67500000000001,-0.5643785488576885,0.0026229211041731565,130.45653498907276,-15.402113950087625,-284.3943837758027
2027-09-17,0.9774127310061602,430.0,93.15,92.0,94.3,10,10,put,337.1700134277344,0.3317898705143291,93.15000000000003,-0.6647340737061344,0.0032663713568604515,120.42164609916031,-4.743889394257446,-310.11194406839445
2027-09-17,0.9774127310061602,440.0,129.60000000000002,127.65,131.55,0,0,put,337.1700134277344,0.5612171898209016,129.60000000000005,-0.5442107427834221,0.002107447296994183,131.42063623414822,-22.053583134826404,-306.0196605401614
2027-12-17,1.2265571526351813,50.0,289.85,287.95,291.75,4,820,call,337.1700134277344,0.9705702264043792,289.85,0.9849932874708646,6.631448686429672e-05,8.974723014413149,-4.130072484109272,51.83455053614029
2027-12-17,1.2265571526351813,60.0,280.525,278.55,282.5,10,297,call,337.1700134277344,0.8830067875893192,280.52499999999867,0.9836253459346428,8.260065988795992e-05,10.170287609789526,-4.7121550211527765,62.706472419703815
2027-12-17,1.2265571526351813,85.0,257.0,255.1,258.9,26,435,call,337.1700134277344,0.7042108063989309,257.0000000002271,0.98116421553971,0.0001248369060644411,12.258331386651431,-5.777294901961404,90.54340855357425
2027-12-17,1.2265571526351813,90.0,252.325,250.45,254.2,30,157,call,337.1700134277344,0.677905368426851,252.325,0.9805198796328091,0.0001353382869514871,12.793089084492555,-6.0309698204357804,96.01109278553243
2027-12-17,1.2265571526351813,95.0,247.625,245.75,249.5,5,0,call,337.1700134277344,0.6512551108597794,247.62499999999997,0.9800143304613027,0.00014546182784717346,13.209484235941082,-6.243450753222996,101.56683735121774
2027-12-17,1.2265571526351813,100.0,243.15,241.3,245.0,44,383,call,337.1700134277344,0.6419640419029937,243.1499999999999,0.9781182580337049,0.0001647520069208215,14.74779500508683,-6.802474949955622,106.27154413530779
2027-12-17,1.2265571526351813,105.0,238.3,236.4,240.2,2,102,call,337.1700134277344,0.607558482107142,238.30000000000004,0.9785064667741828,0.00017039813292783556,14.435724864974016,-6.781676300383317,112.38089326909378
2027-12-17,1.2265571526351813,110.0,233.55,231.75,235.35,1,232,call,337.1700134277344,0.581404245848167,233.55,0.9783199796301593,0.00017991479096042442,14.585816428703748,-6.912072263647033,118.1299164394187
2027-12-17,1.2265571526351813,115.0,229.075,227.3,230.85,4,385,call,337.1700134277344,0.5742336757447235,229.07499999997358,0.9762151990378051,0.00020303937276096217,16.25753122942774,-7.463869034514473,122.74831023147641
2027-12-17,1.2265571526351813,125.0,219.775,218.0,221.55,1,437,call,337.1700134277344,0.5389415086362851,219.77499999985787,0.9742841691437164,0.0002362972577350733,17.75767041644832,-8.021200927745873,133.35669832705153
2027-12-17,1.2265571526351813,130.0,215.125,213.35,216.9,1,1054,call,337.1700134277344,0.5223066927320019,215.1249999997495,0.973267362000633,0.00025450515403272026,18.535651201414876,-8.296422569572917,138.63968006193355
2027-12-17,1.2265571526351813,135.0,210.5,208.75,212.25,62,109,call,337.1700134277344,0.5075585307596134,210.49999999977513,0.9720218001658245,0.00027521651142426037,19.47808662517109,-8.60494598510717,143.7973944683245
2027-12-17,1.2265571526351813,140.0,205.85,204.1,207.6,1,347,call,337.1700134277344,0.4920195397116597,205.84999999971905,0.9709241051777865,0.0002958798914405519,20.299412875995465,-8.87498172146079,149.04692436416977
2027-12-17,1.2265571526351813,145.0,201.1,199.25,202.95,4,579,call,337.1700134277344,0.472191067309653,201.1,0.9706063575728043,0.00031189180898770393,20.535600747469147,-9.002972452967757,154.7416636821583
2027-12-17,1.2265571526351813,150.0,196.6,194.85,198.35,6,639,call,337.1700134277344,0.4646864258278495,196.59999999997507,0.9681891213755351,0.0003443207075675829,22.31047436009256,-9.475737614587366,159.26150279685314
2027-12-17,1.2265571526351813,155.0,192.05,190.25,193.85,12,100,call,337.1700134277344,0.45472869210543576,192.05000000053852,0.9661114835578803,0.00037545741875149213,23.8066739367463,-9.870047039559589,163.98311349416957
2027-12-17,1.2265571526351813,160.0,187.45,185.7,189.2,80,410,call,337.1700134277344,0.44277251710670834,187.44999999997444,0.9643761427899159,0.00040552203394601317,25.036913489567617,-10.191782138343699,168.90761183359865
2027-12-17,1.2265571526351813,165.0,182.875,181.1,184.65,2,264,call,337.1700134277344,0.4319792096797368,182.87500000000003,0.962355522154312,0.0004390857880123075,26.44830849175488,-10.539935185460944,173.68346638879285
2027-12-17,1.2265571526351813,170.0,178.0,176.35,179.65,5,496,call,337.1700134277344,0.4101731991884458,178.00000000002018,0.9629293459344805,0.0004554601128743293,26.04973474222741,-10.505851476556717,179.90024209008433
2027-12-17,1.2265571526351813,175.0,173.3,172.25,174.35,4,341,call,337.1700134277344,0.3955702182782697,173.30000000001473,0.9619527947314461,0.0004845526554456776,26.72700166715616,-10.693287902692402,185.2611998602662
2027-12-17,1.2265571526351813,180.0,169.075,168.35,169.8,2,835,call,337.1700134277344,0.39780257442670325,169.07499999999644,0.9564566631372976,0.0005489383465422221,30.449266486935716,-11.456195336400334,188.1704330375562
2027-12-17,1.2265571526351813,185.0,164.425,163.0,165.85,1,1144,call,337.1700134277344,0.38519297017115156,164.42499999999976,0.9547797815396392,0.0005875241289736147,31.55656591023331,-11.692860173835616,193.18043550852255
2027-12-17,1.2265571526351813,190.0,160.0,158.65,161.35,1,572,call,337.1700134277344,0.3796111771636203,159.99999999999983,0.9509328287373915,0.0006432791330367816,34.050549969470644,-12.179257595074763,197.01701168007784
2027-12-17,1.2265571526351813,195.0,155.675,154.95,156.4,50,369,call,337.1700134277344,0.37630579342626663,155.67499999999998,0.9460806186097296,0.000707240723729584,37.110246603517346,-12.753428180124734,200.31519963422875
2027-12-17,1.2265571526351813,200.0,151.22500000000002,150.4,152.05,6,3917,call,337.1700134277344,0.3691145625516274,151.2249999999962,0.9422292522233052,0.0007669729967985541,39.475435439471596,-13.17404409099782,204.1806144602727
2027-12-17,1.2265571526351813,205.0,146.64999999999998,145.2,148.1,1,856,call,337.1700134277344,0.35869965983092206,146.6499999996382,0.9393505962868943,0.0008238989615482669,41.208859596745846,-13.45579920136135,208.6016214027827
2027-12-17,1.2265571526351813,210.0,142.575,141.45,143.7,8,750,call,337.1700134277344,0.3596847877188433,142.57500000000908,0.9319451924333237,0.000908036479605068,45.541889222681384,-14.203797712523954,210.53727563284852
2027-12-17,1.2265571526351813,215.0,138.02499999999998,137.2,138.85,6,822,call,337.1700134277344,0.34955466269155283,138.02500000000242,0.9284992578750767,0.000974522377712801,47.499888650577695,-14.48011676107562,214.69301586839043
2027-12-17,1.2265571526351813,220.0,134.125,133.45,134.8,5,987,call,337.1700134277344,0.35224310668791015,134.1249999995577,0.9194715481342217,0.0010682250909935815,52.46757033159519,-15.306077726911163,215.7431045465088
2027-12-17,1.2265571526351813,225.0,129.4,128.5,130.3,8,2013,call,337.1700134277344,0.33852876575656293,129.39999999983993,0.9170417156762073,0.001139023111843859,53.766750533543714,-15.403139916658025,220.53370973209513
2027-12-17,1.2265571526351813,230.0,125.275,123.95,126.6,69,1552,call,337.1700134277344,0.33573902696893265,125.27500000125615,0.9095236745589359,0.0012323128147129906,57.69105327021441,-15.976036284984966,222.4841097441613
2027-12-17,1.2265571526351813,235.0,120.875,119.95,121.8,1,543,call,337.1700134277344,0.32775713381689675,120.87500000000566,0.9040245180500582,0.0013232259027585117,60.474435453371214,-16.3044068415565,225.60673944610608
2027-12-17,1.2265571526351813,240.0,117.05,115.75,118.35,2,750,call,337.1700134277344,0.3285845003010241,117.04999999947795,0.8938590066175555,0.0014282327216445,65.43825775815513,-17.027891335714717,226.09428901407392
2027-12-17,1.2265571526351813,245.0,113.05,111.75,114.35,1,576,call,337.1700134277344,0.3257909661731294,113.05000000000041,0.8849459810845037,0.0015322795073811938,69.60856918679121,-17.574969257934896,227.31446201132482
2027-12-17,1.2265571526351813,250.0,109.07499999999999,108.35,109.8,8,3430,call,337.1700134277344,0.32269522787575,109.07499999967396,0.8756956920410753,0.0016394269974140407,73.76838938011359,-18.09529675627629,228.36449295962268
2027-12-17,1.2265571526351813,255.0,105.25,104.35,106.15,9,539,call,337.1700134277344,0.32092430388086507,105.24999999999997,0.8652804511084569,0.0017488191884908297,78.25880166904653,-18.663655977833162,228.74876482110756
2027-12-17,1.2265571526351813,260.0,101.2,100.7,101.7,39,2220,call,337.1700134277344,0.31569687541065605,101.20000000000003,0.8561201788710799,0.0018638530871218138,82.04793152451101,-19.05092196214162,229.92801475198058
2027-12-17,1.2265571526351813,265.0,97.35,96.65,98.05,2,587,call,337.1700134277344,0.31241185363138335,97.34999999999985,0.8454630526004849,0.0019805344726936984,86.27710926614756,-19.51122218765132,230.2429168555389
2027-12-17,1.2265571526351813,270.0,93.65,93.2,94.1,2,2434,call,337.1700134277344,0.3102283842360867,93.64999999991682,0.8337277705919617,0.0020972269305680282,90.72200350946127,-20.002717923944523,229.92795514122156
2027-12-17,1.2265571526351813,275.0,90.25,89.15,91.35,2,386,call,337.1700134277344,0.31054606983639316,90.24999999845451,0.8202549501372757,0.0022069102557285675,95.56445471166812,-20.58963879577474,228.52645285137947
2027-12-17,1.2265571526351813,280.0,86.65,85.55,87.75,4,2169,call,337.1700134277344,0.3080059914850494,86.65000000000005,0.807714399284015,0.0023245082328871673,99.8334154529992,-21.014526705252326,227.75580981207347
2027-12-17,1.2265571526351813,285.0,82.75,82.35,83.15,2,447,call,337.1700134277344,0.30198079229292996,82.75,0.7962915282999742,0.0024586855171705056,103.53042077576464,-21.24625699972023,227.8153596977507
2027-12-17,1.2265571526351813,290.0,79.375,78.9,79.85,2,1623,call,337.1700134277344,0.30050206319910205,79.37500000000003,0.7822134680841959,0.0025737665150003483,107.84556259402115,-21.663479684431284,226.13289155567892
2027-12-17,1.2265571526351813,295.0,76.275,75.45,77.1,5,437,call,337.1700134277344,0.3008149490588346,76.27499999999999,0.7669494841352926,0.002675731940701147,112.2348404675472,-22.13273866080918,223.62267160356518
2027-12-17,1.2265571526351813,300.0,72.92500000000001,72.15,73.7,23,8569,call,337.1700134277344,0.29820328314377637,72.92499999742142,0.7524923648545253,0.00279271883796867,116.12488876297306,-22.429701994590324,221.7527765164989
2027-12-17,1.2265571526351813,305.0,69.7,68.95,70.45,3,758,call,337.1700134277344,0.2960709455449321,69.69999999982198,0.7373959218740727,0.0029047381782265364,119.91912732578842,-22.713297427987573,219.46516416220948
2027-12-17,1.2265571526351813,310.0,66.625,65.75,67.5,3,6404,call,337.1700134277344,0.2945656327467471,66.62499999999471,0.7216793823359277,0.0030088978216935426,123.58768340793027,-22.988840783518214,216.7371221647162
2027-12-17,1.2265571526351813,315.0,63.3,62.8,63.8,11,779,call,337.1700134277344,0.2904766299339926,63.29999999999984,0.7063041062499258,0.0031331983052414617,126.90675989907875,-23.10324264278585,214.4568517858494
2027-12-17,1.2265571526351813,320.0,60.675,59.8,61.55,17,3975,call,337.1700134277344,0.2912866152195379,60.674999998355275,0.6892671578023234,0.0032075694109229337,130.28135536146834,-23.40924655796477,210.6307930190592
2027-12-17,1.2265571526351813,325.0,57.275,56.5,58.05,1,593,call,337.1700134277344,0.285574051416693,57.27500000031853,0.6732878793949005,0.0033441217398257296,133.16389753345265,-23.363014319120563,208.19272425605456
2027-12-17,1.2265571526351813,330.0,54.6,53.7,55.5,5,1385,call,337.1700134277344,0.2847761226691186,54.60000000000684,0.655985640467477,0.003424503285729152,135.98369435219206,-23.50879606396435,204.31828026764228
2027-12-17,1.2265571526351813,335.0,51.975,51.6,52.35,71,2443,call,337.1700134277344,0.2837250058269566,51.97500000000003,0.6385258570276325,0.00350124650538382,138.5179251996493,-23.600189346985907,200.3173545818129
2027-12-17,1.2265571526351813,340.0,49.3,48.9,49.7,32,1952,call,337.1700134277344,0.2817246624996241,49.29999999794888,0.6209043572209494,0.003583293330355083,140.76442295894753,-23.60181953208431,196.31087761172532
2027-12-17,1.2265571526351813,345.0,46.7,46.35,47.05,11,752,call,337.1700134277344,0.279691714321437,46.69999999969021,0.6030306003281257,0.00365970721692531,142.72880155586952,-23.557661832757542,192.1080858409441
2027-12-17,1.2265571526351813,350.0,44.45,43.65,45.25,14,1653,call,337.1700134277344,0.2795286790710142,44.449999999999974,0.5851507678222562,0.0037042436684084105,144.3815152467492,-23.566380155904955,187.47348644834466
2027-12-17,1.2265571526351813,355.0,41.825,41.4,42.25,1,2240,call,337.1700134277344,0.27620633179207327,41.82500000019812,0.5667429472158954,0.0037846034338042465,145.7604448642117,-23.367307992408502,183.0804921312834
2027-12-17,1.2265571526351813,360.0,39.85,39.25,40.45,32,1312,call,337.1700134277344,0.2767848618575496,39.85000000018297,0.5489733678796298,0.00380321316153108,146.78398592968497,-23.334258799543182,178.15418563457533
2027-12-17,1.2265571526351813,365.0,37.425,37.0,37.85,51,1584,call,337.1700134277344,0.2737407693828946,37.42499999999996,0.5302804939148011,0.0038652324277778306,147.5369407318785,-23.062131237971222,173.39799370750492
2027-12-17,1.2265571526351813,370.0,35.55,35.15,35.95,1,1265,call,337.1700134277344,0.2738804864171207,35.54999999975634,0.5125748371558999,0.003873959011083214,147.9455094464536,-22.928973082811616,168.37546720770462
2027-12-17,1.2265571526351813,375.0,33.425,33.15,33.7,3,1197,call,337.1700134277344,0.2717880302516158,33.42499999739093,0.4940952551721671,0.003906719816259143,148.0567689251046,-22.628653853324284,163.33951680483952
2027-12-17,1.2265571526351813,380.0,31.75,31.5,32.0,2,751,call,337.1700134277344,0.2722037210225539,31.750000000000036,0.4768697643363379,0.003895854425302027,147.87081072852862,-22.44310321039194,158.27025546985476
2027-12-17,1.2265571526351813,385.0,30.049999999999997,29.7,30.4,47,560,call,337.1700134277344,0.27193149178346565,30.050000000003674,0.4595667195800317,0.003887398062879553,147.4022778832207,-22.184820713726285,153.1995850000205
2027-12-17,1.2265571526351813,390.0,28.325,27.95,28.7,15,1060,call,337.1700134277344,0.2709783259136388,28.325000000150133,0.4420884305104394,0.003880935232156783,146.64140945810976,-21.85205282486908,148.08710472000743
2027-12-17,1.2265571526351813,395.0,26.575000000000003,26.1,27.05,23,822,call,337.1700134277344,0.2693437907044531,26.575000003164938,0.4243360476087094,0.0038759912998988896,145.57119173983097,-21.442280388113254,142.8919345883286
2027-12-17,1.2265571526351813,400.0,24.95,24.75,25.15,111,5670,call,337.1700134277344,0.26805980451762595,24.94999999999995,0.4069961607353281,0.0038587923275657595,144.23437558473105,-21.02550209624239,137.71403597293582
2027-12-17,1.2265571526351813,405.0,23.725,23.35,24.1,11,508,call,337.1700134277344,0.2690724757147122,23.724999999998342,0.39173293619549104,0.0038064969777198135,142.8171755184912,-20.747498963994545,132.90433541954906
2027-12-17,1.2265571526351813,410.0,22.35,21.95,22.75,1,259,call,337.1700134277344,0.26857736876173166,22.349999999968528,0.3756530757280088,0.003767075183053606,141.07802737672017,-20.34090110379092,127.94089187997655
2027-12-17,1.2265571526351813,415.0,20.925,20.5,21.35,5,176,call,337.1700134277344,0.26725184279691194,20.92499999935613,0.35916066239040073,0.003730766620341292,139.0287015701473,-19.850018001684365,122.86816153857662
2027-12-17,1.2265571526351813,420.0,19.475,19.2,19.75,352,759,call,337.1700134277344,0.2652526147302399,19.474999999999998,0.3423019604108535,0.003694622241847849,136.65181045574013,-19.283708391478367,117.67461341945005
2027-12-17,1.2265571526351813,425.0,18.525,18.2,18.85,3,389,call,337.1700134277344,0.2664631589358428,18.524999999999995,0.3288844143742018,0.003621351496094078,134.55304435974384,-18.956367561300926,113.29090529775095
2027-12-17,1.2265571526351813,430.0,17.175,16.8,17.55,66,696,call,337.1700134277344,0.2642540417098886,17.17500000000002,0.31245314559162735,0.0035749669529248494,131.72837847257986,-18.33654316569093,108.151470006874
2027-12-17,1.2265571526351813,435.0,16.225,15.75,16.7,5,364,call,337.1700134277344,0.2646271853895386,16.225000000000023,0.299051818553494,0.003501763792057461,129.2132295332091,-17.91872205674058,103.77446938649398
2027-12-17,1.2265571526351813,440.0,15.274999999999999,14.85,15.7,1,7496,call,337.1700134277344,0.2646000548132187,15.275000001397101,0.2856681484864534,0.0034287999916275433,126.50793253617047,-17.459238323136542,99.40477095120073
2027-12-17,1.2265571526351813,450.0,13.45,13.2,13.7,4,2963,call,337.1700134277344,0.26393067969761896,13.449999999654779,0.25950019187328965,0.003278152577739908,120.64371873635913,-16.467005979579334,90.82126232466901
2027-12-17,1.2265571526351813,460.0,11.725,11.35,12.1,56,578,call,337.1700134277344,0.26245591673447705,11.725000000000067,0.23407112235350036,0.003120129823553218,114.18648607385553,-15.383502259538837,82.42067086435202
2027-12-17,1.2265571526351813,470.0,10.55,10.2,10.9,10,132,call,337.1700134277344,0.2643457933012912,10.549999999999955,0.21431156082862246,0.002946960170671057,108.6256393599808,-14.614721733073976,75.6901450112329
2027-12-17,1.2265571526351813,480.0,9.2,8.95,9.45,3,125,call,337.1700134277344,0.26326543881008546,9.199999999999088,0.19269804041536762,0.002777682655466095,101.96758932000817,-13.574101822210087,68.40754658920775
2027-12-17,1.2265571526351813,490.0,8.05,7.85,8.25,2,296,call,337.1700134277344,0.26269731904622573,8.049999998017434,0.17330192795270327,0.0026057442444687028,95.44937822219282,-12.599509777427434,61.796664182964555
2027-12-17,1.2265571526351813,500.0,7.050000000000001,6.95,7.15,1,844,call,337.1700134277344,0.2623458196817602,7.050000000130016,0.1557160644221224,0.0024347086365072677,89.06494837885933,-11.671444312818679,55.750441654570686
2027-12-17,1.2265571526351813,510.0,6.175000000000001,5.95,6.4,12,430,call,337.1700134277344,0.26211270415001714,6.1749999992089215,0.13974790205407248,0.002266796925701237,82.84882659167259,-10.786738180613545,50.219913214952655
2027-12-17,1.2265571526351813,520.0,5.5,5.3,5.7,13,78,call,337.1700134277344,0.26315060910503685,5.500000000004437,0.12660934556386672,0.002109728592511698,77.41348950379731,-10.061869978800058,45.614280315512225
2027-12-17,1.2265571526351813,530.0,4.800000000000001,4.65,4.95,3,344,call,337.1700134277344,0.26276606210356435,4.800000000036979,0.11314106067256717,0.001951924156581991,71.51841603990624,-9.237409322553612,40.90294943156727
2027-12-17,1.2265571526351813,540.0,4.175,4.0,4.35,1,167,call,337.1700134277344,0.26225324652548,4.174999999999991,0.10077274138326683,0.001799188587888301,65.79353737575103,-8.443387464899168,36.554526656467814
2027-12-17,1.2265571526351813,550.0,3.75,3.6,3.9,10,776,call,337.1700134277344,0.2637814720112811,3.749999999998518,0.09162466518690951,0.0016680092095916804,61.351955182113706,-7.8812462915031904,33.29255068292888
2027-12-17,1.2265571526351813,560.0,3.275,3.15,3.4,2,31,call,337.1700134277344,0.26357531181619137,3.275000000342572,0.08170228895692443,0.001532364297347633,56.318675118998975,-7.199878240546992,29.771684367486493
2027-12-17,1.2265571526351813,570.0,2.885,2.78,2.99,50,38,call,337.1700134277344,0.26389902139070587,2.8850000007933074,0.0732339438817821,0.0014085232482318564,51.83074784874446,-6.608128537114958,26.747887334303933
2027-12-17,1.2265571526351813,580.0,2.56,2.44,2.68,3,21,call,337.1700134277344,0.26461098388373255,2.5600000002593206,0.06594323340239919,0.0012958375807680916,47.81279304227897,-6.088996032222245,24.131384638987363
2027-12-17,1.2265571526351813,590.0,2.2199999999999998,2.06,2.38,1,74,call,337.1700134277344,0.2641106845038625,2.2199999998561624,0.05838625459781729,0.0011807512273457918,43.48405659649468,-5.508914927562659,21.423162827117
2027-12-17,1.2265571526351813,600.0,1.9849999999999999,1.88,2.09,1,623,call,337.1700134277344,0.2651759639557153,1.9849999999999985,0.0528136114510534,0.0010865297742123092,40.17551604795116,-5.092419029566905,19.406790978204604
2027-12-17,1.2265571526351813,5.0,0.505,0.0,1.01,10,41,put,337.1700134277344,1.9600002102000857,0.5049999999503496,-0.0011279009173712983,5.134698285338946e-06,1.4033200276563962,-1.0762117658331378,-1.0858641385289574
2027-12-17,1.2265571526351813,30.0,0.145,0.0,0.29,1,174,put,337.1700134277344,0.876471816468845,0.1449999999999309,-0.001181783172376044,1.1983782458477333e-05,1.46459500338226,-0.49647314798525194,-0.6665870169697118
2027-12-17,1.2265571526351813,35.0,0.06999999999999999,0.02,0.12,1,847,put,337.1700134277344,0.7590306402687089,0.06999999999814116,-0.0007192134431081534,8.76861209544185e-06,0.9280595450309612,-0.2718057832097003,-0.3832956835269248
2027-12-17,1.2265571526351813,40.0,0.23,0.0,0.46,6,12,put,337.1700134277344,0.8136248642867727,0.2299999999999807,-0.0019663271961562275,2.0537361404889763e-05,2.32999255646887,-0.7287756964224975,-1.0952990611220266
2027-12-17,1.2265571526351813,45.0,0.135,0.0,0.27,5,6,put,337.1700134277344,0.7229593831252211,0.13500000000901316,-0.001390244680854247,1.6855126647842763e-05,1.6991495103300753,-0.4711028401052384,-0.740532430770084
2027-12-17,1.2265571526351813,50.0,0.04,0.0,0.08,1,1240,put,337.1700134277344,0.6074972912525856,0.04000000000005419,-0.000552403383998893,8.587099078213339e-06,0.72740535765692,-0.16907686903241,-0.27751328587931035
2027-12-17,1.2265571526351813,55.0,0.1,0.06,0.14,1,43,put,337.1700134277344,0.6316325966353183,0.10000000001084779,-0.0012314022063864357,1.726693812092542e-05,1.5207770256356745,-0.3663433868324381,-0.6319123080518839
2027-12-17,1.2265571526351813,60.0,0.10500000000000001,0.05,0.16,1,94,put,337.1700134277344,0.6053143451260566,0.10499999999999894,-0.0013504198203254916,1.9603547313112788e-05,1.6546315736280113,-0.38086558876119125,-0.6872658148955405
2027-12-17,1.2265571526351813,65.0,0.10500000000000001,0.05,0.16,2,537,put,337.1700134277344,0.5782757479405428,0.10500000000000052,-0.0014204737031705765,2.1490239187347326e-05,1.7328537243084758,-0.3799336326475912,-0.7162371790065756
2027-12-17,1.2265571526351813,70.0,0.11000000000000001,0.05,0.17,5,213,put,337.1700134277344,0.5560707999926177,0.10999999998587656,-0.0015475110550756555,2.4164959305037663e-05,1.8737076686419285,-0.3938560078805026,-0.7749073149787149
2027-12-17,1.2265571526351813,75.0,0.09000000000000001,0.01,0.17,1,89,put,337.1700134277344,0.5218577648836785,0.08999999999997742,-0.001379323415561933,2.3182779516431997e-05,1.6869543501341886,-0.33177725499573646,-0.6808207790737574
2027-12-17,1.2265571526351813,80.0,0.155,0.1,0.21,10,298,put,337.1700134277344,0.5306341708179789,0.15499999999957262,-0.0022286041236558862,3.527750432627524e-05,2.610229797387019,-0.5203368008040108,-1.1117740727430085
2027-12-17,1.2265571526351813,85.0,0.16999999999999998,0.1,0.24,1,71,put,337.1700134277344,0.5149583368225171,0.17000000000000057,-0.0025044858722148046,4.040131189045989e-05,2.9010367928567686,-0.5594433299725989,-1.2442656146572986
2027-12-17,1.2265571526351813,90.0,0.185,0.1,0.27,4,105,put,337.1700134277344,0.4998272678371975,0.18500000000000738,-0.0027932900240604888,4.593608371123733e-05,3.201544831044154,-0.5973095280612398,-1.3821013235980215
2027-12-17,1.2265571526351813,95.0,0.19,0.1,0.28,1,54,put,337.1700134277344,0.48231320300264086,0.1899999999999946,-0.0029733420296567292,5.03621646211208e-05,3.387031336768605,-0.6077420218173483,-1.4626961091990176
2027-12-17,1.2265571526351813,100.0,0.21000000000000002,0.1,0.32,4,1337,put,337.1700134277344,0.46976805435968577,0.2099999999999956,-0.003349326112390596,5.755567475724226e-05,3.7701385083737753,-0.6566403668570429,-1.642718587184915
2027-12-17,1.2265571526351813,110.0,0.255,0.1,0.41,18,869,put,337.1700134277344,0.4463531029340244,0.2549999998864726,-0.0042164149691419186,7.446218789521122e-05,4.634469484037675,-0.7615045035459542,-2.0565054451984426
2027-12-17,1.2265571526351813,115.0,0.3,0.11,0.49,1,881,put,337.1700134277344,0.4391454890348715,0.2999999999978312,-0.004968380077684817,8.76221989939481e-05,5.365475918529427,-0.8641943041712365,-2.4226819228533856
2027-12-17,1.2265571526351813,120.0,0.365,0.33,0.4,1,1254,put,337.1700134277344,0.4344285225247571,0.3649999999777793,-0.00599691395102231,0.00010469128136041712,6.341828924600928,-1.0066912957848448,-2.9277668492848314
2027-12-17,1.2265571526351813,125.0,0.355,0.23,0.48,5,834,put,337.1700134277344,0.4175349050305314,0.3550000000190351,-0.006096225981195937,0.00011052416340877666,6.434809577850353,-0.9777662435716401,-2.9565725913453873
2027-12-17,1.2265571526351813,130.0,0.47,0.43,0.51,24,512,put,337.1700134277344,0.4185465202153376,0.4699999999985467,-0.007823565211935253,0.00013742221234565316,8.020221217102076,-1.216869745011912,-3.8119821251927752
2027-12-17,1.2265571526351813,135.0,0.52,0.46,0.58,1,2953,put,337.1700134277344,0.40976576825309247,0.5199999999678151,-0.008754766981365177,0.00015493539926338213,8.852623745352794,-1.3094848907721843,-4.258416195709421
2027-12-17,1.2265571526351813,140.0,0.6100000000000001,0.56,0.66,1,3722,put,337.1700134277344,0.40484922726530564,0.6099999999813008,-0.010221659740845834,0.00017956142398182188,10.136593516457214,-1.47513169424687,-4.975452003069399
2027-12-17,1.2265571526351813,145.0,0.7,0.65,0.75,1,611,put,337.1700134277344,0.39903781560693213,0.6999999999999957,-0.011725953402632482,0.00020528701285575378,11.422501021859734,-1.631175621352196,-5.707955263698624
2027-12-17,1.2265571526351813,150.0,0.7949999999999999,0.75,0.84,3,920,put,337.1700134277344,0.39296923340863416,0.79499999999089,-0.01333478552757417,0.00023299768146125681,12.76720479791411,-1.7872564820272898,-6.489824058288312
2027-12-17,1.2265571526351813,155.0,0.96,0.91,1.01,1,1076,put,337.1700134277344,0.3911867094423881,0.9599999999999531,-0.015825030684258164,0.0002712115956561519,14.793741336275694,-2.0520941695065185,-7.7220675212071255
2027-12-17,1.2265571526351813,160.0,1.06,0.98,1.14,12,1058,put,337.1700134277344,0.3840363391509716,1.060000000001655,-0.017595057570190944,0.0003024860068997361,16.19807053582476,-2.194875252846172,-8.576732531547442
2027-12-17,1.2265571526351813,165.0,1.165,1.12,1.21,10,1022,put,337.1700134277344,0.37686380282702325,1.1650000001896241,-0.019485452243982196,0.00033621762717758903,17.668129786851047,-2.337195406021154,-9.487309424592695
2027-12-17,1.2265571526351813,170.0,1.32,1.27,1.37,3,1046,put,337.1700134277344,0.37199327775728913,1.3199999999935792,-0.022023243508541124,0.00037781807436360493,19.597627470015773,-2.545420681103612,-10.726950402879707
2027-12-17,1.2265571526351813,175.0,1.4849999999999999,1.44,1.53,1,1870,put,337.1700134277344,0.3669485487852455,1.4849999997607588,-0.0247424341956046,0.0004224239551256777,21.614211103089854,-2.7540163518463174,-12.0538761879205
2027-12-17,1.2265571526351813,180.0,1.6600000000000001,1.61,1.71,1,3475,put,337.1700134277344,0.36174787945379305,1.6600000000369837,-0.027649145107163237,0.00047018693183188394,23.717134922088437,-2.9619830857108247,-13.470618088799165
2027-12-17,1.2265571526351813,185.0,1.88,1.83,1.93,32,1013,put,337.1700134277344,0.35775058196326026,1.8799999999999317,-0.03113563991848372,0.0005246967222267202,26.174257818923135,-3.2135857035870803,-15.182329500258705
2027-12-17,1.2265571526351813,190.0,2.1100000000000003,2.06,2.16,2,1518,put,337.1700134277344,0.3533986148252119,2.1100000000093675,-0.03481180470615427,0.0005823101478432982,28.694910686954707,-3.4585937116683256,-16.984746074693298
2027-12-17,1.2265571526351813,195.0,2.33,2.24,2.42,1,1828,put,337.1700134277344,0.3481062411831728,2.3299999999995884,-0.038475119047460954,0.0006415634262526495,31.141324766574375,-3.6728948067055787,-18.76958266893312
2027-12-17,1.2265571526351813,200.0,2.65,2.59,2.71,8,5645,put,337.1700134277344,0.3453047443705897,2.649999999999994,-0.04328880506073351,0.0007116479732464689,34.2652131819884,-3.982189539142649,-21.152820721839678
2027-12-17,1.2265571526351813,205.0,2.9699999999999998,2.89,3.05,1,613,put,337.1700134277344,0.34167900040141336,2.970000000005994,-0.048190291597848676,0.0007839277414054576,37.349087618695,-4.264792182837974,-23.572369409397126
2027-12-17,1.2265571526351813,210.0,3.4000000000000004,3.2,3.6,3,1218,put,337.1700134277344,0.34008453025862784,3.399999999995852,-0.05427286858016089,0.0008656879254753336,41.05196151957966,-4.632628135366114,-26.61528913049364
2027-12-17,1.2265571526351813,215.0,3.675,3.6,3.75,1,944,put,337.1700134277344,0.3340240019732787,3.675000000021333,-0.058967617206910634,0.0009408972424756313,43.8233473003417,-4.818012746381727,-28.894144569181783
2027-12-17,1.2265571526351813,220.0,4.05,3.9,4.2,1,1412,put,337.1700134277344,0.3297813688094683,4.050000000030777,-0.06476419234564681,0.0010253183193446949,47.14878537325906,-5.075584193614446,-31.7513252130768
2027-12-17,1.2265571526351813,225.0,4.5,4.35,4.65,4,686,put,337.1700134277344,0.32648489975598305,4.499999999998178,-0.07139377850915582,0.0011165448077969204,50.830564373154445,-5.371089709437611,-35.04499625967679
2027-12-17,1.2265571526351813,230.0,5.050000000000001,4.95,5.15,2,2682,put,337.1700134277344,0.3243696971219492,5.0499999999145215,-0.07903813832140648,0.001214386099019026,54.92660274587184,-5.7160031991954705,-38.88099107803622
2027-12-17,1.2265571526351813,235.0,5.550000000000001,5.4,5.7,3,685,put,337.1700134277344,0.3206158222612144,5.550000001134563,-0.08638070042054852,0.0013134772538843876,58.720964857534284,-5.982532145876132,-42.53084709371375
2027-12-17,1.2265571526351813,240.0,6.175,6.05,6.3,4,1705,put,337.1700134277344,0.318292020103667,6.175000000000018,-0.09491385607206243,0.0014188064342163082,62.97012794601164,-6.307009275694757,-46.82640258611997
2027-12-17,1.2265571526351813,245.0,6.85,6.75,6.95,4,841,put,337.1700134277344,0.31598719843572803,6.849999999981118,-0.10397343532123055,0.0015275390707286194,67.30502525364336,-6.6238299062054,-51.40099278124272
2027-12-17,1.2265571526351813,250.0,7.550000000000001,7.4,7.7,16,12937,put,337.1700134277344,0.3133210578285572,7.549999999999981,-0.11336651107789636,0.001639300662735463,71.61992707019016,-6.91267674044836,-56.14416715113095
2027-12-17,1.2265571526351813,255.0,8.225,7.95,8.5,7,706,put,337.1700134277344,0.30967044804503585,8.224999998405924,-0.12275928440633728,0.0017545691816378487,75.7627857781417,-7.141282577765325,-60.85655251852494
2027-12-17,1.2265571526351813,260.0,9.125,9.0,9.25,15,1490,put,337.1700134277344,0.30828686034200037,9.125000000000005,-0.13389000021198333,0.0018717716259052419,80.46250520281602,-7.461331484925713,-66.56365377098582
2027-12-17,1.2265571526351813,265.0,10.1,9.95,10.25,2,2396,put,337.1700134277344,0.30701766965852917,10.100000000000078,-0.1456144049678457,0.0019897222823008556,85.18075994167224,-7.768786807554562,-72.60827179594664
2027-12-17,1.2265571526351813,270.0,11.025,10.8,11.25,10,1121,put,337.1700134277344,0.3044309578980783,11.024999999982441,-0.15717204942209,0.002111003808766751,89.61145046356523,-7.992739040617685,-78.52259685780614
2027-12-17,1.2265571526351813,275.0,12.100000000000001,11.9,12.3,1,1117,put,337.1700134277344,0.30282078999497075,12.099999999385222,-0.1697669008293924,0.0022309747675323855,94.20327954575731,-8.239939074442015,-85.04985102741712
2027-12-17,1.2265571526351813,280.0,13.425,13.15,13.7,2,2964,put,337.1700134277344,0.3030444258357514,13.425000001134503,-0.18377611070925848,0.002343676883927825,99.03522952355931,-8.548487596417637,-92.46866416172223
2027-12-17,1.2265571526351813,285.0,14.55,14.3,14.8,5,475,put,337.1700134277344,0.3004949380382953,14.550000000000004,-0.19689293690260676,0.002465546737952122,103.30850480462321,-8.69710790581419,-99.27311318909388
2027-12-17,1.2265571526351813,290.0,15.8,15.6,16.0,20,985,put,337.1700134277344,0.2985155969652626,15.800000000000034,-0.21078102673253085,0.0025845140820845635,107.58001634532643,-8.84252791159653,-106.54984433387037
2027-12-17,1.2265571526351813,295.0,17.2,16.95,17.45,62,848,put,337.1700134277344,0.297250950369269,17.19999999999998,-0.2254503011948453,0.002697814092607979,111.82037558380337,-8.989274201239938,-114.33362443355627
2027-12-17,1.2265571526351813,300.0,18.65,18.4,18.9,23,1955,put,337.1700134277344,0.2957501054531291,18.650000002516776,-0.2404449284923889,0.002809882643986407,115.8774063046863,-9.090455687571547,-122.31328475667331
2027-12-17,1.2265571526351813,305.0,20.325000000000003,20.05,20.6,90,456,put,337.1700134277344,0.2954881429310616,20.324999999810615,-0.2562863134392717,0.0029092677423366337,119.8697021025102,-9.213816040490695,-130.91910407960717
2027-12-17,1.2265571526351813,310.0,21.825,21.5,22.15,2,3604,put,337.1700134277344,0.2931071460221637,21.824999999993747,-0.2717527570204603,0.00302137455289903,123.48569481762347,-9.199711044573908,-139.15521579371816
2027-12-17,1.2265571526351813,315.0,23.5,23.0,24.0,6,353,put,337.1700134277344,0.291536379993977,23.499999999999822,-0.28786977774150313,0.0031232763429879353,126.96641127987763,-9.18468592940019,-147.8750265798508
2027-12-17,1.2265571526351813,320.0,25.700000000000003,25.05,26.35,11,497,put,337.1700134277344,0.2933907398793083,25.699999997602845,-0.30507449483742943,0.003186666618315504,130.36731143384185,-9.29236382140572,-157.6886057227718
2027-12-17,1.2265571526351813,325.0,27.575,27.25,27.9,47,840,put,337.1700134277344,0.2920569462207777,27.575000000181124,-0.3217123388478752,0.0032745801927662713,133.35485952951112,-9.20852096300884,-166.86911873238986
2027-12-17,1.2265571526351813,330.0,29.6,29.15,30.05,2,263,put,337.1700134277344,0.29123448581060685,29.600000000003586,-0.3386561705705985,0.00335142195191079,136.09983084163932,-9.108147964590703,-176.36015906707036
2027-12-17,1.2265571526351813,335.0,31.85,31.5,32.2,1,77,put,337.1700134277344,0.2914356587643037,31.850000000000033,-0.3558168907105465,0.003410141845788603,138.58008035967472,-9.016986659444495,-186.21687076460776
2027-12-17,1.2265571526351813,340.0,34.175,33.8,34.55,1,2751,put,337.1700134277344,0.29154954422778084,34.175000000541225,-0.3729874765694589,0.0034625575875610066,140.76511769991384,-8.881992633662113,-196.16965429914146
2027-12-17,1.2265571526351813,345.0,36.55,36.15,36.95,10,61,put,337.1700134277344,0.2914140096027091,36.5499999998148,-0.39015725810677315,0.0035107500192492406,142.65795995523598,-8.695319192350553,-206.18343305588604
2027-12-17,1.2265571526351813,350.0,39.125,38.75,39.5,5,423,put,337.1700134277344,0.29208713300935313,39.12500000000099,-0.40720313050426726,0.0035417986074474223,144.25204032486872,-8.511919529216316,-216.39127959209648
2027-12-17,1.2265571526351813,355.0,41.425,40.7,42.15,20,63,put,337.1700134277344,0.2902932902867621,41.42500000033561,-0.4245544139062759,0.003596644325334875,145.58618507044633,-8.161597295764095,-226.3881281647844
2027-12-17,1.2265571526351813,360.0,44.675,44.15,45.2,1,272,put,337.1700134277344,0.2944553972761255,44.675000000323436,-0.44055839748040443,0.0035695479866248705,146.56100006630768,-8.094357129417876,-236.99301901692718
2027-12-17,1.2265571526351813,365.0,65.44999999999999,63.55,67.35,170,90,put,337.1700134277344,0.4177054461374775,65.44999999999999,-0.4231759691014541,0.002497926401372164,145.49077316493404,-14.455927030910761,-255.28609647785308
2027-12-17,1.2265571526351813,370.0,50.3,49.5,51.1,1,95,put,337.1700134277344,0.29515625412173313,50.299999999922306,-0.4734419086105143,0.003591187348352263,147.80044044075174,-7.455040928649122,-257.4916516855714
2027-12-17,1.2265571526351813,375.0,53.400000000000006,52.7,54.1,11,117,put,337.1700134277344,0.2966838318820708,53.399999998665564,-0.4890785619073364,0.0035782812686076856,148.03146271610757,-7.157651797268094,-267.7606464813477
2027-12-17,1.2265571526351813,380.0,56.95,56.05,57.85,3,44,put,337.1700134277344,0.30076021638784367,56.94999999999998,-0.5031732010275483,0.0035300413066605162,148.04230956165617,-6.988708318653535,-277.9438792504494
2027-12-17,1.2265571526351813,385.0,59.875,58.85,60.9,2,33,put,337.1700134277344,0.3001441896661274,59.87500000000013,-0.5190381534693509,0.00353222898438344,147.8306431164422,-6.513848077806533,-288.09264155043365
2027-12-17,1.2265571526351813,390.0,63.35,62.7,64.0,1,25,put,337.1700134277344,0.30279689358130574,63.35000000000755,-0.5329032459267521,0.0034922985170098273,147.4512473484299,-6.218306382493089,-298.0889516057401
2027-12-17,1.2265571526351813,395.0,66.675,65.85,67.5,6,77,put,337.1700134277344,0.3040017089822594,66.67500000016756,-0.5471495070288793,0.003464793940450745,146.87203492307202,-5.812157593367149,-308.0589135418719
2027-12-17,1.2265571526351813,400.0,70.65,69.65,71.65,6,89,put,337.1700134277344,0.309232065977622,70.65000000153377,-0.5584697659148747,0.0033923309436561457,146.27442907535087,-5.656091520079513,-317.6160651509049
2027-12-17,1.2265571526351813,405.0,74.325,73.45,75.2,2,72,put,337.1700134277344,0.31203986011911966,74.32499999999999,-0.5707567515523753,0.003343720355103136,145.48750609573352,-5.329787471322842,-327.2050474744099
2027-12-17,1.2265571526351813,410.0,78.275,77.25,79.3,2,60,put,337.1700134277344,0.3163835566285619,78.27499999999986,-0.5815078745122697,0.003279515896037634,144.68027314979608,-5.09994172914898,-336.4961642716509
2027-12-17,1.2265571526351813,415.0,82.44999999999999,81.85,83.05,2,1,put,337.1700134277344,0.3219638679960463,82.44999999999902,-0.5908366559086945,0.003205062833761327,143.88958505706734,-4.953029536323731,-345.47503528114
2027-12-17,1.2265571526351813,420.0,86.625,85.35,87.9,2,17,put,337.1700134277344,0.32725113303503006,86.62499999999311,-0.599817236104456,0.003134853147376907,143.0487396623352,-4.784369857752237,-354.30990479693503
2027-12-17,1.2265571526351813,425.0,90.19999999999999,89.3,91.1,2,6,put,337.1700134277344,0.3280350274179463,90.19999999990792,-0.6116733565123335,0.003100458848130043,141.8181667961449,-4.284170322307855,-363.59804351867024
2027-12-17,1.2265571526351813,430.0,94.85,94.15,95.55,5,4,put,337.1700134277344,0.336120651268799,94.84999999968402,-0.6175508466264836,0.0030117674601888578,141.15696399581245,-4.3194433128040925,-371.7322190487934
2027-12-17,1.2265571526351813,435.0,99.225,98.0,100.45,3,3,put,337.1700134277344,0.3420338179623894,99.22499999884793,-0.6245931555183665,0.0029421454013540335,140.3197673394227,-4.197120560869154,-380.0108118249616
2027-12-17,1.2265571526351813,440.0,103.475,102.2,104.75,4,2,put,337.1700134277344,0.3468279947855394,103.47500000293446,-0.6320651633067903,0.002881994455231385,139.37759352619065,-3.991965379481707,-388.3137905046545
2027-12-17,1.2265571526351813,450.0,112.875,111.95,113.8,0,1,put,337.1700134277344,0.36228695210121603,112.87499999999999,-0.6411400902181289,0.0027348790668539607,138.15814579896437,-4.045127044239431,-403.5964390058907
2027-12-17,1.2265571526351813,460.0,140.05,138.4,141.7,0,0,put,337.1700134277344,0.5020602208538013,140.04999999999913,-0.5658893981053824,0.0020828844387519346,145.8164980740083,-13.262057131750709,-405.8075819550881
2028-01-21,1.322381930184805,5.0,332.55,330.6,334.5,2,58,call,337.1700134277344,2.7847894476041537,332.5500000000118,0.9917585690327737,4.930244764697345e-06,2.064028253345932,-0.5989371108566912,2.434835778990654
2028-01-21,1.322381930184805,25.0,313.525,311.6,315.45,2,10,call,337.1700134277344,1.3446093070441207,313.52500000000026,0.9871848815673775,3.366955906606014e-05,6.805943423208665,-2.820104580039788,25.55389325314444
2028-01-21,1.322381930184805,50.0,290.20000000000005,288.3,292.1,10,129,call,337.1700134277344,0.965208132023742,290.1999999999793,0.9836160432437343,6.987491830993374e-05,10.139045640546863,-4.238650747906796,54.80722263513375
2028-01-21,1.322381930184805,70.0,271.54999999999995,269.65,273.45,15,141,call,337.1700134277344,0.7975856610275774,271.5499999999999,0.9810063877864746,0.00010384443731887949,12.451319226581226,-5.239579197014021,78.30608499193507
2028-01-21,1.322381930184805,80.0,262.25,260.3,264.2,2,183,call,337.1700134277344,0.7349771171182533,262.2499999999812,0.9795895511591097,0.00012373022668875697,13.671130190593225,-5.753777476491363,89.9725154907488
2028-01-21,1.322381930184805,90.0,252.875,251.0,254.75,2,184,call,337.1700134277344,0.6754095383185411,252.875,0.9785277924638328,0.0001435016340983719,14.57064673031379,-6.155271245677002,101.89644235593538
2028-01-21,1.322381930184805,100.0,243.575,241.7,245.45,4,1121,call,337.1700134277344,0.6275800334678437,243.5749999999993,0.9770533279033702,0.00016747537812184218,15.800647252503442,-6.6526726026675105,113.53717843035406
2028-01-21,1.322381930184805,115.0,229.775,228.0,231.55,1,19,call,337.1700134277344,0.5730072377248062,229.7749999996537,0.9737559534586652,0.00021451289943013612,18.47856803268189,-7.584863323482242,130.31585685780584
2028-01-21,1.322381930184805,120.0,225.15,223.4,226.9,2,94,call,337.1700134277344,0.554976043674562,225.15000000038083,0.9727388469853353,0.00023116147231128247,19.286102967408613,-7.856998825931605,135.97837852972737
2028-01-21,1.322381930184805,125.0,220.525,218.75,222.3,34,38,call,337.1700134277344,0.5376756855039992,220.52500000021146,0.9716880943606093,0.00024881557703993287,20.111884018607032,-8.126840679704669,141.62589847631125
2028-01-21,1.322381930184805,135.0,211.175,209.3,213.05,55,119,call,337.1700134277344,0.5003776465063589,211.17499999999995,0.9701985683705785,0.000282737016182747,21.268426618834567,-8.533466909870203,153.32603824507058
2028-01-21,1.322381930184805,140.0,206.6,204.7,208.5,26,69,call,337.1700134277344,0.487340925131647,206.60000000001986,0.9686838142929323,0.0003061342909143036,22.428470331414125,-8.860346336207622,158.7005559117001
2028-01-21,1.322381930184805,145.0,201.97500000000002,200.15,203.8,4,18,call,337.1700134277344,0.47247995667649184,201.97500000000093,0.9674896730611763,0.0003284849977128019,23.332094246321493,-9.12154923012138,164.28414353358576
2028-01-21,1.322381930184805,150.0,197.55,195.8,199.3,1,287,call,337.1700134277344,0.46614603617504136,197.54999999999941,0.9647136697201166,0.00036242591348347526,25.397795992550726,-9.619354065476678,168.89795381294172
2028-01-21,1.322381930184805,160.0,188.325,186.45,190.2,2,1254,call,337.1700134277344,0.4389712321821143,188.32500000001343,0.9618076965208434,0.0004168894827247902,27.511342988766803,-10.151088561317703,179.80124801709763
2028-01-21,1.322381930184805,165.0,183.925,182.15,185.7,2,806,call,337.1700134277344,0.43320655922470225,183.925000000741,0.9585741612346618,0.00045771722656133643,29.808977145794376,-10.648338738499557,184.17800010752276
2028-01-21,1.322381930184805,170.0,179.27499999999998,177.6,180.95,1,210,call,337.1700134277344,0.41901026027883653,179.27499999980097,0.9572311844697692,0.000488124322069902,30.74750623855029,-10.861739418917104,189.72828634687534
2028-01-21,1.322381930184805,175.0,174.52499999999998,173.1,175.95,4,109,call,337.1700134277344,0.4020346924925642,174.52499999999992,0.9566814306492063,0.0005150492678638415,31.129138213345126,-10.96524996467146,195.764483135172
2028-01-21,1.322381930184805,180.0,170.075,168.65,171.5,2,510,call,337.1700134277344,0.39483248011990907,170.075,0.9535419538084411,0.0005606988015474265,33.28107089629083,-11.386777916856454,200.2492919300988
2028-01-21,1.322381930184805,185.0,165.625,164.2,167.05,10,353,call,337.1700134277344,0.3874107224455709,165.62499999999727,0.9502975611076193,0.000608820753278317,35.45813403147234,-11.79562744471662,204.68732214931677
2028-01-21,1.322381930184805,190.0,161.14999999999998,159.7,162.6,2,142,call,337.1700134277344,0.37914308457044066,161.14999999951598,0.9471514018225595,0.0006583871081650023,37.52660276094502,-12.1675685995029,209.20221100818162
2028-01-21,1.322381930184805,195.0,156.77499999999998,155.35,158.2,6,286,call,337.1700134277344,0.37330423755062747,156.77499999910597,0.9430431943971592,0.0007157548613395311,40.16816745061229,-12.622960883156754,213.15591564282184
2028-01-21,1.322381930184805,200.0,152.35000000000002,150.9,153.8,55,1059,call,337.1700134277344,0.3659473672617066,152.35000000000056,0.9392268778880235,0.0007737176657396334,42.565322926885706,-13.01567386646533,217.30588405503192
2028-01-21,1.322381930184805,210.0,143.925,142.75,145.1,4,256,call,337.1700134277344,0.35953881059081866,143.92499999999984,0.9277397678486458,0.0009154512968302648,49.48069763978457,-14.113250295556904,223.3252224004794
2028-01-21,1.322381930184805,220.0,135.1,133.95,136.25,5,854,call,337.1700134277344,0.34351793692903665,135.09999999999067,0.9188337948572952,0.0010565518977353851,54.56259860154177,-14.797174273876466,231.02435872635607
2028-01-21,1.322381930184805,230.0,127.0,125.95,128.05,2,3161,call,337.1700134277344,0.33899445425623786,127.00000000000003,0.903714265056017,0.0012302963368486586,62.698495106407535,-15.931280225911227,234.9943449058509
2028-01-21,1.322381930184805,240.0,118.6,117.75,119.45,19,2822,call,337.1700134277344,0.32758336029929724,118.60000000002196,0.8901303355122767,0.0014120189658713771,69.53719310075249,-16.733165554826396,240.0457199631282
2028-01-21,1.322381930184805,250.0,110.57499999999999,109.1,112.05,130,1999,call,337.1700134277344,0.31988814188401493,110.57499999999987,0.8731356537875713,0.0016122819857155646,77.53431162792836,-17.6483835627193,243.08045813550768
2028-01-21,1.322381930184805,260.0,103.275,102.0,104.55,5,2259,call,337.1700134277344,0.31878761714172027,103.27499999999918,0.8510129476698384,0.0018176856838615385,87.11140587852304,-18.799361672872354,242.87004982238673
2028-01-21,1.322381930184805,270.0,95.975,94.95,97.0,4,3794,call,337.1700134277344,0.31473331813871785,95.97500000227039,0.8285258805801351,0.002028513093627942,95.97880278328309,-19.744031417942473,242.49718477851036
2028-01-21,1.322381930184805,280.0,88.3,87.8,88.8,20,2354,call,337.1700134277344,0.30475825723188954,88.29999999999995,0.8069743669375053,0.002264128066083038,103.73164431890183,-20.33338322094064,243.0373458720422
2028-01-21,1.322381930184805,290.0,81.175,80.5,81.85,4,5434,call,337.1700134277344,0.2982959285733513,81.17500000000004,0.7817689595092002,0.0024963774364393735,111.94697608311101,-20.976203105775127,241.22104429233326
2028-01-21,1.322381930184805,300.0,74.85,74.25,75.45,141,21137,call,337.1700134277344,0.2966015141368337,74.84999999707215,0.7527607796481623,0.002699043124933244,120.34775134963614,-21.712353409790595,236.65130440860833
2028-01-21,1.322381930184805,310.0,68.875,68.1,69.65,9,2459,call,337.1700134277344,0.29519491547420007,68.87499999999532,0.7223569919113516,0.002884879077947223,128.02396675983073,-22.32974215147684,230.99647460075602
2028-01-21,1.322381930184805,320.0,62.724999999999994,62.15,63.3,39,3868,call,337.1700134277344,0.29011073012434047,62.7249999991207,0.6916937065314092,0.003087709865136239,134.6651037460124,-22.641807447370354,225.45736006170495
2028-01-21,1.322381930184805,330.0,56.975,56.45,57.5,164,3742,call,337.1700134277344,0.28589517417589205,56.975000000008095,0.659416459354876,0.0032694999436709616,140.5215564460342,-22.84260530633782,218.6696795833944
2028-01-21,1.322381930184805,340.0,51.525,51.3,51.75,8,3658,call,337.1700134277344,0.2817114012622343,51.52500000221231,0.6259453630175585,0.0034336474118836454,145.41691052419162,-22.88889828659511,210.95298594400666
2028-01-21,1.322381930184805,350.0,46.5,46.25,46.75,49,8095,call,337.1700134277344,0.27835920317775575,46.49999999999968,0.5915599588393099,0.0035663389911930908,149.23922979140988,-22.816706586141244,202.26661980854894
2028-01-21,1.322381930184805,360.0,41.825,41.5,42.15,13,3276,call,337.1700134277344,0.2752760570909549,41.82500000000336,0.5566447047241524,0.0036706021345563793,151.9009690629972,-22.602474076415348,192.88117711028283
2028-01-21,1.322381930184805,370.0,37.900000000000006,37.45,38.35,25,1235,call,337.1700134277344,0.2750671833541275,37.89999999998816,0.5224787731120655,0.0037081105197538998,153.33674599513066,-22.394882745270007,182.83804654038616
2028-01-21,1.322381930184805,380.0,33.7,33.4,34.0,377,4890,call,337.1700134277344,0.27106679720087673,33.699999999999996,0.48713581522015864,0.003769712310928159,153.6170160566836,-21.84227972868885,172.63377319741033
2028-01-21,1.322381930184805,390.0,30.275,30.1,30.45,2,1534,call,337.1700134277344,0.2701818198239649,30.27500000001965,0.4536510690038583,0.0037608167602927014,152.75417493810363,-21.342334193956024,162.2331701144172
2028-01-21,1.322381930184805,400.0,27.025,26.85,27.2,13,4766,call,337.1700134277344,0.2685776812762517,27.024999999999977,0.4205622170180902,0.0037352995533982314,150.81694822685535,-20.689691562521713,151.77766657765213
2028-01-21,1.322381930184805,410.0,23.95,23.65,24.25,3,947,call,337.1700134277344,0.266310430938515,23.949999999994457,0.3878487880367773,0.003692447980913775,147.82822275065396,-19.892992714532557,141.25813513197286
2028-01-21,1.322381930184805,420.0,21.375,20.9,21.85,10,3132,call,337.1700134277344,0.2656754776928682,21.374999998560142,0.35761532652049743,0.0036078852849664358,144.09834177196302,-19.12999484630555,131.18314969903452
2028-01-21,1.322381930184805,430.0,19.200000000000003,18.8,19.6,8,519,call,337.1700134277344,0.26620200945488076,19.199999999999974,0.3299391235764561,0.0034945427271236684,139.8480699263978,-18.398241142518962,121.71941006147014
2028-01-21,1.322381930184805,440.0,16.95,16.75,17.15,11,1319,call,337.1700134277344,0.264614557090597,16.950000000000003,0.30161450750743296,0.0033847079325668213,134.64484290533403,-17.454546216642996,112.06574271007133
2028-01-21,1.322381930184805,450.0,14.95,14.65,15.25,1,7632,call,337.1700134277344,0.26329318861884654,14.949999999999992,0.2749816840994998,0.0032574479959963424,128.9353215754165,-16.493847653754866,102.83579529653969
2028-01-21,1.322381930184805,460.0,13.25,13.05,13.45,14,850,call,337.1700134277344,0.2628004034738551,13.249999999707843,0.2507981139253887,0.0031142067105717312,123.03488182666979,-15.582228142996785,94.30117580177999
2028-01-21,1.322381930184805,470.0,11.75,11.55,11.95,39,637,call,337.1700134277344,0.26253635934346786,11.7500000000003,0.22844638355425276,0.0029630696475510913,116.94619899588396,-14.683298746900313,86.31883781430159
2028-01-21,1.322381930184805,480.0,10.35,10.2,10.5,75,267,call,337.1700134277344,0.26176782636876306,10.349999999999898,0.20703174164150828,0.0028082232586524682,110.51028307895784,-13.739937310568624,78.62207895348487
2028-01-21,1.322381930184805,490.0,9.075,8.75,9.4,1,338,call,337.1700134277344,0.26077419681332525,9.074999999999376,0.18684816635195012,0.0026496269930183698,103.8733524751612,-12.784937153576843,71.30891498982724
2028-01-21,1.322381930184805,500.0,8.075,7.85,8.3,18,5148,call,337.1700134277344,0.2611819202978528,8.074999999033956,0.16983293527940693,0.0024913560855473918,97.82136264685816,-11.980913013308264,65.04475781687748
2028-01-21,1.322381930184805,510.0,7.15,7.0,7.3,3,1250,call,337.1700134277344,0.26122573520891346,7.150000000038874,0.1537726859149408,0.0023350869060765208,91.70094291269537,-11.167117499759817,59.107217334948686
2028-01-21,1.322381930184805,520.0,6.375,6.2,6.55,2,581,call,337.1700134277344,0.26183324644125444,6.374999999915299,0.1396954517550346,0.0021845592768272985,85.98910262005182,-10.43595260155611,53.85548166245441
2028-01-21,1.322381930184805,530.0,5.6,5.45,5.75,1,2809,call,337.1700134277344,0.26138199913686827,5.6000000000009935,0.1256277473270756,0.0020342511957809058,79.93464450087293,-9.63632016171977,48.60799498775838
2028-01-21,1.322381930184805,540.0,5.0,4.85,5.15,1,174,call,337.1700134277344,0.26210489400665715,5.000000000999847,0.11405825287298452,0.0018952186433545933,74.67740923374278,-8.981716690023479,44.24296219242917
2028-01-21,1.322381930184805,550.0,4.425,4.3,4.55,1,429,call,337.1700134277344,0.2622342110126193,4.424999999983444,0.10289615430019171,0.0017591434758044984,69.34983044374036,-8.306952611569717,40.02651444812305
2028-01-21,1.322381930184805,560.0,3.95,3.85,4.05,50,102,call,337.1700134277344,0.26290975130056077,3.950000000033489,0.0933001365884773,0.0016332931492678763,64.5543670718851,-7.717832110207634,36.37609311964164
2028-01-21,1.322381930184805,570.0,3.5,3.4,3.6,1,122,call,337.1700134277344,0.2631224586079317,3.4999999999972093,0.08413348773429058,0.0015111020400808699,59.77319949366817,-7.122850284099045,32.88405387634007
2028-01-21,1.322381930184805,580.0,3.1,3.0,3.2,1,25,call,337.1700134277344,0.2633184414928763,3.099999999999992,0.07580169203341734,0.0013955707449547134,55.24435729488624,-6.5627351128970295,29.698129452493824
2028-01-21,1.322381930184805,590.0,2.71,2.55,2.87,2,340,call,337.1700134277344,0.2628162481960334,2.7099999999992694,0.0676307022031531,0.0012811766999681231,50.61928840944013,-5.981070888089859,26.570679326195975
2028-01-21,1.322381930184805,600.0,2.495,2.41,2.58,83,1782,call,337.1700134277344,0.2650554337609405,2.4949999999992416,0.06256399570448945,0.0011959057416960589,47.65280343913424,-5.656024262038258,24.595911513396025
2028-01-21,1.322381930184805,5.0,0.03,0.0,0.06,9,274,put,337.1700134277344,1.304477699808912,0.03000000000000016,-0.0001582827842363831,1.2034241650738023e-06,0.23599900926434747,-0.11225019058835241,-0.11024461245424282
2028-01-21,1.322381930184805,10.0,0.025,0.0,0.05,12,34,put,337.1700134277344,1.050683515677044,0.024999999999999994,-0.00017843793999736384,1.6714169204214865e-06,0.26400460701686884,-0.10066805995561028,-0.11261923238286224
2028-01-21,1.322381930184805,20.0,0.08,0.0,0.16,10,316,put,337.1700134277344,0.9309757134139853,0.07999999999999986,-0.0006079992994095592,5.896426579573789e-06,0.8252433614619201,-0.2764115818337362,-0.3768777022037111
2028-01-21,1.322381930184805,25.0,0.605,0.0,1.21,330,580,put,337.1700134277344,1.100027048835087,0.6050000000422301,-0.003057329278839412,2.1805801281963956e-05,3.6060372354570287,-1.418300692255482,-2.163204931422462
2028-01-21,1.322381930184805,30.0,0.145,0.0,0.29,3,397,put,337.1700134277344,0.8458083499215957,0.14499999999999674,-0.001178868362483674,1.1932347127685366e-05,1.5172342570759012,-0.45845490214409657,-0.7173645085742248
2028-01-21,1.322381930184805,35.0,0.22,0.0,0.44,4,75,put,337.1700134277344,0.8304624982576594,0.21999999999994754,-0.0017612639731823974,1.7531517942819417e-05,2.1887408253255045,-0.6471055402212738,-1.0762144476017268
2028-01-21,1.322381930184805,40.0,0.155,0.0,0.31,1,86,put,337.1700134277344,0.7498721989354742,0.15499999999999847,-0.001446567249082944,1.622753705117341e-05,1.8293409435836305,-0.48704815297534465,-0.8499465700729685
2028-01-21,1.322381930184805,50.0,0.08,0.05,0.11,1,2629,put,337.1700134277344,0.6265701350591109,0.08000000000000033,-0.0009703060861887269,1.3474268227200477e-05,1.2691988554958542,-0.2807418932485638,-0.5384185354709798
2028-01-21,1.322381930184805,70.0,0.14500000000000002,0.1,0.19,1,68,put,337.1700134277344,0.5533367153418337,0.14500000001297553,-0.0019223502070623505,2.8490735648115514e-05,2.3699978033736415,-0.457053617315579,-1.0488589245807012
2028-01-21,1.322381930184805,80.0,0.16999999999999998,0.1,0.24,1,44,put,337.1700134277344,0.5179821300591011,0.16999999999999993,-0.002389166310570516,3.706649405459942e-05,2.8863638719699947,-0.5176233093991981,-1.2900566173273134
2028-01-21,1.322381930184805,90.0,0.20500000000000002,0.1,0.31,1,119,put,337.1700134277344,0.4887815404993606,0.20499999999999963,-0.003016653825736318,4.8486607593683485e-05,3.5627995420995906,-0.5987576528459299,-1.6161162953575756
2028-01-21,1.322381930184805,100.0,0.28,0.2,0.36,1,1653,put,337.1700134277344,0.4702038273049646,0.2799999999526737,-0.00417223042050223,6.743417307503312e-05,4.766734781294618,-0.7650979780684837,-2.230529025741101
2028-01-21,1.322381930184805,110.0,0.29,0.16,0.42,1,441,put,337.1700134277344,0.4384830804377973,0.2899999999971416,-0.004638481825191923,7.949005414680564e-05,5.239868952006752,-0.7782931543997746,-2.451639208741734
2028-01-21,1.322381930184805,115.0,0.33,0.11,0.55,1,12,put,337.1700134277344,0.42982210762613504,0.3299999999999815,-0.005323217718090786,9.167221607764673e-05,5.923539271736286,-0.8590407835941586,-2.8098359893837555
2028-01-21,1.322381930184805,120.0,0.31,0.15,0.47,2,821,put,337.1700134277344,0.4112335984933078,0.31000000009094486,-0.005270148754944876,9.496607076893071e-05,5.870996913306545,-0.8111567462544271,-2.7597266232152813
2028-01-21,1.322381930184805,125.0,0.44,0.37,0.51,1,305,put,337.1700134277344,0.4156707348196159,0.4399999999928209,-0.007141636629700939,0.00012297174557303477,7.6843932113425755,-1.0688349258266405,-3.766071956060279
2028-01-21,1.322381930184805,130.0,0.53,0.48,0.58,2,215,put,337.1700134277344,0.4117908256646826,0.5300000001044349,-0.008519505681550991,0.00014496913061478169,8.97443246513065,-1.2313517937716079,-4.49943340508627
2028-01-21,1.322381930184805,135.0,0.605,0.55,0.66,1,2871,put,337.1700134277344,0.4052369676631809,0.6049999999515663,-0.009749061552629532,0.0001657656027385772,10.098532479863998,-1.357475628808738,-5.14683109276448
2028-01-21,1.322381930184805,140.0,0.675,0.61,0.74,1,1569,put,337.1700134277344,0.39770749613754286,0.6749999999999996,-0.010957965370798408,0.00018702132978420393,11.181748247307102,-1.4683397009791432,-5.778408791172503
2028-01-21,1.322381930184805,145.0,0.7849999999999999,0.73,0.84,1,495,put,337.1700134277344,0.39308052456072023,0.7849999999845448,-0.0126813082456012,0.00021478541749613228,12.692322888090223,-1.6395671369169913,-6.692253439844415
2028-01-21,1.322381930184805,150.0,0.905,0.88,0.93,10,1383,put,337.1700134277344,0.38832957493840864,0.9049999999993231,-0.01456244273004624,0.00024497046762175827,14.301085108439263,-1.8161764514102867,-7.689676063602219
2028-01-21,1.322381930184805,155.0,1.02,0.97,1.07,1,520,put,337.1700134277344,0.38251377663908553,1.0200000000235971,-0.01643420974238417,0.0002758883657398968,15.864824074004357,-1.9745050901232926,-8.676310126041338
2028-01-21,1.322381930184805,160.0,1.15,1.11,1.19,66,574,put,337.1700134277344,0.3770481851584518,1.1499999999999968,-0.018531446018998348,0.0003101038019484687,17.57756603578025,-2.1450626913317,-9.783309342035496
2028-01-21,1.322381930184805,165.0,1.31,1.26,1.36,1,456,put,337.1700134277344,0.37259030612254906,1.309999999988526,-0.021023178943887916,0.000349274083269259,19.563777075191155,-2.3464426241532275,-11.105873263356496
2028-01-21,1.322381930184805,170.0,1.47,1.42,1.52,53,1274,put,337.1700134277344,0.36744715381179943,1.4699999996538882,-0.02357652128748147,0.00039011129602708084,21.549550031509025,-2.534485159901387,-12.455906823786927
2028-01-21,1.322381930184805,175.0,1.625,1.54,1.71,1,570,put,337.1700134277344,0.36155832468604027,1.625000000108481,-0.026146904201933673,0.00043239661676029115,23.502574888607025,-2.703681064791953,-13.80692631290243
2028-01-21,1.322381930184805,180.0,1.865,1.81,1.92,2,2014,put,337.1700134277344,0.3585746712655697,1.8649999999999678,-0.02970622446346566,0.0004848811247250448,26.137839084026677,-2.964129067562119,-15.711283320728299
2028-01-21,1.322381930184805,185.0,2.08,2.02,2.14,1,929,put,337.1700134277344,0.3538671212330223,2.0800000000057963,-0.03307230808982892,0.0005369144227851562,28.562753765482576,-3.1761842479389886,-17.496422838612506
2028-01-21,1.322381930184805,190.0,2.4299999999999997,2.27,2.59,10,1192,put,337.1700134277344,0.3529186461480399,2.430000000001577,-0.037895925000258,0.000601913574060975,31.93475102389967,-3.5192858194458614,-20.10995068691903
2028-01-21,1.322381930184805,195.0,2.58,2.49,2.67,12,1227,put,337.1700134277344,0.3450354836227905,2.5799999999999996,-0.04079375432109076,0.0006536889391688236,33.90702523789855,-3.626552588046484,-21.60035598723441
2028-01-21,1.322381930184805,200.0,2.92,2.85,2.99,97,2822,put,337.1700134277344,0.3422674240714197,2.9200000000045745,-0.045690765745731346,0.0007221252943316134,37.15633899517906,-3.914295015457529,-24.233384247249454
2028-01-21,1.322381930184805,210.0,3.575,3.45,3.7,8,2317,put,337.1700134277344,0.33399031412924096,3.5750000000424254,-0.05553852145591417,0.0008644568434646473,43.40422254935781,-4.392922333820653,-29.490338957202567
2028-01-21,1.322381930184805,220.0,4.449999999999999,4.35,4.55,80,5670,put,337.1700134277344,0.32812518106862265,4.449999999998154,-0.06786959221816481,0.001028972152793294,50.757237184024646,-4.962983238894938,-36.14544724800488
2028-01-21,1.322381930184805,230.0,5.449999999999999,5.3,5.6,1,4033,put,337.1700134277344,0.3219395998794639,5.449999998691468,-0.08175733171385555,0.0012087227920644103,58.500005100196844,-5.509015829618489,-43.65992132653246
2028-01-21,1.322381930184805,240.0,6.6,6.4,6.8,1,4523,put,337.1700134277344,0.3157311657874551,6.599999999816882,-0.0974170233259006,0.0014039244366923886,66.63708321124506,-6.028703496474606,-52.162808616795175
2028-01-21,1.322381930184805,250.0,8.1,8.0,8.2,92,11167,put,337.1700134277344,0.31198780213205546,8.10000000075032,-0.11623981214918064,0.0016137604241362935,75.68877351618362,-6.618031815894748,-62.53885193307785
2028-01-21,1.322381930184805,260.0,9.75,9.55,9.95,3,3230,put,337.1700134277344,0.3073994198325483,9.750000000000217,-0.13660740550958014,0.001832640368711825,84.69057566958556,-7.115911904402548,-73.80203072483715
2028-01-21,1.322381930184805,270.0,11.725000000000001,11.55,11.9,5,1948,put,337.1700134277344,0.30392438495959984,11.724999999452688,-0.15953177868419127,0.0020560964973421925,93.94287181625054,-7.592179989072517,-86.63496875276257
2028-01-21,1.322381930184805,280.0,13.95,13.7,14.2,6,5496,put,337.1700134277344,0.30040783210137656,13.949999999999994,-0.18435618812891488,0.0022810210637376612,103.0137838009467,-7.977911184121976,-100.64566674934584
2028-01-21,1.322381930184805,290.0,16.575,16.4,16.75,9,3861,put,337.1700134277344,0.2980917019950478,16.574999999999996,-0.2115513461365929,0.0024974706437504443,111.91932220863607,-8.312186378540908,-116.2423573307793
2028-01-21,1.322381930184805,300.0,19.475,19.3,19.65,6,2211,put,337.1700134277344,0.295595717268679,19.475000002766514,-0.24027055070392705,0.002705915713588119,120.24504653710353,-8.518602948429018,-132.8822258266423
2028-01-21,1.322381930184805,310.0,22.775,22.55,23.0,6,4550,put,337.1700134277344,0.29387337493399607,22.774999999994527,-0.2706588016580847,0.0028957603768055454,127.9315478494708,-8.62767462867109,-150.79522068247275
2028-01-21,1.322381930184805,320.0,26.3,25.85,26.75,5,1814,put,337.1700134277344,0.291467418998993,26.299999998499715,-0.3020061960924153,0.0030746548098205605,134.7228224113987,-8.565573883106184,-169.43340241173206
2028-01-21,1.322381930184805,330.0,30.525,30.3,30.75,1,4514,put,337.1700134277344,0.29183214639029786,30.525000000004322,-0.33466209243530626,0.0032054791248091754,140.63093845469314,-8.483641034564165,-189.58067001418817
2028-01-21,1.322381930184805,340.0,35.025000000000006,34.7,35.35,1,840,put,337.1700134277344,0.2917613547350144,35.02500000093652,-0.3674952876172548,0.0033154629420526762,145.42086965397735,-8.238408020436838,-210.17064444269033
2028-01-21,1.322381930184805,350.0,39.95,39.7,40.2,1,610,put,337.1700134277344,0.29235934513844675,39.950000000000045,-0.40025688158189276,0.003392133061764867,149.08867424289198,-7.885493322727016,-231.29070653091662
2028-01-21,1.322381930184805,360.0,45.3,45.05,45.55,3,316,put,337.1700134277344,0.2936603015213601,45.300000000041926,-0.43246940644171633,0.0034348734798676367,151.63895324967893,-7.437116411076498,-252.72796885346892
2028-01-21,1.322381930184805,370.0,51.075,50.8,51.35,54,452,put,337.1700134277344,0.29573515669654066,51.0749999999999,-0.46366374437147134,0.0034442553626521065,153.127464665843,-6.911594198796521,-274.2732670014364
2028-01-21,1.322381930184805,380.0,57.375,56.75,58.0,59,359,put,337.1700134277344,0.2993382787640718,57.374999999697955,-0.4930952106011083,0.003414529595161652,153.6554365996022,-6.369742088307841,-295.7268084062033
2028-01-21,1.322381930184805,390.0,63.824999999999996,63.05,64.6,56,266,put,337.1700134277344,0.30216125584904296,63.8250000000006,-0.5214590523684326,0.0033761684046106116,153.3619672184366,-5.699327839281871,-316.902688015948
2028-01-21,1.322381930184805,400.0,71.225,70.25,72.2,2,267,put,337.1700134277344,0.30958643353611326,71.22500000023291,-0.5455971304378242,0.0032764796309838174,152.49099075864856,-5.245083876705545,-337.4506996235736
2028-01-21,1.322381930184805,420.0,86.8,85.6,88.0,1,3,put,337.1700134277344,0.3254706018073863,86.79999999999895,-0.5871310900818894,0.0030583966280406795,149.64436432038275,-4.31294888203718,-376.56544231463437
2028-01-21,1.322381930184805,430.0,95.175,94.25,96.1,22,13,put,337.1700134277344,0.33561996215640777,95.17499999996616,-0.6034540130106731,0.002934373682500038,148.0532671735379,-3.9772559111673695,-394.91825236005747
2028-01-21,1.322381930184805,440.0,104.25,102.8,105.7,44,43,put,337.1700134277344,0.349593467837615,104.24999999937374,-0.6150647399323922,0.002792419837282018,146.75699697818044,-3.9192594468224238,-412.0957145464477
2028-01-21,1.322381930184805,450.0,113.0,112.4,113.6,2,1,put,337.1700134277344,0.36056509039273194,113.0000000013875,-0.627321412981197,0.0026794397670184896,145.23873835961075,-3.6589701347551102,-429.1314090152102
2028-01-21,1.322381930184805,460.0,122.525,120.55,124.5,12,20,put,337.1700134277344,0.3761855204603283,122.525,-0.6345177325937864,0.002551139003922297,144.27496931852647,-3.758399266935359,-444.9357021718602
2028-01-21,1.322381930184805,470.0,159.60000000000002,157.65,161.55,0,0,put,337.1700134277344,0.5752091081858464,159.6000000022193,-0.5265775688583506,0.0017719412425462905,153.22508237807554,-16.34387337713073,-445.83599770311486
2028-01-21,1.322381930184805,500.0,162.39999999999998,160.6,164.2,4,0,put,337.1700134277344,0.4458869352859119,162.4,-0.6468064077661193,0.0021259265431809926,142.5042426610009,-4.949905315294105,-503.1448029228352
2028-01-21,1.322381930184805,530.0,267.5,265.0,270.0,10,0,put,337.1700134277344,0.9915019771241315,267.49999999852554,-0.4067073583839585,0.0010042057595495604,149.68251961939197,-35.355127798347105,-535.0747729219428
2028-01-21,1.322381930184805,590.0,269.875,268.35,271.4,1,5,put,337.1700134277344,0.7028855463389515,269.87500000221627,-0.5791606785603253,0.0014226186714712049,150.32385683886528,-16.27420847372221,-615.1067664627838
2028-01-21,1.322381930184805,600.0,279.9,278.4,281.4,0,0,put,337.1700134277344,0.7170080358694688,279.9000000005845,-0.5792288604291626,0.0013945467580051484,150.31831401855234,-16.542975486391082,-628.3940453923932
2028-03-17,1.4757015742642026,100.0,244.0,242.0,246.0,4,796,call,337.1700134277344,0.5929837066886426,243.9999999999958,0.976820259418535,0.00016311578215066612,16.226885453352672,-6.13725467215908,125.9577699978592
2028-03-17,1.4757015742642026,105.0,239.2,237.0,241.4,2,23,call,337.1700134277344,0.5608233168274478,239.19999999980882,0.9772604390245553,0.00016834705118889506,15.839008876922026,-6.148256009588415,133.2601543404197
2028-03-17,1.4757015742642026,110.0,234.7,232.5,236.9,2,44,call,337.1700134277344,0.5482888173807848,234.6999999999348,0.9758159284920048,0.00018595308700117852,17.10445370158277,-6.5311946754754135,139.1820774131459
2028-03-17,1.4757015742642026,115.0,230.25,228.0,232.5,2,18,call,337.1700134277344,0.5386295790351525,230.24999999999935,0.9739940227629769,0.00020662934269572198,18.671474694510074,-6.967560401518205,144.84243777788043
2028-03-17,1.4757015742642026,120.0,225.75,223.5,228.0,2,35,call,337.1700134277344,0.5262804936447012,225.7500000000965,0.9724392915935297,0.00022635509132166832,19.98499149572663,-7.336994521192211,150.7095192148859
2028-03-17,1.4757015742642026,125.0,221.2,219.0,223.4,1,22,call,337.1700134277344,0.5117816447974771,221.19999999997148,0.9711596429315065,0.00024518151285907766,21.05081202714394,-7.644073954792189,156.78725642141038
2028-03-17,1.4757015742642026,130.0,216.25,214.0,218.5,2,75,call,337.1700134277344,0.4786651887893639,216.25,0.9726912395412833,0.00024623869656907154,19.773546747386256,-7.487859483116255,164.8540439758435
2028-03-17,1.4757015742642026,135.0,211.95,210.0,213.9,20,191,call,337.1700134277344,0.47757587930115847,211.9500000000021,0.9695180365420879,0.0002795704808732342,22.399077090949756,-8.081951167706194,169.6206945003034
2028-03-17,1.4757015742642026,140.0,207.675,205.5,209.85,1,51,call,337.1700134277344,0.47598752586111515,207.67500000000882,0.9661463282810502,0.0003144045563140552,25.1061910633865,-8.678493202859977,174.25168374686285
2028-03-17,1.4757015742642026,145.0,203.25,201.0,205.5,12,127,call,337.1700134277344,0.46761068352963137,203.25,0.9637670749449494,0.0003437979579606943,26.97019862029705,-9.09858142228464,179.59783640414489
2028-03-17,1.4757015742642026,150.0,198.55,196.5,200.6,4,245,call,337.1700134277344,0.44928842098338057,198.5499999999998,0.9632645419810156,0.00036298073394196005,27.359315500961433,-9.231352573012467,186.28359233597155
2028-03-17,1.4757015742642026,155.0,194.0,192.0,196.0,1,27,call,337.1700134277344,0.436939640070777,194.0,0.961647943296402,0.000390174002569295,28.60066969851463,-9.515642812436763,192.19367590747856
2028-03-17,1.4757015742642026,160.0,189.75,187.5,192.0,1,175,call,337.1700134277344,0.43466394992951424,189.7500000000037,0.9577488724434988,0.0004324267276400813,31.532803066429075,-10.087562991677824,196.52537686020173
2028-03-17,1.4757015742642026,165.0,185.0,183.0,187.0,4,1204,call,337.1700134277344,0.4163080314079134,185.00000000053737,0.9574525384894281,0.0004546353383864079,31.752242769970522,-10.169355276581204,203.38751472760256
2028-03-17,1.4757015742642026,170.0,180.65,178.8,182.5,2,26,call,337.1700134277344,0.410619546802954,180.64999999999995,0.9540888024745781,0.0004966314863472788,34.21135666576291,-10.626396169037067,208.13314828234041
2028-03-17,1.4757015742642026,175.0,176.175,174.35,178.0,10,98,call,337.1700134277344,0.40110044540198114,176.17499999992086,0.9515754677302742,0.000535181860058166,36.01230800601841,-10.957305943236232,213.48637216195735
2028-03-17,1.4757015742642026,180.0,171.65,169.8,173.5,3,39,call,337.1700134277344,0.3903209612237725,171.64999999999924,0.9493499138573732,0.0005739399999624034,37.58242461680081,-11.237230362618163,219.05657003796955
2028-03-17,1.4757015742642026,190.0,163.0,161.0,165.0,329,505,call,337.1700134277344,0.3788467883048794,163.00000000000207,0.9415093957821898,0.0006756716371542421,42.94333072563508,-12.11081333859957,227.9202422949184
2028-03-17,1.4757015742642026,195.0,158.525,156.55,160.5,1,57,call,337.1700134277344,0.36932751728607943,158.52500000000705,0.9385511864561348,0.0007246965831251985,44.90185750413776,-12.406688165379009,233.0521133455795
2028-03-17,1.4757015742642026,200.0,154.325,152.5,156.15,2,194,call,337.1700134277344,0.36566845589443153,154.32499999999914,0.9333874607212038,0.0007864126077970167,48.2430095274944,-12.90400658683764,236.68078460299878
2028-03-17,1.4757015742642026,210.0,146.025,144.65,147.4,2,126,call,337.1700134277344,0.35862324772900644,146.02499999999995,0.9220181432112886,0.0009188346658898297,55.280535099572305,-13.899869810470312,243.27216367677454
2028-03-17,1.4757015742642026,220.0,137.45,135.95,138.95,115,217,call,337.1700134277344,0.34514052607477336,137.44999999999996,0.912026573641944,0.001055904892096559,61.13883877149521,-14.625181685116297,250.95487614462232
2028-03-17,1.4757015742642026,230.0,129.375,127.9,130.85,20,585,call,337.1700134277344,0.33837733064086406,129.37499999999997,0.8979808591566806,0.001214002638745415,68.91556449201977,-15.577336657319512,255.8825480769385
2028-03-17,1.4757015742642026,240.0,121.15,120.25,122.05,2,484,call,337.1700134277344,0.327786492575017,121.14999999999988,0.8842373899975033,0.0013831220322042966,76.05853913907534,-16.336845615336177,261.18196113093313
2028-03-17,1.4757015742642026,250.0,113.575,112.7,114.45,19,641,call,337.1700134277344,0.3238179510951663,113.57500000000037,0.8658551936706609,0.0015640426364306249,84.9661491435559,-17.315862481404153,263.2141123120737
2028-03-17,1.4757015742642026,260.0,106.275,105.25,107.3,4,742,call,337.1700134277344,0.32054162985497664,106.27499999843995,0.8455128964402852,0.0017488899638309653,94.04665499984307,-18.265421612464674,263.86517321036354
2028-03-17,1.4757015742642026,270.0,98.9,97.95,99.85,5,717,call,337.1700134277344,0.31427115839126296,98.9,0.8249493481724457,0.0019436325788456908,102.47433847500461,-19.021080017842177,264.51682554270167
2028-03-17,1.4757015742642026,280.0,91.8,91.0,92.6,7,1174,call,337.1700134277344,0.30876083508396285,91.79999999999994,0.8023845312230832,0.002141488089110784,110.92624125006574,-19.725061164357594,263.7669040570779
2028-03-17,1.4757015742642026,290.0,84.975,84.15,85.8,53,691,call,337.1700134277344,0.3037643146201269,84.97500000000002,0.777973672005969,0.0023391243792508553,119.2028105347577,-20.355767541419837,261.6926435656908
2028-03-17,1.4757015742642026,300.0,78.325,77.65,79.0,8,2170,call,337.1700134277344,0.29831924549095035,78.32499999780264,0.752145062429127,0.0025385528970281877,127.0468543271094,-20.863138011972342,258.6547161444362
2028-03-17,1.4757015742642026,310.0,72.3,71.35,73.25,45,859,call,337.1700134277344,0.2957760878465631,72.29999999999603,0.7239133369000215,0.0027128729785523007,134.613602591099,-21.374387625078004,253.4987752852868
2028-03-17,1.4757015742642026,320.0,66.375,65.45,67.3,39,807,call,337.1700134277344,0.2919335925854518,66.37499999857044,0.6948656798168952,0.0028863637528827326,141.3616354045861,-21.710515822718893,247.78928747739008
2028-03-17,1.4757015742642026,330.0,60.675,60.2,61.15,10,717,call,337.1700134277344,0.28778026640562815,60.67500000000974,0.6647100419037248,0.0030511724870984844,147.30727542987987,-21.90537978163704,241.1964772991761
2028-03-17,1.4757015742642026,340.0,55.425,55.1,55.75,3,1085,call,337.1700134277344,0.2847935977623589,55.42500000180942,0.6334763050809507,0.0031892013083569606,152.37319801919458,-22.017903241374675,233.4031800177799
2028-03-17,1.4757015742642026,350.0,50.55,50.2,50.9,31,4354,call,337.1700134277344,0.28237473326022805,50.549999999999145,0.6016324513989477,0.0033021935727430398,156.43170847556993,-22.02432951121897,224.75292349165082
2028-03-17,1.4757015742642026,360.0,45.9,45.5,46.3,1,764,call,337.1700134277344,0.279552511550975,45.90000000040456,0.5693473232336626,0.0033995823619457125,159.43563387625818,-21.883214380754808,215.55107255255595
2028-03-17,1.4757015742642026,370.0,41.675,41.15,42.2,21,745,call,337.1700134277344,0.2776022007919128,41.67500000046506,0.5370933672244309,0.003464374794692047,161.3407985231,-21.65897524630151,205.73755853518105
2028-03-17,1.4757015742642026,380.0,37.7,37.4,38.0,1,641,call,337.1700134277344,0.27545250412402034,37.69999999888438,0.504884295700116,0.0035092087858682518,162.16322021482756,-21.307614654593372,195.57745195509168
2028-03-17,1.4757015742642026,390.0,34.175,33.65,34.7,2,297,call,337.1700134277344,0.2743836629919094,34.1750000000002,0.47355455807261715,0.0035178755487984725,161.9329203185041,-20.9072569259228,185.19080307601567
2028-03-17,1.4757015742642026,400.0,30.775,30.5,31.05,1,943,call,337.1700134277344,0.27244724559446026,30.775000000363022,0.44232016060381896,0.0035156971594546478,160.69053871562537,-20.361024530698653,174.66712917178293
2028-03-17,1.4757015742642026,410.0,27.75,27.45,28.05,2,1123,call,337.1700134277344,0.2712596143302793,27.749999999999904,0.4123074969684591,0.0034837631519082763,158.53683664108405,-19.773014666900846,164.1979558983839
2028-03-17,1.4757015742642026,420.0,25.15,24.55,25.75,21,682,call,337.1700134277344,0.27125048269956686,25.14999999997181,0.38423915164196115,0.003420660655523036,155.65996883187083,-19.191661277230594,154.06902898324577
2028-03-17,1.4757015742642026,430.0,22.55,22.1,23.0,20,493,call,337.1700134277344,0.2697906293460217,22.550000002697313,0.3560196466339067,0.003356343393985497,151.9111586571686,-18.45307576104493,143.86489070225738
2028-03-17,1.4757015742642026,440.0,20.075000000000003,19.8,20.35,10,352,call,337.1700134277344,0.26769962139006537,20.07500000000002,0.32821713454152185,0.0032811605224409147,147.357302114531,-17.613618393920703,133.68376969486985
2028-03-17,1.4757015742642026,450.0,18.275,17.75,18.8,4,792,call,337.1700134277344,0.26885511276544427,18.27499999999995,0.30499507760554756,0.00316779376757991,142.8800609654623,-16.983030331990225,124.78561201336689
2028-03-17,1.4757015742642026,460.0,16.15,15.5,16.8,24,140,call,337.1700134277344,0.2664367067360993,16.14999999999998,0.2792002120397755,0.0030686461243989165,137.16310019296233,-16.045013604127284,115.0869247137449
2028-03-17,1.4757015742642026,470.0,14.6,14.1,15.1,5,237,call,337.1700134277344,0.26693144718229356,14.60000000016345,0.25796533730724597,0.0029442509686180905,131.84722532428998,-15.325707964870018,106.80858862506824
2028-03-17,1.4757015742642026,480.0,12.95,12.65,13.25,5,67,call,337.1700134277344,0.2654727966526902,12.949999999944822,0.23576686406109035,0.0028218607085926987,125.67590593129326,-14.433634603785237,98.19837238276929
2028-03-17,1.4757015742642026,490.0,11.7,11.3,12.1,2,96,call,337.1700134277344,0.2660457271721167,11.700000000001324,0.21729718819040722,0.0026895321174810905,120.04095731334165,-13.717418589432818,90.85318458185439
2028-03-17,1.4757015742642026,500.0,10.35,10.1,10.6,10,406,call,337.1700134277344,0.26468122124681803,10.349999999999845,0.19776215389430624,0.002557471419867725,113.56129750907876,-12.83621803785826,83.12548472908453
2028-03-17,1.4757015742642026,510.0,9.2,9.0,9.4,30,268,call,337.1700134277344,0.26393846395661363,9.199999999997882,0.18022735080846855,0.0024224845234234317,107.26551521404704,-12.021782819205917,76.09788424219748
2028-03-17,1.4757015742642026,520.0,8.25,8.0,8.5,36,169,call,337.1700134277344,0.2640353949310994,8.24999999960697,0.1649222849687163,0.002288678889327683,101.37793491583594,-11.301247367911799,69.8845766773146
2028-03-17,1.4757015742642026,530.0,7.475,7.2,7.75,1,213,call,337.1700134277344,0.2649659140518548,7.475000000003398,0.15175543319356286,0.002159731757304456,96.00331953936315,-10.678677557491099,64.47691608557807
2028-03-17,1.4757015742642026,540.0,6.575,6.4,6.75,1,102,call,337.1700134277344,0.26365517745537825,6.57499999997234,0.1370156799930072,0.002026290715649626,89.62609726657875,-9.875500397020133,58.471101709514436
2028-03-17,1.4757015742642026,550.0,5.9,5.8,6.0,1,1564,call,337.1700134277344,0.2638993413122826,5.899999999997039,0.12514791599170605,0.0019017874662506506,84.19701872260764,-9.24117981592151,53.56224808703498
2028-03-17,1.4757015742642026,560.0,5.25,5.1,5.4,1,149,call,337.1700134277344,0.263586588201182,5.250000001311116,0.11361665553769963,0.0017786701380656247,78.65297416358906,-8.584951330308991,48.78393340884516
2028-03-17,1.4757015742642026,570.0,4.699999999999999,4.55,4.85,1,34,call,337.1700134277344,0.26371125125828443,4.699999998286182,0.10348633017173049,0.0016624594202193468,73.54889286082683,-7.997417197170514,44.55510109165884
2028-03-17,1.4757015742642026,580.0,4.25,4.15,4.35,117,121,call,337.1700134277344,0.2644611208514047,4.249999999999917,0.0948453127143548,0.0015554567466790682,69.01066307757523,-7.493457247496428,40.91972210766651
2028-03-17,1.4757015742642026,590.0,3.8,3.65,3.95,1,213,call,337.1700134277344,0.26450309852543324,3.7999999999784086,0.08623071340986561,0.0014491744844621355,64.30546304723643,-6.957191330393159,37.29748780366489
2028-03-17,1.4757015742642026,600.0,3.4000000000000004,3.2,3.6,1,639,call,337.1700134277344,0.2645955175688048,3.400000000174201,0.07839582810491437,0.0013484811383976823,59.85821832169868,-6.454905080428449,33.989424726871874
2028-03-17,1.4757015742642026,100.0,0.29500000000000004,0.2,0.39,210,562,put,337.1700134277344,0.45055810430212684,0.29499999999624904,-0.004316954875260945,6.867517660274068e-05,5.190952057070187,-0.7069439969112137,-2.583286045788895
2028-03-17,1.4757015742642026,105.0,0.33499999999999996,0.1,0.57,30,123,put,337.1700134277344,0.4412404321638333,0.3349999999999636,-0.004951486993577102,7.92529162066302e-05,5.866606781056187,-0.7791783063133565,-2.9580333814213726
2028-03-17,1.4757015742642026,110.0,0.35,0.18,0.52,1,18,put,337.1700134277344,0.427795753521215,0.3500000000539667,-0.0053232563616142795,8.718365691058106e-05,6.257026262199439,-0.8022320387585368,-3.1651473342355456
2028-03-17,1.4757015742642026,120.0,0.49,0.21,0.77,2,132,put,337.1700134277344,0.4166255935458298,0.4899999999996676,-0.007406331193577895,0.00011991716526954849,8.381538149073393,-1.0373183617460942,-4.408205099865412
2028-03-17,1.4757015742642026,125.0,0.575,0.51,0.64,1,17,put,337.1700134277344,0.4113919580578401,0.5749999999957307,-0.008659523351220505,0.00013932971182171615,9.616033412551497,-1.1697433346834414,-5.157180930545763
2028-03-17,1.4757015742642026,130.0,0.645,0.59,0.7,1,119,put,337.1700134277344,0.4039361899881976,0.6450000000000011,-0.009779223516630613,0.00015783357349989259,10.695684441577754,-1.27138377782826,-5.817600652319705
2028-03-17,1.4757015742642026,135.0,0.75,0.68,0.82,1,128,put,337.1700134277344,0.3990896940200248,0.7499999999842462,-0.011324175489703285,0.00018152286891882108,12.153413846825286,-1.420366299341882,-6.741259205002264
2028-03-17,1.4757015742642026,140.0,0.865,0.79,0.94,4,237,put,337.1700134277344,0.3941894665439632,0.8649999999982227,-0.013016121910930413,0.00020734890592581055,13.712075320300295,-1.5748850599762434,-7.752813672064864
2028-03-17,1.4757015742642026,145.0,0.97,0.9,1.04,1,122,put,337.1700134277344,0.3879131163684769,0.970000000319364,-0.014643959375870857,0.00023323724586546922,15.17849794045993,-1.706552252788619,-8.717712922840326
2028-03-17,1.4757015742642026,150.0,1.125,1.04,1.21,1,718,put,337.1700134277344,0.38418352071828604,1.1250000002347749,-0.016852415374944973,0.00026564905963519095,17.12156433698647,-1.896343193999814,-10.045291156382365
2028-03-17,1.4757015742642026,155.0,1.26,0.98,1.54,2,135,put,337.1700134277344,0.3785428214312785,1.2599999999946354,-0.01889956578971541,0.0002972941442113551,18.879817713446347,-2.048845286993056,-11.26309577751739
2028-03-17,1.4757015742642026,160.0,1.28,1.0,1.56,4,127,put,337.1700134277344,0.3667342739682746,1.279999999951412,-0.019795639998017638,0.0003191819428811125,19.637501934727222,-2.0518930565884506,-11.73846257056443
2028-03-17,1.4757015742642026,165.0,1.5,1.32,1.68,2,599,put,337.1700134277344,0.3646443232617146,1.5000000001155838,-0.022868043279430254,0.00036265191297309434,22.184817307290334,-2.29132254855735,-13.591829020621832
2028-03-17,1.4757015742642026,170.0,1.7650000000000001,1.66,1.87,2,220,put,337.1700134277344,0.36331391573008864,1.7649999999919128,-0.026437570099541282,0.0004110693071868158,25.05494828786346,-2.5628168932389084,-15.758951982143858
2028-03-17,1.4757015742642026,175.0,2.005,1.91,2.1,1,888,put,337.1700134277344,0.3599333082898007,2.0050000000634,-0.029800452256900922,0.0004584118611621892,27.680524274345046,-2.7871705494855514,-17.786363806863672
2028-03-17,1.4757015742642026,180.0,2.23,2.08,2.38,5,224,put,337.1700134277344,0.3553343821234588,2.2299999999995266,-0.033086735224501465,0.0005062726591900579,30.17992340240025,-2.9798428856558874,-19.753527237232987
2028-03-17,1.4757015742642026,185.0,2.515,2.37,2.66,2,148,put,337.1700134277344,0.3520627706749324,2.5149999999999864,-0.03702537836539922,0.0005603612034663537,33.09669203439829,-3.2154713387891958,-22.133822603200024
2028-03-17,1.4757015742642026,190.0,2.7800000000000002,2.66,2.9,4,247,put,337.1700134277344,0.3475533955531946,2.78000000014559,-0.040857853473200104,0.0006150104523079707,35.859188710921025,-3.4141413523643016,-24.431778725079862
2028-03-17,1.4757015742642026,195.0,3.095,2.99,3.2,1,314,put,337.1700134277344,0.3438630184046392,3.094999999169341,-0.04524301369970865,0.0006749461583584267,38.93597262413603,-3.6401095025552825,-27.078515213695496
2028-03-17,1.4757015742642026,200.0,3.35,3.2,3.5,1,2214,put,337.1700134277344,0.3381681561135563,3.349999999700301,-0.049191832790222,0.0007338952423262429,41.63544481224995,-3.796859722318286,-29.419602702312435
2028-03-17,1.4757015742642026,210.0,4.199999999999999,4.1,4.3,1,1235,put,337.1700134277344,0.3330401524950438,4.200000000000945,-0.060400978213680664,0.0008764303182786676,48.96778012622177,-4.325448574085554,-36.25119743862246
2028-03-17,1.4757015742642026,220.0,5.15,5.05,5.25,1,597,put,337.1700134277344,0.32718385832414004,5.149999999999457,-0.07282663513254457,0.0010310389526971113,56.59308513094126,-4.8221547343483815,-43.835652613399105
2028-03-17,1.4757015742642026,230.0,6.225,6.1,6.35,1,806,put,337.1700134277344,0.32107592267570734,6.2250000000000005,-0.08669770143730895,0.001198658441613952,64.56536560338776,-5.290853522514432,-52.32375173179646
2028-03-17,1.4757015742642026,240.0,7.550000000000001,7.4,7.7,3,595,put,337.1700134277344,0.31636224633803317,7.549999999728701,-0.10288661185442605,0.0013799538744145975,73.23954672112843,-5.785296881600957,-62.33404813639528
2028-03-17,1.4757015742642026,250.0,8.975,8.7,9.25,12,701,put,337.1700134277344,0.3106289529630306,8.97500000000019,-0.12029143421996763,0.0015715250400877773,81.89542954351403,-6.196830237912834,-73.0969066687211
2028-03-17,1.4757015742642026,260.0,10.875,10.7,11.05,6,630,put,337.1700134277344,0.3081621040976682,10.874999999928827,-0.1411123150097204,0.0017686896870695067,91.4381227600635,-6.687084050022337,-86.26042540179026
2028-03-17,1.4757015742642026,270.0,12.925,12.65,13.2,7,539,put,337.1700134277344,0.30471252155210854,12.924999999999994,-0.1631685777207489,0.0019694823093793076,100.6789812271272,-7.06865608917229,-100.25997886556354
2028-03-17,1.4757015742642026,280.0,15.25,15.0,15.5,3,655,put,337.1700134277344,0.3015682179794454,15.249999999999977,-0.18704462128175703,0.0021696867562493766,109.76882989795024,-7.380539895766726,-115.57080464305218
2028-03-17,1.4757015742642026,290.0,17.950000000000003,17.6,18.3,1,661,put,337.1700134277344,0.29942178337161357,17.950000000000003,-0.21291277003574235,0.0023617275094863386,118.63411861833143,-7.63834459717421,-132.42621499161476
2028-03-17,1.4757015742642026,300.0,21.0,20.75,21.25,6,1383,put,337.1700134277344,0.2978146215486558,20.99999999767755,-0.2403265598562986,0.002541839490753469,126.99615314868991,-7.812204611696249,-150.56717364211002
2028-03-17,1.4757015742642026,310.0,24.174999999999997,23.7,24.65,1,250,put,337.1700134277344,0.2949455318944094,24.174999999995567,-0.268502304821884,0.002719333916315862,134.5552934955402,-7.819889705436839,-169.27171516563573
2028-03-17,1.4757015742642026,320.0,28.05,27.5,28.6,1,370,put,337.1700134277344,0.29504852675530796,28.04999999721496,-0.2983950437208446,0.002858543042853831,141.4928888158732,-7.828965155689294,-189.8635592678688
2028-03-17,1.4757015742642026,330.0,32.25,31.95,32.55,12,136,put,337.1700134277344,0.2951956020578188,32.25000000000416,-0.32870511361434723,0.002977302480755641,147.44473499441116,-7.718169146798677,-211.14265456764656
2028-03-17,1.4757015742642026,340.0,36.975,36.5,37.45,1,40,put,337.1700134277344,0.29673886098737745,36.97500000055558,-0.359177539172197,0.0030608346958596435,152.3739507260013,-7.547262227610033,-233.27727525156516
2028-03-17,1.4757015742642026,350.0,41.6,41.1,42.1,2,266,put,337.1700134277344,0.29562973946947085,41.60000000000055,-0.3896137738432916,0.0031509963221550675,156.2760566205951,-7.143148667580023,-255.2463185548619
2028-03-17,1.4757015742642026,360.0,47.05,46.7,47.4,66,306,put,337.1700134277344,0.29791490411534394,47.0500000003875,-0.41933931796580454,0.0031838574978941907,159.1264152390677,-6.781930041203045,-278.0792028204395
2028-03-17,1.4757015742642026,370.0,52.75,52.35,53.15,13,26,put,337.1700134277344,0.2999510906724769,52.75000000371585,-0.4482936225689158,0.0031996086282155417,161.00661953716008,-6.312096122666437,-300.8972727596753
2028-03-17,1.4757015742642026,380.0,58.9,58.05,59.75,50,64,put,337.1700134277344,0.3030889379352352,58.899999999691154,-0.4758645545125299,0.0031857169284571943,161.98458822760043,-5.811542058403669,-323.69109428713466
2028-03-17,1.4757015742642026,390.0,65.825,64.95,66.7,38,95,put,337.1700134277344,0.30943584723151957,65.825,-0.5006184807514653,0.003124361295926291,162.19157840187214,-5.4139404347639175,-346.22694864826934
2028-03-17,1.4757015742642026,400.0,85.525,83.5,87.55,1,1,put,337.1700134277344,0.39315443215827883,85.52500000000002,-0.4847123788003664,0.0024581448672220093,162.13137909398313,-9.21992416650128,-367.3839926785324
2028-03-17,1.4757015742642026,410.0,102.15,100.0,104.3,3,6,put,337.1700134277344,0.45677255566703834,102.15,-0.4754873193710065,0.0021137599100140487,161.97652817645388,-11.958909988967205,-387.3274893824624
2028-03-17,1.4757015742642026,420.0,87.975,87.1,88.85,50,64,put,337.1700134277344,0.32893768287503555,87.97499999999998,-0.5643663365396339,0.002895804873142204,159.8009476636974,-4.013551018369574,-410.6322695143456
2028-03-17,1.4757015742642026,430.0,96.1,94.8,97.4,3,59,put,337.1700134277344,0.33783831631314093,96.09999999999901,-0.5807335453466056,0.0027966009642169903,158.50239691555598,-3.651311676724075,-430.7660511847788
2028-03-17,1.4757015742642026,440.0,104.6,103.15,106.05,3,3,put,337.1700134277344,0.34821659204994154,104.59999999997716,-0.5944264025175297,0.0026909268118278954,157.1982741844353,-3.3826952085817026,-450.12256434204545
2028-03-17,1.4757015742642026,450.0,113.875,112.45,115.3,6,3,put,337.1700134277344,0.36277607330958556,113.87499999966558,-0.6034626710855311,0.0025669903967218063,156.22815598906564,-3.401102523379802,-468.3058031921998
2028-03-17,1.4757015742642026,480.0,169.5,167.0,172.0,10,0,put,337.1700134277344,0.577635834138389,169.5000000003038,-0.5167288523717283,0.0016715765623529525,161.98575611248256,-14.35682745438553,-507.2362232337158
2028-03-17,1.4757015742642026,490.0,240.0,237.5,242.5,1,0,put,337.1700134277344,0.974632202231239,240.00000000000006,-0.36569766600000964,0.0009375408140714263,153.29478003304402,-31.98352372522738,-536.1257567943328
2028-03-17,1.4757015742642026,550.0,291.5,289.0,294.0,0,0,put,337.1700134277344,1.0145777630159614,291.5000000000001,-0.38813336071789095,0.0009171649486091728,156.10945781734378,-31.93325527730233,-623.2875441748299
2028-06-16,1.7248459958932238,70.0,272.025,269.55,274.5,0,1,call,337.1700134277344,0.689935699816117,272.02499999998463,0.9801886511897606,9.636072328949012e-05,13.036376058722745,-4.05347060676757,100.84350179474134
2028-06-16,1.7248459958932238,85.0,258.75,256.5,261.0,0,6,call,337.1700134277344,0.6363972035903471,258.75000000000415,0.9763721652822804,0.00013453397605637954,16.788366888225823,-5.18512228346223,121.52129262032511
2028-06-16,1.7248459958932238,90.0,254.0,251.5,256.5,0,7,call,337.1700134277344,0.6012419341422038,253.99999999999986,0.9766250259031752,0.0001403403716358151,16.54550765130446,-5.227549416743757,129.8613663285699
2028-06-16,1.7248459958932238,95.0,249.5,247.0,252.0,0,3,call,337.1700134277344,0.582568554147665,249.5,0.9756275598254935,0.00015318756662830376,17.49922307321687,-5.521403681339224,137.04308060644078
2028-06-16,1.7248459958932238,100.0,245.15,242.8,247.5,0,11,call,337.1700134277344,0.572783494518848,245.150000000024,0.9737837934283933,0.0001712428197150013,19.233179128714546,-5.960381654128552,143.47388819915298
2028-06-16,1.7248459958932238,105.0,240.75,238.5,243.0,0,7,call,337.1700134277344,0.5603535835274923,240.74999999999997,0.972151508744378,0.00018874757351630965,20.7391876963473,-6.34249336492725,150.1139287392048
2028-06-16,1.7248459958932238,150.0,200.475,198.5,202.45,0,1,call,337.1700134277344,0.4377173363513107,200.47499999971512,0.9588393094608549,0.0003752004271068198,32.20366373224267,-8.97902586304366,211.84017410850586
2028-06-16,1.7248459958932238,175.0,178.8,177.6,180.0,0,1,call,337.1700134277344,0.3988479972494928,178.80000000000052,0.9445490526830755,0.0005535225757938436,43.2903368880589,-10.815494706360484,240.9154786285358
2028-06-16,1.7248459958932238,200.0,157.425,155.75,159.1,0,0,call,337.1700134277344,0.3641629885678487,157.425000000006,0.9257229033651138,0.0007912122266477107,56.49851143644241,-12.602727179845976,266.83540689259826
2028-06-16,1.7248459958932238,220.0,140.775,139.0,142.55,2,7,call,337.1700134277344,0.3413465192246533,140.7749999998269,0.9054361868926086,0.0010360622240901923,69.34729558989532,-14.054554481844223,283.7560211208971
2028-06-16,1.7248459958932238,230.0,133.3,131.8,134.8,31,8,call,337.1700134277344,0.33981454166918046,133.30000000000408,0.8894929036062026,0.0011797944055368487,78.61338618635799,-15.07466763022956,287.37716791032835
2028-06-16,1.7248459958932238,240.0,125.55,124.35,126.75,2,10,call,337.1700134277344,0.33256438026531343,125.54999999999978,0.8746658903117439,0.0013288871170496317,86.65867295070737,-15.855832856475303,292.1218324110912
2028-06-16,1.7248459958932238,250.0,117.5,116.35,118.65,11,1,call,337.1700134277344,0.3207318881346586,117.49999999804389,0.8606114376879002,0.0014918445671497553,93.82399676504403,-16.423972151918043,297.8332460014941
2028-06-16,1.7248459958932238,270.0,103.1,101.55,104.65,0,5,call,337.1700134277344,0.31060838375525873,103.09999999999955,0.8222121687693776,0.0018285960662889709,111.37280716548022,-17.870460582070244,300.33930576367806
2028-06-16,1.7248459958932238,280.0,96.25,95.3,97.2,10,1,call,337.1700134277344,0.30609037838566255,96.24999999999999,0.8006786300322113,0.002000130011751555,120.04832807983038,-18.50892216064162,299.6313193613531
2028-06-16,1.7248459958932238,290.0,90.075,88.7,91.45,0,3,call,337.1700134277344,0.3051901323023998,90.07499999999997,0.7764513538448179,0.0021540254212094137,128.904928766121,-19.196303605694627,296.19247486148964
2028-06-16,1.7248459958932238,300.0,83.675,82.75,84.6,1,5,call,337.1700134277344,0.3006360938362988,83.67499999870495,0.7524356139403305,0.0023206099208164122,136.80169420077087,-19.664850539246995,293.26474309636956
2028-06-16,1.7248459958932238,310.0,77.6,76.9,78.3,0,7,call,337.1700134277344,0.2968017097388739,77.59999999999717,0.7270053650474446,0.0024787833745579203,144.26241040915187,-20.065100033707743,288.95380555209675
2028-06-16,1.7248459958932238,320.0,71.1,70.25,71.95,2,15,call,337.1700134277344,0.28858198909287375,71.09999999999998,0.7013421444126319,0.0026666796043087995,150.89966412947405,-20.2057580902886,285.2404390332572
2028-06-16,1.7248459958932238,330.0,65.75,64.8,66.7,5,8,call,337.1700134277344,0.28648758254068596,65.75000000001832,0.6733096130528278,0.0027978313893334077,157.17213490730506,-20.464921323019606,278.16558823446
2028-06-16,1.7248459958932238,340.0,61.275,60.5,62.05,4,11,call,337.1700134277344,0.28813063800829736,61.27500000087826,0.6446339747230255,0.0028774809922181093,162.57363478206653,-20.764017405027094,269.20748781614947
2028-06-16,1.7248459958932238,350.0,56.225,55.6,56.85,29,326,call,337.1700134277344,0.2845398328702538,56.22499999999823,0.615800890397486,0.002993202552731857,167.00419882390398,-20.761249048515975,261.149608555794
2028-06-16,1.7248459958932238,360.0,51.4,50.05,52.75,15,42,call,337.1700134277344,0.2808066596152502,51.4,0.5863573916415497,0.0030968611581105097,170.520795355486,-20.64598055188256,252.34864245403568
2028-06-16,1.7248459958932238,370.0,47.75,46.85,48.65,20,10,call,337.1700134277344,0.2824246533510933,47.74999999845626,0.5580041911343485,0.0031232415800523713,172.96426811560454,-20.660582372874696,242.1550630800761
2028-06-16,1.7248459958932238,380.0,43.400000000000006,42.85,43.95,1,5,call,337.1700134277344,0.27850859587063814,43.40000000011516,0.528221783137646,0.003196178338076252,174.54918237635025,-20.34073871029416,232.33769691809127
2028-06-16,1.7248459958932238,390.0,39.974999999999994,39.15,40.8,3,109,call,337.1700134277344,0.2784852545666511,39.97499999899499,0.5001590571467,0.0032070872710670945,175.13026070546488,-20.113820052178678,221.92495739781333
2028-06-16,1.7248459958932238,500.0,13.875,13.4,14.35,0,31,call,337.1700134277344,0.2665231825670167,13.874999997666567,0.23553631294314661,0.002596972988255856,135.7221198585231,-13.562472691556122,113.04775505560228
2028-06-16,1.7248459958932238,540.0,9.525,9.0,10.05,0,0,call,337.1700134277344,0.2669130989301639,9.524999999703454,0.17413121410438268,0.002167235887628243,113.42904680781389,-11.089690826228505,84.8396960787875
2028-06-16,1.7248459958932238,550.0,8.575,8.15,9.0,0,1,call,337.1700134277344,0.26616844195821215,8.574999999998303,0.1601428457227029,0.0020593760180076678,107.48315962960223,-10.430398041795648,78.34313546581534
2028-06-16,1.7248459958932238,650.0,3.375,3.15,3.6,15,25,call,337.1700134277344,0.26829572482267655,3.374999999986781,0.07266734200630907,0.001160707255078392,61.063917521326275,-5.746359080566622,36.43952544400842
2028-06-16,1.7248459958932238,660.0,3.065,2.88,3.25,0,25,call,337.1700134277344,0.268293677864871,3.064999999999691,0.06687632317127565,0.0010889109349710036,57.28633117583506,-5.375234987877717,33.60636602996248
2028-06-16,1.7248459958932238,140.0,1.0150000000000001,0.77,1.26,0,2,put,337.1700134277344,0.37865074718024044,1.0149999999975285,-0.014408375915994647,0.00021791234689225685,16.179640492713656,-1.4889537511769089,-10.130145242083865
2028-06-16,1.7248459958932238,230.0,7.375,7.0,7.75,3,9,put,337.1700134277344,0.3193423445999805,7.37499999999999,-0.0927582714692106,0.0011717132884489802,73.37127670861052,-4.899981985406667,-66.66582836738813
2028-06-16,1.7248459958932238,260.0,12.475,11.95,13.0,0,1,put,337.1700134277344,0.3083680102320563,12.474999999999987,-0.14589804572113624,0.001671344576011695,101.06098482726016,-6.011430286275107,-106.3668473702168
2028-06-16,1.7248459958932238,280.0,17.05,16.5,17.6,0,4,put,337.1700134277344,0.30221740791516816,17.04999999999999,-0.18910672055175257,0.0020151556957792327,119.41978750934427,-6.497834143233526,-139.38672900713706
2028-06-16,1.7248459958932238,290.0,19.8,19.05,20.55,0,2,put,337.1700134277344,0.300017105998429,19.799999999999997,-0.21303136021485763,0.0021797425599811514,128.23289078134687,-6.655183864672679,-158.04382080226807
2028-06-16,1.7248459958932238,310.0,26.525,25.7,27.35,0,2,put,337.1700134277344,0.29875659110489555,26.524999999997835,-0.2649017439577521,0.0024648878125754408,144.39856062440646,-6.812433206352807,-199.80947974640912
2028-06-16,1.7248459958932238,330.0,34.2,33.5,34.9,0,1,put,337.1700134277344,0.2963708502733727,34.20000000000514,-0.3190810181693045,0.0027079867443115745,157.3730027947339,-6.54361255865213,-244.55651538352186
2028-06-16,1.7248459958932238,340.0,38.900000000000006,37.95,39.85,4,5,put,337.1700134277344,0.29799078676235746,38.900000001296156,-0.3467912821258565,0.0027823049608097536,162.57575450709626,-6.369369118040658,-268.77864856658243
2028-06-16,1.7248459958932238,380.0,60.650000000000006,59.6,61.7,0,23,put,337.1700134277344,0.3055975823595725,60.650000000000055,-0.4526775026119597,0.002905429369095757,174.10387917469987,-4.882670683746132,-367.87391148388195
2028-06-16,1.7248459958932238,440.0,105.35,103.7,107.0,0,1,put,337.1700134277344,0.3481689863222829,105.3499999999999,-0.5635729637782046,0.0025275129766637186,172.55664505846258,-2.7112153086311586,-509.46759581574617
2028-12-15,2.223134839151266,5.0,332.55,328.5,336.6,1,57,call,337.1700134277344,2.8379592461702208,332.55000000000166,0.9880994167406056,2.0230787805220356e-06,1.451050878963855,0.7074154328043701,1.350540209763951
2028-12-15,2.223134839151266,10.0,327.475,323.35,331.6,28,48,call,337.1700134277344,1.7411619749087468,327.47499999999997,0.9854576581877325,1.1957118667709911e-05,5.261740244832021,-0.6531308050845084,10.652754926818984
2028-12-15,2.223134839151266,25.0,313.5,311.0,316.0,10,17,call,337.1700134277344,1.1014226050432399,313.49999999999994,0.982271318059218,3.370035270195824e-05,9.38106451579422,-1.605598666272725,39.332665302560976
2028-12-15,2.223134839151266,30.0,309.0,306.5,311.5,29,101,call,337.1700134277344,1.010077731915691,308.9999999999994,0.9814867206947364,4.053353604786795e-05,10.347441507702907,-1.8582104460251379,48.748657977220404
2028-12-15,2.223134839151266,50.0,291.0,288.5,293.5,2,1368,call,337.1700134277344,0.7722702523973163,291.0000000001881,0.9790449178735768,6.795853997594246e-05,13.264077088851074,-2.725850833678276,86.93477218822171
2028-12-15,2.223134839151266,60.0,282.5,280.0,285.0,2,201,call,337.1700134277344,0.724968920043404,282.5,0.9764156538524571,8.883722258534525e-05,16.27713823592929,-3.4839722064415337,103.86058931097116
2028-12-15,2.223134839151266,70.0,273.5,271.0,276.0,14,256,call,337.1700134277344,0.6567985490939757,273.4999999999986,0.9753337527700181,0.00010533141327482086,17.4845229378501,-3.872254532057602,123.05783750474659
2028-12-15,2.223134839151266,80.0,264.75,262.5,267.0,2,262,call,337.1700134277344,0.6119935933698659,264.7499999999986,0.9733311988099774,0.0001272080676320309,19.675474844338535,-4.4289708201398925,141.0092041571094
2028-12-15,2.223134839151266,90.0,256.0,253.5,258.5,1,193,call,337.1700134277344,0.5727720607069625,255.9999999999997,0.9712141097005715,0.00015153261467714364,21.935706843685924,-4.976060691552148,158.87471819319663
2028-12-15,2.223134839151266,100.0,247.25,245.0,249.5,17,3236,call,337.1700134277344,0.537829069652684,247.24999999999994,0.968971008276133,0.00017858117110384052,24.274127564099928,-5.51397618325198,176.6457766234029
2028-12-15,2.223134839151266,110.0,238.5,236.0,241.0,6,1271,call,337.1700134277344,0.506259567777349,238.50000000016988,0.9665901836441645,0.0002086676768676373,26.69882299432767,-6.042922643709513,194.31360126209017
2028-12-15,2.223134839151266,120.0,230.0,227.5,232.5,1,190,call,337.1700134277344,0.4857892341698192,230.00000000000003,0.9627909829259257,0.0002480835724107334,30.458575217408466,-6.719798051763785,210.36246378284343
2028-12-15,2.223134839151266,125.0,225.5,223.0,228.0,2,71,call,337.1700134277344,0.4679044871564496,225.50000000000003,0.9620741795344415,0.00026344704756816234,31.154030229793197,-6.897366536491784,219.8292730843767
2028-12-15,2.223134839151266,130.0,221.0,218.5,223.5,2,109,call,337.1700134277344,0.45079825558155423,221.00000000000006,0.9613644527727521,0.0002794517570397684,31.83851200494385,-7.0739188332106275,229.3013868464675
2028-12-15,2.223134839151266,135.0,216.85,214.5,219.2,2,55,call,337.1700134277344,0.4448720773606046,216.85,0.9587111726245346,0.00030562433531406,34.362659674625895,-7.461045907433319,236.53856554434574
2028-12-15,2.223134839151266,140.0,212.5,210.0,215.0,2,155,call,337.1700134277344,0.43314634256190704,212.5000000000001,0.9570804236666325,0.000327832498157568,35.888090040767445,-7.723186400752014,244.98683441716426
2028-12-15,2.223134839151266,145.0,208.5,206.0,211.0,2,207,call,337.1700134277344,0.43090496915312393,208.4999999999974,0.9534712819779815,0.00035993616380081855,39.198610908869355,-8.179519430120685,251.1740535451114
2028-12-15,2.223134839151266,150.0,204.0,202.0,206.0,25,633,call,337.1700134277344,0.4157811335657148,203.99999999999164,0.9525139774544618,0.0003812479646131625,40.062311534914656,-8.349960190346403,260.4605893540544
2028-12-15,2.223134839151266,155.0,200.1,197.95,202.25,1,133,call,337.1700134277344,0.4153485404115015,200.09999999977867,0.9481968735986681,0.0004180817998392981,43.88717655351044,-8.840193673401073,265.89482467936875
2028-12-15,2.223134839151266,160.0,195.5,193.5,197.5,98,293,call,337.1700134277344,0.39873660714976183,195.49999999999997,0.9476415987509796,0.00044030216569095103,44.371143567648026,-8.954439546791797,275.70502512620004
2028-12-15,2.223134839151266,165.0,191.4,189.3,193.5,2,305,call,337.1700134277344,0.3935333703094189,191.39999999999637,0.9442349892026977,0.00047559701686425063,47.30253088564461,-9.324134364998304,282.26637064638476
2028-12-15,2.223134839151266,170.0,187.125,185.25,189.0,1,123,call,337.1700134277344,0.3845657419481723,187.12499999999997,0.9417236805029126,0.0005085104068422451,49.42357199938761,-9.598114634163505,289.8878593629311
2028-12-15,2.223134839151266,175.0,183.0,181.0,185.0,3,561,call,337.1700134277344,0.37862098986317677,183.00000000001117,0.9382741533487556,0.0005463944686482774,52.284706185100106,-9.938470792440492,296.47261331523544
2028-12-15,2.223134839151266,180.0,179.2,177.0,181.4,2,445,call,337.1700134277344,0.3783501066701784,179.1999999996846,0.9329514133502752,0.0005917854663655194,56.58767453048276,-10.416697383294562,300.9307360450262
2028-12-15,2.223134839151266,185.0,175.1,173.2,177.0,1,149,call,337.1700134277344,0.3722799210098719,175.09999999999766,0.9291789901982259,0.0006330268255031996,59.560100034756196,-10.744565644076234,307.21787705064565
2028-12-15,2.223134839151266,190.0,170.9,169.15,172.65,128,1175,call,337.1700134277344,0.3644929897333972,170.89999999999844,0.9258302213348618,0.0006746434288084565,62.14800122985727,-11.020807667289422,314.0448919516351
2028-12-15,2.223134839151266,195.0,167.075,165.15,169.0,2,2000,call,337.1700134277344,0.3624735747661623,167.07499999999987,0.9203917287345956,0.000723227318666026,66.25442122690842,-11.442056719343496,318.47182786423036
2028-12-15,2.223134839151266,200.0,162.64999999999998,161.7,163.6,5,2834,call,337.1700134277344,0.3512648920466292,162.64999999999964,0.917978893665978,0.0007664150107975756,68.03970761346504,-11.611551498396613,326.5006001200075
2028-12-15,2.223134839151266,210.0,155.225,154.35,156.1,1,572,call,337.1700134277344,0.34878135247410663,155.22500000002321,0.9054200361474362,0.0008734616798674969,76.99469537620139,-12.46627857663684,333.59357816669313
2028-12-15,2.223134839151266,220.0,147.45,146.7,148.2,20,1738,call,337.1700134277344,0.3401043219199653,147.45000000002688,0.894218862854521,0.000983549770803127,84.54193493677332,-13.124118390744353,342.4823387507841
2028-12-15,2.223134839151266,230.0,139.375,138.35,140.4,5,910,call,337.1700134277344,0.3272979855966472,139.37499999856155,0.88382777435238,0.001102605108721456,91.20675907476173,-13.631030852360112,352.6452586137704
2028-12-15,2.223134839151266,240.0,132.02499999999998,131.2,132.85,62,1770,call,337.1700134277344,0.3216061106189019,132.0249999999995,0.8695275233842898,0.0012289898113019232,99.89327816278346,-14.300695743728127,358.26619758805236
2028-12-15,2.223134839151266,250.0,124.975,124.1,125.85,16,2603,call,337.1700134277344,0.3174303331147954,124.97499999999098,0.8535084843944514,0.0013588010299432677,109.01041257659914,-14.972169918330478,361.93183660754215
2028-12-15,2.223134839151266,260.0,118.525,117.2,119.85,1,1481,call,337.1700134277344,0.31690954976880903,118.52500000000427,0.8349310727615864,0.0014837654700211812,118.8404472441995,-15.701231347775218,362.34590407549086
2028-12-15,2.223134839151266,270.0,111.125,110.2,112.05,56,2268,call,337.1700134277344,0.30706167752861385,111.12500000000084,0.8190878428926984,0.0016318650094448782,126.64076918465251,-16.112501077091537,366.92142230565065
2028-12-15,2.223134839151266,280.0,105.425,104.3,106.55,10,2096,call,337.1700134277344,0.3091572538324913,105.42500000000001,0.7975775676690109,0.0017461431279188458,136.4341127953541,-16.807111602216523,363.46973916742917
2028-12-15,2.223134839151266,290.0,98.7,97.9,99.5,8,1908,call,337.1700134277344,0.3021694562693844,98.70000000000003,0.7784632053925847,0.0018910247095779958,144.41471845529765,-17.18212930903559,364.09268425778106
2028-12-15,2.223134839151266,300.0,92.65,91.65,93.65,34,3804,call,337.1700134277344,0.2986991244713971,92.649999999131,0.7571730757037103,0.0020207836450557687,152.55184309234988,-17.592149851741084,361.58411377314843
2028-12-15,2.223134839151266,310.0,87.57499999999999,86.6,88.55,2,2680,call,337.1700134277344,0.30006645034798013,87.574999999999,0.7339485565835432,0.0021173365532169957,160.5724474813573,-18.073456975710684,355.4580180122516
2028-12-15,2.223134839151266,320.0,81.625,81.15,82.1,14,3584,call,337.1700134277344,0.29459716818119397,81.62499999649977,0.7116118774495301,0.0022494801704411762,167.48442558159272,-18.287757070394715,351.94266737340666
2028-12-15,2.223134839151266,330.0,76.275,75.9,76.65,4,3044,call,337.1700134277344,0.29156943686825704,76.27500000001407,0.6880783727320341,0.002360611476779076,173.95231122392943,-18.500526187970717,346.19632599256437
2028-12-15,2.223134839151266,340.0,71.25,70.9,71.6,24,8228,call,337.1700134277344,0.28918706908384034,71.25,0.6639452269005778,0.0024593713712850645,179.74907909735217,-18.660094605292894,339.27799016649027
2028-12-15,2.223134839151266,350.0,67.0,66.2,67.8,54,4318,call,337.1700134277344,0.2898303076784507,67.00000000010434,0.6396094436224208,0.0025223887365413574,184.76491536404922,-18.844452081361194,330.4848329965593
2028-12-15,2.223134839151266,360.0,62.175,61.2,63.15,10,1639,call,337.1700134277344,0.28616143211880274,62.175000000000004,0.6148028008424496,0.002613891764333223,189.0437797941635,-18.821629366659444,322.6170341293674
2028-12-15,2.223134839151266,370.0,57.575,57.1,58.05,18,2763,call,337.1700134277344,0.2826174306911579,57.57499999999999,0.589573913026378,0.0026957773265161313,192.55138695132237,-18.72939269984827,313.9325258520398
2028-12-15,2.223134839151266,380.0,53.925,53.3,54.55,9,1786,call,337.1700134277344,0.28290464492328476,53.925,0.56525803716866,0.0027292585032007073,195.14096181207438,-18.706516791589028,303.8204098716523
2028-12-15,2.223134839151266,390.0,49.925,49.45,50.4,2,2966,call,337.1700134277344,0.28031783396651944,49.924999999999976,0.5401481007289539,0.0027808435721828014,197.01122862934517,-18.516513929680727,293.8911835978269
2028-12-15,2.223134839151266,400.0,46.325,45.8,46.85,2,4963,call,337.1700134277344,0.2787387800309581,46.32500000000895,0.5155342817335548,0.0028114731818959016,198.05920488201065,-18.304691241944326,283.4445803257372
2028-12-15,2.223134839151266,410.0,42.875,42.1,43.65,1,1100,call,337.1700134277344,0.2769192497889757,42.87500000116601,0.4910142748351492,0.0028338764322803052,198.3342630937725,-18.026785456919153,272.7348259718739
2028-12-15,2.223134839151266,420.0,40.1,39.45,40.75,1,908,call,337.1700134277344,0.2775405128757395,40.10000000000271,0.46843145510528167,0.0028214796169026804,197.9096609370184,-17.80958500598245,261.97652152319904
2028-12-15,2.223134839151266,430.0,36.599999999999994,35.9,37.3,4,1519,call,337.1700134277344,0.2735577402357783,36.60000000128753,0.44305905089095365,0.0028444156156728732,196.6553441020151,-17.3300030535761,250.73898870132345
2028-12-15,2.223134839151266,440.0,34.25,33.8,34.7,1,1285,call,337.1700134277344,0.2745173089421157,34.24999999999991,0.4219108767186551,0.0028102934809363894,194.9777704427918,-17.051153506129385,240.11122553443238
2028-12-15,2.223134839151266,450.0,31.65,31.25,32.05,15,5675,call,337.1700134277344,0.2733425865116163,31.649999999974703,0.39966746532691844,0.002787770952994053,192.5874928248719,-16.63050194515426,229.21828428899641
2028-12-15,2.223134839151266,460.0,29.15,28.85,29.45,1,606,call,337.1700134277344,0.27183746759917016,29.14999999805136,0.3776840342119971,0.0027595332859588354,189.58703901445242,-16.158582534101683,218.29790412479852
2028-12-15,2.223134839151266,470.0,27.1,26.7,27.5,2,438,call,337.1700134277344,0.2719017482391023,27.10000000000002,0.357908419319389,0.0027115955432925466,186.3376450357967,-15.75121223199136,208.03203580240344
2028-12-15,2.223134839151266,480.0,25.075000000000003,24.6,25.55,3,436,call,337.1700134277344,0.2713411481361089,25.075000000000017,0.33823581699180194,0.00266238517575167,182.5787527103231,-15.287265841568024,197.78780469534743
2028-12-15,2.223134839151266,490.0,23.174999999999997,22.7,23.65,5,322,call,337.1700134277344,0.270720329983566,23.17500000000013,0.3192229123903157,0.0026079536608844553,178.43680247691572,-14.80257385178718,187.76017426297454
2028-12-15,2.223134839151266,500.0,21.4,20.9,21.9,3,2169,call,337.1700134277344,0.2700779298325954,21.400000000000997,0.3009163750103284,0.002548641984537692,173.964895385956,-14.302957023396687,177.98412676446148
2028-12-15,2.223134839151266,510.0,19.8,19.35,20.25,1,315,call,337.1700134277344,0.26975026352108405,19.8000000000035,0.2837242688005413,0.002483635293090977,169.32200067510243,-13.815017644906035,168.65437974881397
2028-12-15,2.223134839151266,520.0,18.125,17.8,18.45,14,1965,call,337.1700134277344,0.26828619218082916,18.124999999987715,0.2658835900813126,0.0024192471064611427,164.03716046301977,-13.240416532967133,159.005214494208
2028-12-15,2.223134839151266,530.0,16.7,16.25,17.15,10,182,call,337.1700134277344,0.2676617478165063,16.69999999999579,0.24979295029574708,0.002348217810399744,158.85042399030314,-12.720253041957015,150.112049919683
2028-12-15,2.223134839151266,540.0,15.3,14.85,15.75,1,81,call,337.1700134277344,0.2665387886190055,15.299999999999631,0.23379712886615592,0.0022755053795951623,153.28581851245275,-12.161875274774252,141.23438038681545
2028-12-15,2.223134839151266,550.0,14.3,13.85,14.75,20,382,call,337.1700134277344,0.2674362583135947,14.299999999999978,0.22110557176397758,0.0021981163743468495,148.57120986529557,-11.756837045927558,133.94424888074764
2028-12-15,2.223134839151266,560.0,13.2,12.9,13.5,1,108,call,337.1700134277344,0.26712310486123236,13.199999999972666,0.20758017173593413,0.0021217983163412464,143.244925400378,-11.26578318326934,126.25140354483145
2028-12-15,2.223134839151266,570.0,11.825,11.3,12.35,16,54,call,337.1700134277344,0.2642202350823103,11.825000000000902,0.19140462751201878,0.0020433533514114294,136.44990580010062,-10.579554129521217,117.18344003456771
2028-12-15,2.223134839151266,580.0,11.149999999999999,10.95,11.35,60,145,call,337.1700134277344,0.2658518697214467,11.150000000146827,0.18174887209459906,0.0019670274865066597,132.1642022116804,-10.252880173824485,111.44634894265668
2028-12-15,2.223134839151266,590.0,10.3,10.1,10.5,3,198,call,337.1700134277344,0.2657091619474933,10.29999999999175,0.17045049481995145,0.0018900294757473056,126.92255263486487,-9.797592389713643,104.86703914934644
2028-12-15,2.223134839151266,600.0,9.5,9.3,9.7,2,4577,call,337.1700134277344,0.2654577749202614,9.499999997605727,0.15963767133908324,0.0018135010888263282,121.66816597728359,-9.344114689718369,98.54053131441084
2028-12-15,2.223134839151266,5.0,0.065,0.0,0.13,1,855,put,337.1700134277344,1.1042738227995148,0.06499999999816757,-0.00028163673878222874,1.8771917288394377e-06,0.523900846619194,-0.12211275802381452,-0.35561145503636776
2028-12-15,2.223134839151266,10.0,0.145,0.0,0.29,1,26,put,337.1700134277344,0.9879611766711565,0.14500000000281776,-0.0006861987136175537,4.7899103654693375e-06,1.1959993847931465,-0.2469605276520341,-0.8367115431724079
2028-12-15,2.223134839151266,15.0,1.37,0.0,2.74,28,6,put,337.1700134277344,1.22045157463772,1.3699999999999815,-0.0036518331069144557,1.777508633367578e-05,5.482718670656892,-1.3732334418536345,-5.783015352683556
2028-12-15,2.223134839151266,20.0,0.925,0.0,1.85,2,54,put,337.1700134277344,1.012861127614655,0.9250000000104516,-0.0034671640164212875,2.044347489764741e-05,5.233211802334461,-1.0869885624331208,-4.655297125920602
2028-12-15,2.223134839151266,25.0,0.16,0.02,0.3,2,92,put,337.1700134277344,0.7237585995974399,0.16000000000000003,-0.0011339275110506517,1.0374728667585596e-05,1.8977289176050327,-0.2820784378964597,-1.2056646120496781
2028-12-15,2.223134839151266,30.0,0.5,0.0,1.0,1,76,put,337.1700134277344,0.7785359627912534,0.499999999997309,-0.00288838984719373,2.2566080965960265e-05,4.440158892882909,-0.7042198070242525,-3.276630516552614
2028-12-15,2.223134839151266,45.0,0.275,0.01,0.54,50,74,put,337.1700134277344,0.5978651962347412,0.275000000015919,-0.002340572347705554,2.430110989458878e-05,3.671918835128106,-0.441287338971788,-2.365795202341827
2028-12-15,2.223134839151266,50.0,0.34500000000000003,0.01,0.68,82,276,put,337.1700134277344,0.5841362179514329,0.3450000001018974,-0.0029527687278991565,3.067956491032332e-05,4.529257600815955,-0.528965813539652,-2.9803013778238467
2028-12-15,2.223134839151266,60.0,0.3,0.01,0.59,8,557,put,337.1700134277344,0.5212114269070721,0.2999999999996638,-0.0029723814275028327,3.458915278787474e-05,4.55635489867493,-0.4701106055536098,-2.89496148744255
2028-12-15,2.223134839151266,90.0,0.38,0.2,0.56,15,199,put,337.1700134277344,0.41970027552054695,0.38000000000913375,-0.004690591809703252,6.466043300173861e-05,6.858696000708434,-0.5513650636774375,-4.36073879703844
2028-12-15,2.223134839151266,100.0,0.575,0.5,0.65,1,1270,put,337.1700134277344,0.41256589510053776,0.575000000000004,-0.006930165649808011,9.300553520783593e-05,9.697634493229236,-0.7572020257376583,-6.4729773160963235
2028-12-15,2.223134839151266,110.0,0.76,0.68,0.84,160,839,put,337.1700134277344,0.40026996508815815,0.7599999999946536,-0.009182900298081461,0.00012276797387655825,12.419433399493137,-0.9291466996275282,-8.572849491704622
2028-12-15,2.223134839151266,120.0,0.9850000000000001,0.92,1.05,3,173,put,337.1700134277344,0.3889275701511447,0.98499999999998,-0.01191846948441472,0.00015856791065233962,15.586468466663204,-1.1182963050539592,-11.123567471791059
2028-12-15,2.223134839151266,125.0,1.1099999999999999,1.03,1.19,2,52,put,337.1700134277344,0.3833242205164334,1.1099999999259487,-0.013450628117386397,0.00017862888438722322,17.305399844299536,-1.215425420230321,-12.549926220002146
2028-12-15,2.223134839151266,130.0,1.23,1.12,1.34,1,323,put,337.1700134277344,0.37705738076130574,1.2300000000000044,-0.014983118502157642,0.00019927910940196596,18.990347466031917,-1.3027608334694052,-13.96541796700399
2028-12-15,2.223134839151266,135.0,1.4300000000000002,1.34,1.52,24,290,put,337.1700134277344,0.37434436953335676,1.4300000000858708,-0.017229978196243886,0.00022624425912631278,21.404868513340244,-1.447495369110044,-16.09423345012148
2028-12-15,2.223134839151266,140.0,1.575,1.47,1.68,1,496,put,337.1700134277344,0.3684434331791911,1.5749999999998796,-0.019065565812015642,0.00025057186874789675,23.332798120449457,-1.5414544343745769,-17.792497493896708
2028-12-15,2.223134839151266,145.0,1.73,1.59,1.87,14,461,put,337.1700134277344,0.3626912759784434,1.7300000000075584,-0.021036976847825867,0.00027669148375934955,25.362764707695497,-1.636736575610394,-19.614802645337633
2028-12-15,2.223134839151266,150.0,1.99,1.9,2.08,4,851,put,337.1700134277344,0.3604695257811834,1.9900000000085185,-0.02390896522997271,0.00031010489824816434,28.251458434750212,-1.797995555427097,-22.34558668212189
2028-12-15,2.223134839151266,155.0,2.245,2.07,2.42,23,492,put,337.1700134277344,0.3572889835815124,2.244999999971954,-0.026782924978630787,0.0003440581084933234,31.068130031301912,-1.944098200695616,-25.06673273050385
2028-12-15,2.223134839151266,160.0,2.48,2.34,2.62,1,600,put,337.1700134277344,0.35292688803105293,2.4799999999908295,-0.029557809791861712,0.0003780836347341178,33.72378541652902,-2.067049226466962,-27.669152046594647
2028-12-15,2.223134839151266,165.0,2.855,2.61,3.1,3,562,put,337.1700134277344,0.35198560780439225,2.8549999999999827,-0.033443388054826606,0.00041981572264517035,37.346275504919824,-2.263921754621979,-31.415357620276573
2028-12-15,2.223134839151266,170.0,3.02,2.89,3.15,2,817,put,337.1700134277344,0.34492874014970343,3.0200000000024567,-0.03583507804718803,0.00045339181752419535,39.52453336771471,-2.326178308280533,-33.57492446828661
2028-12-15,2.223134839151266,175.0,3.325,3.15,3.5,5,325,put,337.1700134277344,0.3411795946003663,3.325000000017399,-0.039337285623624485,0.0004946057320412722,42.648708576835666,-2.45973561398804,-36.87814574954069
2028-12-15,2.223134839151266,180.0,3.675,3.5,3.85,5,2199,put,337.1700134277344,0.3380126024149089,3.675000000003221,-0.04323603464046655,0.0005389526989008471,46.04126366492729,-2.605617297907227,-40.57864541217399
2028-12-15,2.223134839151266,185.0,4.075,3.75,4.4,2,428,put,337.1700134277344,0.3353973708566615,4.074999999999988,-0.04755568834792412,0.0005863505696918859,49.70278181438032,-2.7636273942061993,-44.705801199216396
2028-12-15,2.223134839151266,190.0,4.45,4.25,4.65,3,1999,put,337.1700134277344,0.3318019300114195,4.4499999999955255,-0.05177775285152895,0.0006342862696564574,53.18974513340904,-2.895443958999125,-48.70422824600467
2028-12-15,2.223134839151266,195.0,4.949999999999999,4.8,5.1,1,850,put,337.1700134277344,0.3300344963257445,4.950000000008722,-0.05691340288419162,0.0006871696792349262,57.317470438273055,-3.0710741683489946,-53.66534747577826
2028-12-15,2.223134839151266,200.0,5.475,5.35,5.6,92,4034,put,337.1700134277344,0.3280939702559833,5.475000001191935,-0.06226960768812334,0.0007416568907907861,61.49856416042937,-3.2400743163204937,-58.84736729025989
2028-12-15,2.223134839151266,210.0,6.550000000000001,6.45,6.65,50,2110,put,337.1700134277344,0.3230498343797489,6.549999999999989,-0.07335736524314204,0.0008547549799640363,69.7870521085248,-3.536096801924175,-69.54833649591065
2028-12-15,2.223134839151266,220.0,7.8,7.6,8.0,14,2164,put,337.1700134277344,0.31861233230938224,7.800000000172801,-0.08581182091573365,0.0009756964118060742,78.56714658833833,-3.8277995023856057,-81.66279622778457
2028-12-15,2.223134839151266,230.0,9.25,9.05,9.45,80,1087,put,337.1700134277344,0.31481108707425437,9.250000000311777,-0.09969737768358373,0.001103127846218997,87.76867816150367,-4.110553961814125,-95.29459967733781
2028-12-15,2.223134839151266,240.0,10.975,10.75,11.2,2,1511,put,337.1700134277344,0.31216880393219576,10.974999999999962,-0.11527274510398322,0.001234926874366757,97.43038827965407,-4.393236882783039,-110.80440401868356
2028-12-15,2.223134839151266,250.0,12.8,12.5,13.1,198,1763,put,337.1700134277344,0.30867979345998137,12.799999999995958,-0.13161855930129504,0.0013701776049822691,106.89287472973902,-4.612442323934333,-127.11402902791393
2028-12-15,2.223134839151266,260.0,15.075,14.85,15.3,52,10023,put,337.1700134277344,0.30750558431543445,15.074999999985156,-0.15009653148067306,0.001503276276204066,116.83030267450285,-4.851863697055214,-146.0222757624679
2028-12-15,2.223134839151266,270.0,17.424999999999997,17.15,17.7,6,821,put,337.1700134277344,0.30511028799889583,17.42500000000102,-0.16906836321540838,0.0016374171943570313,126.26410059147805,-5.004694276070136,-165.46744209167096
2028-12-15,2.223134839151266,280.0,20.049999999999997,19.65,20.45,2,2819,put,337.1700134277344,0.3031978773256512,20.050000000000065,-0.18919673279455826,0.0017680824681539974,135.4853586804614,-5.114311913276623,-186.3908816665344
2028-12-15,2.223134839151266,290.0,23.075,22.75,23.4,3,885,put,337.1700134277344,0.3025241377287953,23.074999999999996,-0.2105991575241505,0.0018894176512021998,144.46135734644935,-5.197803493922245,-209.15857430656635
2028-12-15,2.223134839151266,300.0,26.35,26.05,26.65,9,2439,put,337.1700134277344,0.3018928189054849,26.349999999449416,-0.23266233097246952,0.002003644029678941,152.8752007623484,-5.217925850907239,-232.97733098191028
2028-12-15,2.223134839151266,310.0,29.9,29.6,30.2,2,1282,put,337.1700134277344,0.3014623929969032,29.899999999999213,-0.2552955069426865,0.0021088100521868443,160.66981603750395,-5.177161869542355,-257.8347090408513
2028-12-15,2.223134839151266,320.0,33.975,33.45,34.5,3,906,put,337.1700134277344,0.3027127647693138,33.97500000181242,-0.27855225506304565,0.002193813453526147,167.83947840529785,-5.118107099938182,-284.32664661568
2028-12-15,2.223134839151266,330.0,38.0,37.65,38.35,8,1928,put,337.1700134277344,0.3021815048385695,38.000000000002196,-0.3017140802082179,0.0022805589965155556,174.1698117111618,-4.940101184206788,-310.63627560798506
2028-12-15,2.223134839151266,340.0,42.849999999999994,42.3,43.4,47,335,put,337.1700134277344,0.3049509630545036,42.849999998823264,-0.32501459738456273,0.00233227893664273,179.75219004839792,-4.797309306554804,-338.88395084053934
2028-12-15,2.223134839151266,350.0,47.474999999999994,47.15,47.8,5,704,put,337.1700134277344,0.3051032674700192,47.47499999999998,-0.3481055978471181,0.002393086803538264,184.53085827005563,-4.5125456272671,-366.47437237374515
2028-12-15,2.223134839151266,360.0,52.75,52.35,53.15,137,1734,put,337.1700134277344,0.30751841565374566,52.74999999999999,-0.37068224444562103,0.0024253182702774316,188.4966160285514,-4.242105650030083,-395.12428505891324
2028-12-15,2.223134839151266,370.0,58.45,57.9,59.0,63,161,put,337.1700134277344,0.3109498356061919,58.45000000000002,-0.3924400688113573,0.0024389533281202027,191.67148709401832,-3.95538085233031,-424.1052618639659
2028-12-15,2.223134839151266,380.0,64.275,63.8,64.75,294,1200,put,337.1700134277344,0.3138803698331451,64.275,-0.4135799428754323,0.002447527300384197,194.15804549280074,-3.6063916521787807,-452.90093079511
2028-12-15,2.223134839151266,390.0,70.65,70.05,71.25,710,462,put,337.1700134277344,0.3185679597903438,70.64999999999996,-0.43328907537041317,0.002433795201348769,195.9520520000337,-3.282774450978585,-481.846876629473
2028-12-15,2.223134839151266,400.0,77.075,76.65,77.5,1,174,put,337.1700134277344,0.3225113121391929,77.07500000000002,-0.4523398807842957,0.0024194678156114085,197.20980000793335,-2.8989471559798106,-510.4105140766268
2028-12-15,2.223134839151266,410.0,84.32499999999999,83.6,85.05,1,14,put,337.1700134277344,0.3297118054087551,84.32499999999999,-0.46882671936510806,0.002375184712004436,197.92268675463285,-2.6201060216255576,-538.8863538564125
2028-12-15,2.223134839151266,420.0,91.5,90.65,92.35,2,19,put,337.1700134277344,0.3356811382594656,91.49999999900216,-0.4847809997304813,0.002337183097311746,198.28203480268257,-2.274474988581981,-566.7962665143406
2028-12-15,2.223134839151266,430.0,99.425,98.5,100.35,2,9,put,337.1700134277344,0.3446593337823434,99.42500000000003,-0.49788491634195525,0.0022769026320029707,198.33446745744814,-2.0468224123689853,-594.2369705952871
2028-12-15,2.223134839151266,440.0,106.575,105.45,107.7,2,7,put,337.1700134277344,0.34902532924214397,106.57500000000152,-0.5127125269742401,0.0022461014061825944,198.12988902309522,-1.606594568086562,-621.2467820912598
2028-12-15,2.223134839151266,450.0,115.075,113.75,116.4,8,8,put,337.1700134277344,0.3595667218028609,115.0750000000516,-0.5225879718273786,0.002177041260824545,197.83805872278822,-1.4424028714642732,-647.5458089099197
2028-12-15,2.223134839151266,460.0,124.125,122.35,125.9,2,1,put,337.1700134277344,0.3723222971407687,124.12500000048828,-0.5298454729114412,0.002099333803783207,197.54417832643207,-1.3882503376110036,-673.105216251692
2028-12-15,2.223134839151266,470.0,133.14999999999998,131.35,134.95,2,0,put,337.1700134277344,0.3844430493854361,133.15000000303104,-0.5364812622079819,0.0020297733278877373,197.21649944143772,-1.3127134258022386,-698.1430259848444
2028-12-15,2.223134839151266,480.0,142.8,141.1,144.5,0,2,put,337.1700134277344,0.3992746568597773,142.79999999952724,-0.5402838363402769,0.0019522618292261578,197.00329915298218,-1.3784399011153519,-722.4465894121041
2028-12-15,2.223134839151266,490.0,152.4,150.0,154.8,1,2,put,337.1700134277344,0.41343751598449335,152.40000000000006,-0.543693998477416,0.0018834036466813917,196.79632347199538,-1.422725137820425,-746.3448541190244
2028-12-15,2.223134839151266,500.0,162.525,160.55,164.5,1,0,put,337.1700134277344,0.429888239000015,162.52500000000003,-0.5447402972028234,0.001810718562076355,196.72982629649454,-1.5908627639370674,-769.6383731084825
2028-12-15,2.223134839151266,510.0,172.625,170.5,174.75,5,0,put,337.1700134277344,0.44586226058204675,172.62499999999994,-0.5454523429607926,0.0017454367495026027,196.68376826769375,-1.7462075007821687,-792.6257662582532
2028-12-15,2.223134839151266,520.0,182.55,180.3,184.8,3,0,put,337.1700134277344,0.4606213565469283,182.54999999999995,-0.5464177993995719,0.0016889645911903235,196.6202780259441,-1.8508586483198264,-815.4140609710988
2028-12-15,2.223134839151266,530.0,192.45,190.1,194.8,2,0,put,337.1700134277344,0.47494985163009174,192.44999999999982,-0.5471501881038707,0.0016376032699632055,196.57131559900824,-1.9427015313568377,-837.9720757049009
2028-12-15,2.223134839151266,540.0,202.47500000000002,200.05,204.9,2,0,put,337.1700134277344,0.48963041691873443,202.4749999999998,-0.5471610997795772,0.0015884971526350649,196.57058090653143,-2.0601525432998344,-860.267181580202
2028-12-15,2.223134839151266,550.0,212.52499999999998,210.1,214.95,2,0,put,337.1700134277344,0.5041717925962719,212.52499999999964,-0.5468393558691312,0.001542851059796829,196.59217991099587,-2.1780363386307977,-882.3685157138976
2028-12-15,2.223134839151266,570.0,259.5,257.0,262.0,0,0,put,337.1700134277344,0.6682903561353135,259.49999999999307,-0.4635809954897736,0.001170715884906962,197.73356490382932,-8.463898095388384,-924.3919389595824
2028-12-15,2.223134839151266,580.0,269.5,267.0,272.0,6,0,put,337.1700134277344,0.6818608899552945,269.4999999999894,-0.46304374950071864,0.0011472921456948362,197.71221086240058,-8.542824116724287,-946.2205815092717
2028-12-15,2.223134839151266,590.0,279.5,277.0,282.0,0,0,put,337.1700134277344,0.695218686553995,279.4999999999834,-0.46237442546986285,0.0011250939486274793,197.68509091386406,-8.613397041773808,-967.9502217395482
2028-12-15,2.223134839151266,600.0,289.5,287.0,292.0,1,0,put,337.1700134277344,0.708374896458509,289.49999999997317,-0.46158470600466794,0.0011040154283412675,197.65235617919993,-8.67589947934708,-989.5896166339285
2029-01-19,2.31895961670089,25.0,313.5,311.0,316.0,0,1,call,337.1700134277344,1.0856294140336276,313.4999999999733,0.9817507216951655,3.36825245594335e-05,9.640006103762232,-1.5298134255087545,40.62099302429166
2029-01-19,2.31895961670089,50.0,291.5,289.0,294.0,10,140,call,337.1700134277344,0.7885475877015102,291.50000000011215,0.9773716335298512,7.198769852327117e-05,14.965018873321965,-2.9128196543906903,88.21416717447288
2029-01-19,2.31895961670089,60.0,282.5,280.0,285.0,1,1,call,337.1700134277344,0.7049847506927162,282.50000000000006,0.9763390869605664,8.698223427168876e-05,16.16595457672525,-3.2860270151354816,108.27747244971131
2029-01-19,2.31895961670089,70.0,274.0,271.5,276.5,3,1,call,337.1700134277344,0.6635487527547455,274.0,0.973686761489742,0.0001096087893675038,19.17384844834245,-3.9795122761171187,125.91481928454554
2029-01-19,2.31895961670089,80.0,265.0,262.5,267.5,3,108,call,337.1700134277344,0.6034898758572018,265.0000000002005,0.9727182898111605,0.0001272633174549044,20.247168681787105,-4.3322073522560745,146.0282236681618
2029-01-19,2.31895961670089,100.0,248.0,245.5,250.5,4,7,call,337.1700134277344,0.5462351770170717,247.99999999964194,0.9665590480928873,0.00018617778324088788,26.810109763030724,-5.656532089976978,180.634726787628
2029-01-19,2.31895961670089,110.0,239.0,236.5,241.5,0,1,call,337.1700134277344,0.5034510017643198,239.0,0.9654200346425731,0.00021081274988889339,27.979835372444093,-5.994753433562966,200.6147873487546
2029-01-19,2.31895961670089,120.0,230.5,228.0,233.0,0,10,call,337.1700134277344,0.4812930361317226,230.5,0.9618485171847622,0.00024881791772123383,31.570561152883336,-6.626398032126333,217.53343300225563
2029-01-19,2.31895961670089,125.0,226.0,223.5,228.5,28,35,call,337.1700134277344,0.4629829784469672,226.0,0.9612220269861451,0.00026372568982651706,32.18907773352001,-6.791865061017435,227.47890883729463
2029-01-19,2.31895961670089,130.0,222.0,219.5,224.5,2,2,call,337.1700134277344,0.46015660293280575,222.0000000000001,0.9580362411602396,0.0002908729666265269,35.2858099563665,-7.2399355002721935,234.26383347002644
2029-01-19,2.31895961670089,135.0,217.5,215.0,220.0,0,5,call,337.1700134277344,0.443103090940076,217.50000000000045,0.9573105072155662,0.00030801379763755404,35.98040297794021,-7.403305933947418,244.13171224314462
2029-01-19,2.31895961670089,145.0,209.0,206.5,211.5,6,18,call,337.1700134277344,0.4239535921706278,208.99999999999957,0.953134684334374,0.0003570337633675578,39.904206503902024,-7.99634036649864,260.57786136945975
2029-01-19,2.31895961670089,150.0,204.97500000000002,202.8,207.15,1,11,call,337.1700134277344,0.4199313747812084,204.97499999983714,0.9497526802727347,0.00038839078524922845,42.9970156977397,-8.400356093791038,267.26734016359524
2029-01-19,2.31895961670089,155.0,201.0,199.0,203.0,0,1,call,337.1700134277344,0.4165452887829182,200.99999999910366,0.9460528513419504,0.00042162848860840125,46.30024047554574,-8.816433311522754,273.59236891102887
2029-01-19,2.31895961670089,160.0,196.5,194.5,198.5,2,3,call,337.1700134277344,0.4018150503885305,196.49999999999997,0.9449821242168718,0.0004459697828737553,47.24139412988916,-8.972091518813459,283.19050315663895
2029-01-19,2.31895961670089,165.0,192.4,190.3,194.5,2,15,call,337.1700134277344,0.39572967965505373,192.40000000000887,0.9417458051625427,0.00047972709332873027,50.047679086785436,-9.314475209674466,290.16781264618197
2029-01-19,2.31895961670089,170.0,188.125,186.25,190.0,2,43,call,337.1700134277344,0.38617293402308805,188.12500000000017,0.9393466814682578,0.000511681752075475,52.09221605501264,-9.5693326525201,298.20552942846194
2029-01-19,2.31895961670089,175.0,184.2,182.0,186.4,1,9,call,337.1700134277344,0.38317414294817254,184.19999999992427,0.9350046577331914,0.0005515911219460119,55.71915663269967,-9.973053227198115,303.91248857909824
2029-01-19,2.31895961670089,180.0,180.0,178.0,182.0,1,3,call,337.1700134277344,0.3750382295693745,179.99999999900643,0.9320103827198876,0.0005883248972024843,58.167960889584315,-10.247468750874996,311.3109443095323
2029-01-19,2.31895961670089,185.0,176.0,174.0,178.0,5,79,call,337.1700134277344,0.37025544752949063,175.9999999999481,0.9278719090481742,0.0006299170679230879,61.48595248078912,-10.597388900407104,317.3509778945567
2029-01-19,2.31895961670089,190.0,171.85,170.0,173.7,3,3,call,337.1700134277344,0.36292327825649734,171.84999999999997,0.9244031781301159,0.0006711170529514282,64.21022202990284,-10.877173836857613,324.26251632965767
2029-01-19,2.31895961670089,195.0,168.0,166.0,170.0,120,3,call,337.1700134277344,0.360050245393412,167.9999999999881,0.91929073505507,0.0007178304886972532,68.13591364041744,-11.263465891311897,329.1931752270934
2029-01-19,2.31895961670089,200.0,163.75,162.15,165.35,1,148,call,337.1700134277344,0.35116683387009284,163.74999999993426,0.9160892366532154,0.0007619832841422696,70.54236381038454,-11.48860355637156,336.54555435796846
2029-01-19,2.31895961670089,210.0,156.025,154.05,158.0,2,17,call,337.1700134277344,0.3438723116920217,156.02500000002124,0.9054280005822175,0.0008635731211601821,78.28659365307388,-12.188721879289847,346.1236712763027
2029-01-19,2.31895961670089,220.0,148.25,146.5,150.0,3,17,call,337.1700134277344,0.3349068285075361,148.24999999999991,0.8945424302023757,0.0009717706619552303,85.79833464169157,-12.81571572866476,355.64233284860285
2029-01-19,2.31895961670089,230.0,141.1,139.45,142.75,2,12,call,337.1700134277344,0.33182604442501173,141.0999999999999,0.8803682454394942,0.001086406558730068,95.03726311934832,-13.569287361444154,361.1403308592716
2029-01-19,2.31895961670089,240.0,133.725,133.0,134.45,44,47,call,337.1700134277344,0.32490441153773986,133.72499999999502,0.8667539979268489,0.0012070081358725464,103.38484426508212,-14.182774296855307,367.5979005619521
2029-01-19,2.31895961670089,250.0,126.325,125.0,127.65,2,403,call,337.1700134277344,0.31677156591065264,126.32499999997854,0.8526488900542502,0.0013355880068000399,111.53464112211628,-14.722038054584035,373.7296485676008
2029-01-19,2.31895961670089,260.0,119.9,118.3,121.5,2,10,call,337.1700134277344,0.31594524864525875,119.90000000000688,0.8345270879206353,0.0014565470299261513,121.31860636367297,-15.415910480634597,374.45982339680086
2029-01-19,2.31895961670089,270.0,113.15,112.2,114.1,14,123,call,337.1700134277344,0.3108727599957815,113.15000000000077,0.8171498161256399,0.0015865924560592333,130.02867171727019,-15.943560455163233,376.52579619655705
2029-01-19,2.31895961670089,280.0,106.475,105.5,107.45,12,129,call,337.1700134277344,0.3052225094148039,106.47500000000002,0.7989740427654587,0.001721041481567826,138.4837989793974,-16.401199262440148,377.79351171064155
2029-01-19,2.31895961670089,290.0,100.475,99.75,101.2,13,71,call,337.1700134277344,0.30314485571461564,100.47499999999998,0.7786012732729857,0.0018420821439074596,147.21439134894655,-16.898097548282795,375.7781341392614
2029-01-19,2.31895961670089,300.0,94.825,93.9,95.75,45,105,call,337.1700134277344,0.3019479327673709,94.82499999953055,0.7572529010364903,0.0019542950414390683,155.5654905972614,-17.357741440457104,372.1883128734572
2029-01-19,2.31895961670089,310.0,89.05000000000001,87.95,90.15,22,317,call,337.1700134277344,0.2985928808329026,89.04999999999892,0.735802230441149,0.002072962130090362,163.17810650692044,-17.69422608545654,368.80837614386354
2029-01-19,2.31895961670089,320.0,83.175,82.6,83.75,2,70,call,337.1700134277344,0.2935049239384794,83.174999996879,0.7138971521293931,0.0021994472445290582,170.18450399909992,-17.915464896155406,365.3050414225886
2029-01-19,2.31895961670089,330.0,78.125,77.5,78.75,1,94,call,337.1700134277344,0.2921000165940154,78.12500000001289,0.6907502244317602,0.00229568162024984,176.7804809089016,-18.17236953894978,358.91758327853665
2029-01-19,2.31895961670089,340.0,72.975,72.45,73.5,163,163,call,337.1700134277344,0.2889321032223809,72.97499999999998,0.6672967479119976,0.002397890185614336,182.64852160518407,-18.310561409280236,352.52233559300385
2029-01-19,2.31895961670089,350.0,68.25,67.55,68.95,172,183,call,337.1700134277344,0.2869583955648479,68.25000000003651,0.6433969849303519,0.002482627078724944,187.8112035126551,-18.4158877390752,344.79258598468186
2029-01-19,2.31895961670089,360.0,63.75,63.3,64.2,1,118,call,337.1700134277344,0.28505486935033986,63.750000000000036,0.6192549244620661,0.0025577655204168585,192.21189699005762,-18.457060555501986,336.3516220207184
2029-01-19,2.31895961670089,370.0,59.275,58.65,59.9,19,69,call,337.1700134277344,0.2822111464020564,59.275000000000006,0.5947368302606078,0.002632609985801505,195.86271009822005,-18.40172383620855,327.5586694402789
2029-01-19,2.31895961670089,380.0,55.275,54.9,55.65,3,45,call,337.1700134277344,0.2807499451922663,55.27500000295244,0.5704209604399904,0.0026844294004371694,198.6839287046733,-18.329262817518465,317.8223269710802
2029-01-19,2.31895961670089,390.0,51.349999999999994,50.8,51.9,22,49,call,337.1700134277344,0.278644603036103,51.349999999999966,0.5459222820871793,0.0027326022573868733,200.73270209116578,-18.17369607570087,307.76912754281483
2029-01-19,2.31895961670089,400.0,48.05,47.45,48.65,6,650,call,337.1700134277344,0.2786564905978618,48.050000000000004,0.522523797271779,0.0027490998130884664,201.9532021942642,-18.0437560989149,297.12680168061246
2029-01-19,2.31895961670089,410.0,44.575,43.95,45.2,4,33,call,337.1700134277344,0.2768391370451148,44.574999999354105,0.49854131829683307,0.0027741222968366134,202.46229803129458,-17.791048223038132,286.43367827064714
2029-01-19,2.31895961670089,420.0,41.4,40.3,42.5,5,21,call,337.1700134277344,0.2755799764923255,41.40000000000026,0.4751666446241474,0.0027837045005204113,202.23758126292535,-17.512704323057687,275.5200999979185
2029-01-19,2.31895961670089,430.0,38.75,38.0,39.5,3,5,call,337.1700134277344,0.2760301525040995,38.750000000150756,0.45345828912922304,0.0027675290204812963,201.39087144772097,-17.2710601074476,264.69193485829817
2029-01-19,2.31895961670089,440.0,35.625,34.95,36.3,0,2,call,337.1700134277344,0.2732575830934923,35.62499999999999,0.42980049034274714,0.002773044448256783,199.76533401008393,-16.837637458587004,253.4410377105925
2029-01-19,2.31895961670089,450.0,33.325,32.7,33.95,4,26,call,337.1700134277344,0.27378318790710376,33.32499999999789,0.4093608833943366,0.0027400241847409562,197.766279946546,-16.533371427079658,242.79325044374602
2029-01-19,2.31895961670089,460.0,30.675,30.0,31.35,121,108,call,337.1700134277344,0.2717390189427013,30.674999999612034,0.3872224389240146,0.002721636614832288,194.972434416419,-16.064670122770526,231.62880576956763
2029-01-19,2.31895961670089,480.0,26.4,25.9,26.9,4,5,call,337.1700134277344,0.2706057987540379,26.399999999999967,0.3475664988152315,0.0026395428748036366,188.3028493536913,-15.212661685515114,210.53602712788566
2029-01-19,2.31895961670089,490.0,24.35,24.0,24.7,0,1,call,337.1700134277344,0.2693996495312865,24.350000000000072,0.32804331250823976,0.0025938088293496067,184.21545489364277,-14.718953085266351,200.02503426841753
2029-01-19,2.31895961670089,500.0,22.6,22.2,23.0,59,56,call,337.1700134277344,0.2691230220540337,22.60000000000069,0.31024750134376544,0.002537266028720852,180.01468212114122,-14.26894846866898,190.16895989682712
2029-01-19,2.31895961670089,510.0,20.875,20.55,21.2,10,15,call,337.1700134277344,0.26831761173107904,20.87500000000367,0.2925429548275493,0.00247929203174464,175.375101935705,-13.774165607714437,180.32626987066254
2029-01-19,2.31895961670089,520.0,19.45,18.95,19.95,3,21,call,337.1700134277344,0.26859109032808387,19.450000000009695,0.27685773484948684,0.0024131625722996907,170.87135180783994,-13.345358528595575,171.36677035378239
2029-01-19,2.31895961670089,530.0,18.05,17.6,18.5,1,40,call,337.1700134277344,0.26841942299537624,18.049999999979878,0.2613583526191032,0.0023465440406698398,166.04802723051375,-12.883239675766967,162.49460034212038
2029-01-19,2.31895961670089,550.0,15.45,15.05,15.85,120,1,call,337.1700134277344,0.26753813345317995,15.449999999999356,0.23178155547335913,0.002208617536589234,155.7748282662097,-11.918202918931126,145.3982813827581
2029-01-19,2.31895961670089,560.0,14.3,13.9,14.7,2,1,call,337.1700134277344,0.2672024223277237,14.3,0.21814711156717012,0.0021371671666270756,150.5462550520357,-11.445983770904466,137.40453624166082
2029-01-19,2.31895961670089,590.0,11.3,11.05,11.55,4,3,call,337.1700134277344,0.2660818038821639,11.300000000594094,0.18099148921832323,0.0019189443113623395,134.60730208364438,-10.05284330530389,115.3100416522579
2029-01-19,2.31895961670089,600.0,10.425,10.2,10.65,36,39,call,337.1700134277344,0.2655964389101689,10.42499999996658,0.16969972921653087,0.0018458231157876886,129.2419197664722,-9.595128245617458,108.51028884851456
2029-01-19,2.31895961670089,620.0,9.024999999999999,8.7,9.35,5,15,call,337.1700134277344,0.2660035649392403,9.024999997790559,0.15058828693135756,0.001704960094036864,119.561883397024,-8.816181187023066,96.81390815986536
2029-01-19,2.31895961670089,650.0,7.300000000000001,6.9,7.7,0,6,call,337.1700134277344,0.26679862280519157,7.299999999999945,0.1259933567219896,0.0015057373168739683,105.90680571293879,-7.744538676096455,81.58373981043546
2029-01-19,2.31895961670089,670.0,6.1,5.9,6.3,2,177,call,337.1700134277344,0.26477683628184684,6.100000000001353,0.10893954999379457,0.001369062375537642,95.56399484703653,-6.895502995023714,71.03239878297713
2029-01-19,2.31895961670089,5.0,0.075,0.0,0.15,31,15,put,337.1700134277344,1.1004554548911305,0.07499999999978378,-0.0003126358008762966,2.032559888827333e-06,0.5896670907594598,-0.13087764241176156,-0.4183667908304236
2029-01-19,2.31895961670089,25.0,0.135,0.01,0.26,33,13,put,337.1700134277344,0.6962667660416162,0.13500000000016477,-0.0009928805640765507,9.348061968486296e-06,1.715885565861922,-0.23437306426898757,-1.0893766228455224
2029-01-19,2.31895961670089,30.0,0.125,0.01,0.24,0,3,put,337.1700134277344,0.641285655383503,0.12499999999928352,-0.0010240085948038805,1.0441107197786689e-05,1.7651806267596821,-0.22087401993160802,-1.0905255248063834
2029-01-19,2.31895961670089,35.0,0.385,0.0,0.77,2,4,put,337.1700134277344,0.6886612246313585,0.3850000000000599,-0.0026007426812812845,2.272126896101974e-05,4.125050649072668,-0.5500121190634677,-2.9262776200410143
2029-01-19,2.31895961670089,100.0,0.53,0.2,0.86,5,3,put,337.1700134277344,0.40065172062708776,0.5300000000000596,-0.006500644263444812,8.861317154138487e-05,9.359580091669176,-0.6752400819664252,-6.311796029061428
2029-01-19,2.31895961670089,110.0,0.775,0.68,0.87,0,3,put,337.1700134277344,0.3945194773450289,0.7749999999989087,-0.009276284939851935,0.0001230337616983702,12.796282633395542,-0.8972977639958523,-9.050169184711429
2029-01-19,2.31895961670089,115.0,0.92,0.79,1.05,1,1,put,337.1700134277344,0.39135900344164054,0.9199999999258035,-0.010893838275742758,0.00014269624310501048,14.722411110131025,-1.0172455402934142,-10.651156827375797
2029-01-19,2.31895961670089,120.0,1.045,0.9,1.19,0,2,put,337.1700134277344,0.38599757613277086,1.0449999999864774,-0.01237441770709864,0.00016159742304906543,16.44409892021614,-1.112929493895979,-12.098667622254824
2029-01-19,2.31895961670089,125.0,1.115,1.01,1.22,60,2,put,337.1700134277344,0.3771038121637021,1.1149999996305646,-0.013434709901188394,0.00017759102161694012,17.655214587836294,-1.1590004359871313,-13.090019920186009
2029-01-19,2.31895961670089,130.0,1.395,1.19,1.6,0,2,put,337.1700134277344,0.37892782530440233,1.3950000001117109,-0.016270478908559274,0.00020836361208294212,20.814666033797547,-1.3633432596899238,-15.956570022126774
2029-01-19,2.31895961670089,135.0,1.495,1.18,1.81,0,7,put,337.1700134277344,0.3710296631266304,1.49499999996564,-0.017679920319085336,0.00022845487546273817,22.346017523629623,-1.4222930584505813,-17.290485171077126
2029-01-19,2.31895961670089,140.0,1.685,1.5,1.87,1,6,put,337.1700134277344,0.36687243598923586,1.6850000000260896,-0.019861205276342934,0.00025507496687834973,24.67027522160238,-1.5407461145545578,-19.436598531775925
2029-01-19,2.31895961670089,145.0,1.95,1.67,2.23,0,18,put,337.1700134277344,0.36495878133835036,1.9500000000079891,-0.022673615041570342,0.0002867848021036567,27.592498175381753,-1.7009557079069826,-22.250100028914503
2029-01-19,2.31895961670089,150.0,2.16,1.94,2.38,1,14,put,337.1700134277344,0.36036191176636473,2.159999999537718,-0.02510650856074634,0.0003164061549854322,30.059024166166637,-1.814749810820649,-24.63932120024808
2029-01-19,2.31895961670089,155.0,2.33,1.92,2.74,6,6,put,337.1700134277344,0.3541610469706094,2.3300000001309207,-0.02729739385942177,0.00034525814981795636,32.23560339817086,-1.896301535764927,-26.746561719790293
2029-01-19,2.31895961670089,160.0,2.635,2.39,2.88,0,3,put,337.1700134277344,0.3517023409267343,2.6349999999198817,-0.030565303769119773,0.0003819079470902894,35.409926625298525,-2.0508740943940778,-30.008969714452373
2029-01-19,2.31895961670089,165.0,2.875,2.6,3.15,0,6,put,337.1700134277344,0.3469023890360792,2.875000000078682,-0.033411806179262725,0.0004167140704969062,38.10978755074638,-2.15738028175979,-32.79115370306137
2029-01-19,2.31895961670089,170.0,3.2199999999999998,2.94,3.5,20,21,put,337.1700134277344,0.3443799444192148,3.220000000003171,-0.03708495508552055,0.0004572332376132453,41.5113365600956,-2.3114971250740317,-36.463169826473205
2029-01-19,2.31895961670089,180.0,3.925,3.6,4.25,0,3,put,337.1700134277344,0.33803486382690195,3.9249999999998884,-0.04471802539381267,0.0005421389496984151,48.31290774448539,-2.589538829522222,-44.06620919220253
2029-01-19,2.31895961670089,185.0,4.300000000000001,3.95,4.65,0,4,put,337.1700134277344,0.3346526187883213,4.299999999969924,-0.04879566319637851,0.0005872899684092346,51.81289785498479,-2.7209825245596977,-48.124057356869365
2029-01-19,2.31895961670089,190.0,4.7,4.5,4.9,3,6,put,337.1700134277344,0.3313350024348516,4.700000000316526,-0.053118253327321154,0.000634589332884796,55.43080135772209,-2.8512266335527627,-52.43140373221431
2029-01-19,2.31895961670089,195.0,5.175,4.85,5.5,0,7,put,337.1700134277344,0.3289054236550015,5.174999999999998,-0.0580025789482454,0.000685193095898499,59.41212492333321,-3.0003073374533114,-57.351883869763675
2029-01-19,2.31895961670089,200.0,5.725,5.5,5.95,20,133,put,337.1700134277344,0.3271858217342926,5.724999999560069,-0.06342161439021639,0.0007385707314497915,63.70560449565122,-3.1643135989509434,-62.86436684223102
2029-01-19,2.31895961670089,210.0,6.9,6.65,7.15,1,3,put,337.1700134277344,0.32325199666903576,6.899999999994205,-0.07489639975938837,0.0008496395237584215,72.404739463191,-3.468603656479771,-74.56109140406585
2029-01-19,2.31895961670089,220.0,8.15,7.9,8.4,2,6,put,337.1700134277344,0.31846110691757296,8.150000000017371,-0.08710591611179147,0.000966398590637516,81.13416303291366,-3.729362873702497,-87.00621207553792
2029-01-19,2.31895961670089,230.0,9.65,9.4,9.9,6,148,put,337.1700134277344,0.3149408332802283,9.649999999921997,-0.10096246203417694,0.0010894700406223717,90.45557454482638,-3.9970001858901707,-101.31885813467797
2029-01-19,2.31895961670089,240.0,11.350000000000001,10.9,11.8,14,24,put,337.1700134277344,0.31177705345186774,11.349999999999605,-0.11609221526061263,0.0012165848020534483,99.99484402347336,-4.241595961319232,-117.09079608541985
2029-01-19,2.31895961670089,250.0,13.425,13.05,13.8,1,354,put,337.1700134277344,0.3104184422554439,13.424999999985522,-0.1331100680803637,0.001344225803484499,110.0045921417398,-4.496867112027866,-135.20861808454788
2029-01-19,2.31895961670089,260.0,15.55,15.2,15.9,20,33,put,337.1700134277344,0.30766531009590653,15.550000000010101,-0.15055345682171428,0.0014738607648883061,119.543525990461,-4.669418838475515,-153.77510764210237
2029-01-19,2.31895961670089,270.0,17.9,17.65,18.15,22,96,put,337.1700134277344,0.3051524653178471,17.900000000001338,-0.16909058686998785,0.001602865813792484,128.94518257843973,-4.798674895821937,-173.7185415531922
2029-01-19,2.31895961670089,280.0,20.65,20.35,20.95,27,158,put,337.1700134277344,0.3040720688588894,20.65000000000003,-0.1890823644308623,0.0017252298045494182,138.29757133448618,-4.91250010683605,-195.72692441046976
2029-01-19,2.31895961670089,290.0,23.525,23.05,24.0,3,128,put,337.1700134277344,0.3022771569012786,23.525000000000002,-0.20959327967437608,0.0018459409592991832,147.10051979562178,-4.948384518858352,-218.43108248344947
2029-01-19,2.31895961670089,300.0,26.875,26.6,27.15,1,42,put,337.1700134277344,0.3021332688705336,26.8749999995433,-0.23126871363567478,0.0019533276399073193,155.58392271985213,-4.968116132524465,-243.14726451315352
2029-01-19,2.31895961670089,310.0,30.35,29.9,30.8,4,48,put,337.1700134277344,0.3012592983139227,30.349999999999298,-0.2532333658982236,0.0020570041775387917,163.36789233204783,-4.904756610257518,-268.37945155667325
2029-01-19,2.31895961670089,320.0,34.525,34.0,35.05,17,27,put,337.1700134277344,0.303140021743853,34.52500000158782,-0.27600081699996837,0.0021349193940512607,170.61445848547964,-4.854901212161964,-295.86260561718353
2029-01-19,2.31895961670089,330.0,38.475,38.1,38.85,5,83,put,337.1700134277344,0.30226669376344495,38.475000000001955,-0.29851468901978717,0.002221122081517217,176.9920655255766,-4.664703312674126,-322.6257244196771
2029-01-19,2.31895961670089,340.0,43.025000000000006,42.7,43.35,17,15,put,337.1700134277344,0.3034667235357144,43.02499999939823,-0.32122525547425124,0.0022831877849213236,182.6601374856423,-4.472668658804633,-350.9340111560004
2029-01-19,2.31895961670089,350.0,47.85,47.45,48.25,2,17,put,337.1700134277344,0.30486854941271724,47.849999999999994,-0.3437251830315348,0.0023334198327171272,187.5411528401758,-4.228859032808463,-379.7153166809843
2029-01-19,2.31895961670089,360.0,53.224999999999994,52.8,53.65,5,15,put,337.1700134277344,0.3079446245091323,53.22499999999997,-0.3656338958789412,0.002360226620053722,191.60966161511982,-3.98393296216108,-409.3097888813617
2029-01-19,2.31895961670089,370.0,58.6,58.0,59.2,5,20,put,337.1700134277344,0.30984100142699017,58.60000000000003,-0.3871810854852043,0.0023868781856873846,194.9665986753414,-3.6529448144875856,-438.6215919721654
2029-01-19,2.31895961670089,380.0,64.75,64.15,65.35,4,384,put,337.1700134277344,0.31459821560178475,64.75,-0.40730311583905576,0.0023817442183902693,197.53426775119553,-3.375487611968457,-468.61628005478656
2029-01-19,2.31895961670089,390.0,70.67500000000001,69.4,71.95,530,535,put,337.1700134277344,0.3171764907100861,70.67500000000003,-0.42728966274392466,0.0023864852036643304,199.54957536095776,-2.9856309944984987,-497.9832699307086
2029-01-19,2.31895961670089,400.0,77.15,76.05,78.25,30,38,put,337.1700134277344,0.32155849744291876,77.15,-0.4457795245555447,0.002370410735272366,200.94382652878133,-2.628418777323938,-527.4554539995377
2029-01-19,2.31895961670089,410.0,84.375,83.05,85.7,0,2,put,337.1700134277344,0.3287695250154456,84.37499999999994,-0.4619251371344252,0.002328232377681137,201.79432608393745,-2.3569072587805504,-556.8339276457718
2029-01-19,2.31895961670089,420.0,91.65,90.3,93.0,1,2,put,337.1700134277344,0.3353965553705492,91.6500000000125,-0.4771985921643304,0.002287782772428909,202.28536128090323,-2.0479938843369094,-585.6464235493746
2029-01-19,2.31895961670089,430.0,99.05,97.6,100.5,1,5,put,337.1700134277344,0.34188813076555735,99.04999999939818,-0.4914784164865288,0.002246385720702686,202.46941395389544,-1.7213880912127393,-613.971885803985
2029-01-19,2.31895961670089,460.0,124.5,122.5,126.5,0,1,put,337.1700134277344,0.3735653456323058,124.50000000003747,-0.5202279886852309,0.0020514817308708196,202.03439310784321,-1.2550872391267691,-695.4682283563326
2029-01-19,2.31895961670089,640.0,302.5,300.0,305.0,0,0,put,337.1700134277344,0.6215324455923543,302.5,-0.5282173100032526,0.0012311152881505072,201.7221561278979,-2.4517449904758672,-1114.4897598030252
